unsigned char BridgeINIT_flt[] = {
  0x4e, 0x71, 0x61, 0x00, 0x00, 0x02, 0x06, 0x97, 0x00, 0x00, 0x0c, 0x40,
  0x4e, 0x75, 0x00, 0x00, 0x00, 0x00, 0x00, 0x00, 0x00, 0x00, 0x00, 0x00,
  0x4f, 0xef, 0xff, 0xf4, 0x48, 0xe7, 0x1f, 0x3a, 0x2c, 0x6f, 0x00, 0x3c,
  0x28, 0x6f, 0x00, 0x40, 0x20, 0x6f, 0x00, 0x34, 0x53, 0x88, 0x2f, 0x48,
  0x00, 0x26, 0x4a, 0x16, 0x67, 0x00, 0x01, 0x5e, 0x76, 0x00, 0x20, 0x2f,
  0x00, 0x38, 0x20, 0x6f, 0x00, 0x34, 0x47, 0xf0, 0x08, 0xfc, 0x24, 0x6f,
  0x00, 0x26, 0x3c, 0x3c, 0x05, 0x20, 0x3a, 0x3c, 0x20, 0x31, 0x74, 0x00,
  0x72, 0x00, 0x28, 0x0e, 0x1e, 0x1e, 0x70, 0x7f, 0xc0, 0x87, 0xe5, 0xa8,
  0x82, 0x80, 0x5e, 0x82, 0x4a, 0x07, 0x6d, 0xee, 0x20, 0x01, 0xe4, 0x88,
  0xd5, 0xc0, 0x1e, 0x01, 0x02, 0x07, 0x00, 0x03, 0xb5, 0xef, 0x00, 0x34,
  0x65, 0x00, 0x00, 0xfc, 0xb7, 0xca, 0x65, 0x64, 0x72, 0x03, 0xc2, 0x87,
  0xd2, 0x81, 0xd2, 0x81, 0x70, 0x00, 0x10, 0x12, 0xe1, 0x48, 0x48, 0x40,
  0x42, 0x40, 0x74, 0x00, 0x14, 0x2a, 0x00, 0x01, 0x48, 0x42, 0x42, 0x42,
  0x84, 0x80, 0x70, 0x00, 0x10, 0x2a, 0x00, 0x02, 0xe1, 0x88, 0x80, 0x82,
  0x80, 0x2a, 0x00, 0x03, 0xd0, 0xb4, 0x18, 0x00, 0x4a, 0x83, 0x67, 0x78,
  0x90, 0x8a, 0x15, 0x40, 0x00, 0x03, 0x22, 0x00, 0xe0, 0x89, 0x15, 0x41,
  0x00, 0x02, 0x22, 0x00, 0x42, 0x41, 0x48, 0x41, 0x15, 0x41, 0x00, 0x01,
  0x42, 0x40, 0x48, 0x40, 0xe0, 0x48, 0x14, 0x80, 0x4a, 0x16, 0x66, 0x00,
  0xff, 0x7a, 0x4c, 0xdf, 0x5c, 0xf8, 0x4f, 0xef, 0x00, 0x0c, 0x4e, 0x75,
  0x3f, 0x46, 0x00, 0x2a, 0x3f, 0x45, 0x00, 0x2c, 0x3f, 0x7c, 0x33, 0x36,
  0x00, 0x2e, 0x48, 0x6f, 0x00, 0x2a, 0xab, 0xff, 0x72, 0x03, 0xc2, 0x87,
  0xd2, 0x81, 0xd2, 0x81, 0x70, 0x00, 0x10, 0x12, 0xe1, 0x48, 0x48, 0x40,
  0x42, 0x40, 0x74, 0x00, 0x14, 0x2a, 0x00, 0x01, 0x48, 0x42, 0x42, 0x42,
  0x84, 0x80, 0x70, 0x00, 0x10, 0x2a, 0x00, 0x02, 0xe1, 0x88, 0x80, 0x82,
  0x80, 0x2a, 0x00, 0x03, 0xd0, 0xb4, 0x18, 0x00, 0x4a, 0x83, 0x66, 0x88,
  0x15, 0x40, 0x00, 0x03, 0x22, 0x00, 0xe0, 0x89, 0x15, 0x41, 0x00, 0x02,
  0x22, 0x00, 0x42, 0x41, 0x48, 0x41, 0x15, 0x41, 0x00, 0x01, 0x42, 0x40,
  0x48, 0x40, 0xe0, 0x48, 0x14, 0x80, 0x4a, 0x16, 0x66, 0x00, 0xff, 0x04,
  0x2c, 0x44, 0x54, 0x8e, 0x76, 0x01, 0x4a, 0x16, 0x67, 0x80, 0x20, 0x2f,
  0x00, 0x38, 0x20, 0x6f, 0x00, 0x34, 0x47, 0xf0, 0x08, 0xfc, 0x24, 0x6f,
  0x00, 0x26, 0x3c, 0x3c, 0x05, 0x20, 0x3a, 0x3c, 0x20, 0x31, 0x60, 0x00,
  0xfe, 0xde, 0x3f, 0x46, 0x00, 0x2a, 0x3f, 0x45, 0x00, 0x2c, 0x3f, 0x7c,
  0x33, 0x35, 0x00, 0x2e, 0x48, 0x6f, 0x00, 0x2a, 0xab, 0xff, 0xb7, 0xca,
  0x64, 0x00, 0xfe, 0xf2, 0x60, 0x00, 0xff, 0x52, 0x52, 0x8e, 0x76, 0x01,
  0x4a, 0x16, 0x66, 0xbe, 0x60, 0x00, 0xff, 0x3c, 0x4e, 0x75, 0x97, 0x52,
  0x65, 0x74, 0x72, 0x6f, 0x36, 0x38, 0x41, 0x70, 0x70, 0x6c, 0x79, 0x52,
  0x65, 0x6c, 0x6f, 0x63, 0x61, 0x74, 0x69, 0x6f, 0x6e, 0x73, 0x00, 0x00,
  0x4e, 0x56, 0xff, 0xe0, 0x48, 0xe7, 0x1f, 0x38, 0x4a, 0x78, 0x02, 0x8e,
  0x6e, 0x00, 0x01, 0x0a, 0x42, 0x04, 0x20, 0x3c, 0x00, 0x00, 0x01, 0xce,
  0x41, 0xfa, 0xff, 0xf8, 0x26, 0x08, 0x02, 0x83, 0x00, 0xff, 0xff, 0xff,
  0x96, 0x80, 0x24, 0x43, 0xd5, 0xfc, 0x00, 0x00, 0x00, 0x0e, 0x66, 0x1c,
  0x4a, 0x92, 0x67, 0x00, 0x02, 0x08, 0x20, 0x6a, 0x00, 0x04, 0xb0, 0xfc,
  0x00, 0x00, 0x67, 0x02, 0xa0, 0x29, 0x4c, 0xee, 0x1c, 0xf8, 0xff, 0xc0,
  0x4e, 0x5e, 0x4e, 0x75, 0x42, 0x2a, 0x00, 0x08, 0x15, 0x44, 0x00, 0x09,
  0x41, 0xf9, 0x00, 0x00, 0x00, 0x00, 0x2c, 0x08, 0x02, 0x86, 0x00, 0xff,
  0xff, 0xff, 0x47, 0xf9, 0x00, 0x00, 0x8b, 0xbc, 0x20, 0x0b, 0x02, 0x80,
  0x00, 0xff, 0xff, 0xff, 0x26, 0x40, 0x41, 0xf9, 0x00, 0x00, 0x95, 0x40,
  0x2a, 0x08, 0x02, 0x85, 0x00, 0xff, 0xff, 0xff, 0x41, 0xf9, 0x00, 0x00,
  0x95, 0x40, 0x22, 0x08, 0x02, 0x81, 0x00, 0xff, 0xff, 0xff, 0x41, 0xf9,
  0x00, 0x00, 0x95, 0x50, 0x2e, 0x08, 0x02, 0x87, 0x00, 0xff, 0xff, 0xff,
  0x20, 0x06, 0xd0, 0x83, 0x2d, 0x40, 0xff, 0xe2, 0x49, 0xf9, 0x00, 0x00,
  0x00, 0x00, 0xb8, 0xfc, 0x00, 0x00, 0x67, 0x00, 0x01, 0x24, 0x20, 0x0d,
  0x2a, 0x78, 0x09, 0x04, 0x20, 0x40, 0x91, 0xc7, 0x22, 0x08, 0x2d, 0x43,
  0xff, 0xf0, 0x2d, 0x41, 0xff, 0xf4, 0x2d, 0x48, 0xff, 0xf8, 0x2d, 0x40,
  0xff, 0xfc, 0x70, 0x01, 0xb0, 0x8c, 0x67, 0x00, 0x01, 0x24, 0x22, 0x05,
  0x92, 0x86, 0x20, 0x2e, 0xff, 0xe2, 0xd0, 0x81, 0x20, 0x43, 0xd1, 0xfc,
  0x00, 0x00, 0x00, 0x18, 0x48, 0x6e, 0xff, 0xf0, 0x2f, 0x00, 0x2f, 0x01,
  0x2f, 0x2e, 0xff, 0xe2, 0x4e, 0x90, 0x4f, 0xef, 0x00, 0x10, 0x4a, 0x04,
  0x66, 0x10, 0x4e, 0xb9, 0x00, 0x00, 0x00, 0x0c, 0x4c, 0xee, 0x1c, 0xf8,
  0xff, 0xc0, 0x4e, 0x5e, 0x4e, 0x75, 0xa0, 0xbd, 0x4e, 0xb9, 0x00, 0x00,
  0x00, 0x0c, 0x60, 0xec, 0x30, 0x3c, 0xa0, 0x90, 0xa3, 0x46, 0x30, 0x3c,
  0xa0, 0x55, 0xa3, 0x46, 0x26, 0x08, 0x30, 0x3c, 0xa0, 0xbd, 0xa3, 0x46,
  0x28, 0x08, 0x30, 0x3c, 0xa8, 0x9f, 0xa3, 0x46, 0xb1, 0xc4, 0x56, 0xc4,
  0x44, 0x04, 0xb1, 0xc3, 0x67, 0x00, 0xfe, 0xd4, 0x2a, 0x3c, 0x00, 0x00,
  0x02, 0xfc, 0x41, 0xfa, 0xff, 0xf8, 0x20, 0x08, 0xa0, 0x55, 0x26, 0x00,
  0x96, 0x85, 0x24, 0x43, 0xd5, 0xfc, 0x00, 0x00, 0x00, 0x0e, 0x66, 0x00,
  0x01, 0x34, 0x4a, 0x92, 0x66, 0x00, 0xfe, 0xd4, 0x42, 0x40, 0x10, 0x04,
  0x00, 0x40, 0x01, 0x00, 0x35, 0x40, 0x00, 0x08, 0x41, 0xf9, 0x00, 0x00,
  0x00, 0x00, 0x20, 0x08, 0xa0, 0x55, 0x2c, 0x00, 0x41, 0xf9, 0x00, 0x00,
  0x8b, 0xbc, 0x20, 0x08, 0xa0, 0x55, 0x26, 0x40, 0x41, 0xf9, 0x00, 0x00,
  0x8b, 0xbc, 0x20, 0x08, 0xa0, 0x55, 0x41, 0xf9, 0x00, 0x00, 0x95, 0x40,
  0x20, 0x08, 0xa0, 0x55, 0x2a, 0x00, 0x41, 0xf9, 0x00, 0x00, 0x95, 0x40,
  0x20, 0x08, 0xa0, 0x55, 0x22, 0x00, 0x41, 0xf9, 0x00, 0x00, 0x95, 0x50,
  0x20, 0x08, 0x2d, 0x41, 0xff, 0xe6, 0xa0, 0x55, 0x2e, 0x00, 0x22, 0x2e,
  0xff, 0xe6, 0x20, 0x06, 0xd0, 0x83, 0x2d, 0x40, 0xff, 0xe2, 0x49, 0xf9,
  0x00, 0x00, 0x00, 0x00, 0xb8, 0xfc, 0x00, 0x00, 0x66, 0x00, 0xfe, 0xe0,
  0x4a, 0x92, 0x67, 0x00, 0x01, 0x14, 0x22, 0x03, 0x70, 0x00, 0x91, 0xc8,
  0x2d, 0x43, 0xff, 0xf0, 0x2d, 0x41, 0xff, 0xf4, 0x2d, 0x48, 0xff, 0xf8,
  0x2d, 0x40, 0xff, 0xfc, 0x70, 0x01, 0xb0, 0x8c, 0x66, 0x00, 0xfe, 0xe0,
  0x59, 0x8f, 0x2f, 0x3c, 0x52, 0x45, 0x4c, 0x41, 0x3f, 0x3c, 0x00, 0x01,
  0xa9, 0xa0, 0x24, 0x57, 0x58, 0x8f, 0xb4, 0xfc, 0x00, 0x00, 0x67, 0x00,
  0x01, 0x12, 0x20, 0x12, 0x22, 0x0b, 0x92, 0x86, 0x20, 0x43, 0xd1, 0xfc,
  0x00, 0x00, 0x00, 0x18, 0x48, 0x6e, 0xff, 0xf0, 0x2f, 0x00, 0x2f, 0x01,
  0x2f, 0x2e, 0xff, 0xe2, 0x4e, 0x90, 0x4f, 0xef, 0x00, 0x10, 0x4a, 0x04,
  0x67, 0x00, 0xfe, 0xc8, 0x60, 0x00, 0xfe, 0xd4, 0x42, 0x40, 0x10, 0x04,
  0x35, 0x40, 0x00, 0x08, 0x41, 0xf9, 0x00, 0x00, 0x00, 0x00, 0x2c, 0x08,
  0x02, 0x86, 0x00, 0xff, 0xff, 0xff, 0x47, 0xf9, 0x00, 0x00, 0x8b, 0xbc,
  0x20, 0x0b, 0x02, 0x80, 0x00, 0xff, 0xff, 0xff, 0x26, 0x40, 0x41, 0xf9,
  0x00, 0x00, 0x95, 0x40, 0x2a, 0x08, 0x02, 0x85, 0x00, 0xff, 0xff, 0xff,
  0x41, 0xf9, 0x00, 0x00, 0x95, 0x40, 0x22, 0x08, 0x02, 0x81, 0x00, 0xff,
  0xff, 0xff, 0x41, 0xf9, 0x00, 0x00, 0x95, 0x50, 0x2e, 0x08, 0x02, 0x87,
  0x00, 0xff, 0xff, 0xff, 0x60, 0x00, 0xfe, 0x0e, 0x15, 0x7c, 0x00, 0x01,
  0x00, 0x08, 0x15, 0x44, 0x00, 0x09, 0x41, 0xf9, 0x00, 0x00, 0x00, 0x00,
  0x20, 0x08, 0xa0, 0x55, 0x2c, 0x00, 0x41, 0xf9, 0x00, 0x00, 0x8b, 0xbc,
  0x20, 0x08, 0xa0, 0x55, 0x26, 0x40, 0x41, 0xf9, 0x00, 0x00, 0x8b, 0xbc,
  0x20, 0x08, 0xa0, 0x55, 0x41, 0xf9, 0x00, 0x00, 0x95, 0x40, 0x20, 0x08,
  0xa0, 0x55, 0x2a, 0x00, 0x41, 0xf9, 0x00, 0x00, 0x95, 0x40, 0x20, 0x08,
  0xa0, 0x55, 0x22, 0x00, 0x41, 0xf9, 0x00, 0x00, 0x95, 0x50, 0x20, 0x08,
  0x2d, 0x41, 0xff, 0xe6, 0xa0, 0x55, 0x2e, 0x00, 0x22, 0x2e, 0xff, 0xe6,
  0x60, 0x00, 0xfe, 0xd4, 0x9e, 0x81, 0x59, 0x8f, 0x2d, 0x41, 0xff, 0xe6,
  0x2e, 0xb8, 0x02, 0xaa, 0x20, 0x17, 0x58, 0x8f, 0x22, 0x2e, 0xff, 0xe6,
  0x4a, 0x80, 0x67, 0x06, 0xb0, 0xae, 0xff, 0xe2, 0x63, 0x3a, 0x20, 0x07,
  0x2d, 0x41, 0xff, 0xe6, 0xa7, 0x1e, 0x22, 0x2e, 0xff, 0xe6, 0x24, 0x88,
  0x91, 0xc1, 0x22, 0x03, 0x70, 0x00, 0x60, 0x00, 0xfd, 0x9e, 0x3d, 0x7c,
  0x05, 0x20, 0xff, 0xea, 0x3d, 0x7c, 0x20, 0x32, 0xff, 0xec, 0x3d, 0x7c,
  0x39, 0x38, 0xff, 0xee, 0x48, 0x6e, 0xff, 0xea, 0xab, 0xff, 0x20, 0x12,
  0x22, 0x0b, 0x92, 0x86, 0x60, 0x00, 0xfe, 0xd6, 0x20, 0x07, 0x2d, 0x41,
  0xff, 0xe6, 0xa3, 0x1e, 0x22, 0x2e, 0xff, 0xe6, 0x24, 0x88, 0x91, 0xc1,
  0x22, 0x03, 0x70, 0x00, 0x60, 0x00, 0xfd, 0x64, 0x4e, 0x75, 0x8f, 0x52,
  0x65, 0x74, 0x72, 0x6f, 0x36, 0x38, 0x52, 0x65, 0x6c, 0x6f, 0x63, 0x61,
  0x74, 0x65, 0x00, 0x00, 0x20, 0x2f, 0x00, 0x08, 0xa1, 0x1e, 0x20, 0x08,
  0x67, 0x02, 0x4e, 0x75, 0x20, 0x6f, 0x00, 0x04, 0x72, 0x0c, 0x20, 0x81,
  0x4e, 0x75, 0x89, 0x5f, 0x6d, 0x61, 0x6c, 0x6c, 0x6f, 0x63, 0x5f, 0x72,
  0x00, 0x00, 0x2f, 0x2f, 0x00, 0x0c, 0x2f, 0x2f, 0x00, 0x0c, 0x4e, 0xb9,
  0x00, 0x00, 0x7c, 0x50, 0x50, 0x8f, 0xa3, 0x1e, 0x20, 0x08, 0x67, 0x02,
  0x4e, 0x75, 0x20, 0x6f, 0x00, 0x04, 0x72, 0x0c, 0x20, 0x81, 0x4e, 0x75,
  0x89, 0x5f, 0x63, 0x61, 0x6c, 0x6c, 0x6f, 0x63, 0x5f, 0x72, 0x00, 0x00,
  0x20, 0x6f, 0x00, 0x08, 0xb0, 0xfc, 0x00, 0x00, 0x67, 0x02, 0xa0, 0x1f,
  0x4e, 0x75, 0x87, 0x5f, 0x66, 0x72, 0x65, 0x65, 0x5f, 0x72, 0x00, 0x00,
  0x48, 0xe7, 0x1c, 0x00, 0x26, 0x2f, 0x00, 0x14, 0x67, 0x5c, 0x55, 0x8f,
  0x3e, 0xb8, 0x02, 0x20, 0x54, 0x8f, 0x20, 0x2f, 0x00, 0x18, 0x20, 0x43,
  0xa0, 0x20, 0x55, 0x8f, 0x3e, 0xb8, 0x02, 0x20, 0x30, 0x17, 0x54, 0x8f,
  0x66, 0x0a, 0x28, 0x03, 0x20, 0x04, 0x4c, 0xdf, 0x00, 0x38, 0x4e, 0x75,
  0x59, 0x8f, 0x2f, 0x03, 0x4e, 0xb9, 0x00, 0x00, 0x08, 0x3c, 0x2a, 0x17,
  0x58, 0x8f, 0xba, 0xaf, 0x00, 0x18, 0x64, 0x2c, 0x20, 0x2f, 0x00, 0x18,
  0xa1, 0x1e, 0x28, 0x08, 0x67, 0x22, 0x2f, 0x05, 0x2f, 0x03, 0x2f, 0x08,
  0x4e, 0xb9, 0x00, 0x00, 0x0c, 0xf4, 0x4f, 0xef, 0x00, 0x0c, 0x20, 0x04,
  0x4c, 0xdf, 0x00, 0x38, 0x4e, 0x75, 0x20, 0x2f, 0x00, 0x18, 0xa1, 0x1e,
  0x28, 0x08, 0x66, 0xb8, 0x20, 0x6f, 0x00, 0x10, 0x70, 0x0c, 0x20, 0x80,
  0x78, 0x00, 0x20, 0x04, 0x4c, 0xdf, 0x00, 0x38, 0x4e, 0x75, 0x8a, 0x5f,
  0x72, 0x65, 0x61, 0x6c, 0x6c, 0x6f, 0x63, 0x5f, 0x72, 0x00, 0x00, 0x00,
  0xa9, 0xf4, 0x60, 0xfe, 0x4e, 0x75, 0x85, 0x5f, 0x65, 0x78, 0x69, 0x74,
  0x00, 0x00, 0x4e, 0x56, 0xff, 0xfc, 0x20, 0x2e, 0x00, 0x0c, 0x22, 0x2e,
  0x00, 0x14, 0x2d, 0x41, 0xff, 0xfc, 0x74, 0x09, 0xb4, 0x80, 0x6c, 0x20,
  0x55, 0x8f, 0x06, 0x40, 0xff, 0xf6, 0x3f, 0x00, 0x48, 0x6e, 0xff, 0xfc,
  0x2f, 0x2e, 0x00, 0x10, 0x4e, 0xb9, 0x00, 0x00, 0x08, 0xac, 0x54, 0x8f,
  0x20, 0x2e, 0xff, 0xfc, 0x4e, 0x5e, 0x4e, 0x75, 0x2f, 0x01, 0x2f, 0x2e,
  0x00, 0x10, 0x2f, 0x00, 0x4e, 0xb9, 0x00, 0x00, 0x08, 0x14, 0x4f, 0xef,
  0x00, 0x0c, 0x4e, 0x5e, 0x4e, 0x75, 0x88, 0x5f, 0x77, 0x72, 0x69, 0x74,
  0x65, 0x5f, 0x72, 0x00, 0x00, 0x00, 0x4e, 0x56, 0xff, 0xfc, 0x20, 0x2e,
  0x00, 0x0c, 0x22, 0x2e, 0x00, 0x14, 0x2d, 0x41, 0xff, 0xfc, 0x74, 0x09,
  0xb4, 0x80, 0x6c, 0x20, 0x55, 0x8f, 0x06, 0x40, 0xff, 0xf6, 0x3f, 0x00,
  0x48, 0x6e, 0xff, 0xfc, 0x2f, 0x2e, 0x00, 0x10, 0x4e, 0xb9, 0x00, 0x00,
  0x08, 0xa8, 0x54, 0x8f, 0x20, 0x2e, 0xff, 0xfc, 0x4e, 0x5e, 0x4e, 0x75,
  0x2f, 0x01, 0x2f, 0x2e, 0x00, 0x10, 0x2f, 0x00, 0x4e, 0xb9, 0x00, 0x00,
  0x08, 0x28, 0x4f, 0xef, 0x00, 0x0c, 0x4e, 0x5e, 0x4e, 0x75, 0x87, 0x5f,
  0x72, 0x65, 0x61, 0x64, 0x5f, 0x72, 0x00, 0x00, 0x4e, 0x56, 0xff, 0xfc,
  0x2f, 0x04, 0x2f, 0x03, 0x70, 0x09, 0xb0, 0xae, 0x00, 0x0c, 0x6d, 0x0e,
  0x70, 0x00, 0x26, 0x2e, 0xff, 0xf4, 0x28, 0x2e, 0xff, 0xf8, 0x4e, 0x5e,
  0x4e, 0x75, 0x36, 0x2e, 0x00, 0x0e, 0x06, 0x43, 0xff, 0xf6, 0x55, 0x8f,
  0x3f, 0x03, 0x48, 0x6e, 0xff, 0xfe, 0x4e, 0xb9, 0x00, 0x00, 0x09, 0x56,
  0x38, 0x17, 0x3f, 0x03, 0x4e, 0xb9, 0x00, 0x00, 0x08, 0x84, 0x54, 0x8f,
  0x4a, 0x44, 0x66, 0xcc, 0x55, 0x8f, 0x42, 0xa7, 0x3f, 0x2e, 0xff, 0xfe,
  0x4e, 0xb9, 0x00, 0x00, 0x08, 0x58, 0x54, 0x8f, 0x70, 0x00, 0x26, 0x2e,
  0xff, 0xf4, 0x28, 0x2e, 0xff, 0xf8, 0x4e, 0x5e, 0x4e, 0x75, 0x88, 0x5f,
  0x63, 0x6c, 0x6f, 0x73, 0x65, 0x5f, 0x72, 0x00, 0x00, 0x00, 0x70, 0xff,
  0x4e, 0x75, 0x88, 0x5f, 0x66, 0x73, 0x74, 0x61, 0x74, 0x5f, 0x72, 0x00,
  0x00, 0x00, 0x4e, 0x56, 0xff, 0xfc, 0x2f, 0x03, 0x72, 0x09, 0xb2, 0xae,
  0x00, 0x0c, 0x6c, 0x4a, 0x72, 0x02, 0xb2, 0xae, 0x00, 0x14, 0x65, 0x10,
  0x20, 0x2e, 0x00, 0x14, 0xd0, 0x80, 0x41, 0xf9, 0x00, 0x00, 0x8e, 0x46,
  0x30, 0x30, 0x08, 0x00, 0x36, 0x2e, 0x00, 0x0e, 0x06, 0x43, 0xff, 0xf6,
  0x55, 0x8f, 0x3f, 0x03, 0x3f, 0x00, 0x2f, 0x2e, 0x00, 0x10, 0x4e, 0xb9,
  0x00, 0x00, 0x09, 0x26, 0x3f, 0x03, 0x48, 0x6e, 0xff, 0xfc, 0x4e, 0xb9,
  0x00, 0x00, 0x08, 0xfa, 0x54, 0x8f, 0x20, 0x2e, 0xff, 0xfc, 0x26, 0x2e,
  0xff, 0xf8, 0x4e, 0x5e, 0x4e, 0x75, 0x70, 0xff, 0x26, 0x2e, 0xff, 0xf8,
  0x4e, 0x5e, 0x4e, 0x75, 0x88, 0x5f, 0x6c, 0x73, 0x65, 0x65, 0x6b, 0x5f,
  0x72, 0x00, 0x00, 0x00, 0x70, 0x2a, 0xb0, 0xaf, 0x00, 0x08, 0x67, 0x04,
  0x70, 0xff, 0x4e, 0x75, 0xa9, 0xf4, 0x60, 0xfe, 0x4e, 0x75, 0x87, 0x5f,
  0x6b, 0x69, 0x6c, 0x6c, 0x5f, 0x72, 0x00, 0x00, 0x70, 0x2a, 0x4e, 0x75,
  0x89, 0x5f, 0x67, 0x65, 0x74, 0x70, 0x69, 0x64, 0x5f, 0x72, 0x00, 0x00,
  0x72, 0x09, 0xb2, 0xaf, 0x00, 0x08, 0x5c, 0xc0, 0x48, 0x80, 0x48, 0xc0,
  0x44, 0x80, 0x4e, 0x75, 0x89, 0x5f, 0x69, 0x73, 0x61, 0x74, 0x74, 0x79,
  0x5f, 0x72, 0x00, 0x00, 0x70, 0xff, 0x4e, 0x75, 0x8d, 0x5f, 0x63, 0x6f,
  0x6e, 0x73, 0x6f, 0x6c, 0x65, 0x77, 0x72, 0x69, 0x74, 0x65, 0x00, 0x00,
  0x70, 0xff, 0x4e, 0x75, 0x8c, 0x5f, 0x63, 0x6f, 0x6e, 0x73, 0x6f, 0x6c,
  0x65, 0x72, 0x65, 0x61, 0x64, 0x00, 0x00, 0x00, 0x22, 0x5f, 0x20, 0x5f,
  0xa0, 0x21, 0x2e, 0x80, 0x6a, 0x02, 0x42, 0x97, 0x4e, 0xd1, 0x8a, 0x47,
  0x45, 0x54, 0x50, 0x54, 0x52, 0x53, 0x49, 0x5a, 0x45, 0x00, 0x00, 0x00,
  0x4e, 0x56, 0xff, 0xc0, 0x20, 0x4f, 0x31, 0x6e, 0x00, 0x08, 0x00, 0x16,
  0x21, 0x6e, 0x00, 0x0a, 0x00, 0x12, 0xa0, 0x13, 0x3d, 0x40, 0x00, 0x0e,
  0x4e, 0x5e, 0x22, 0x5f, 0x5c, 0x8f, 0x4e, 0xd1, 0x88, 0x46, 0x4c, 0x55,
  0x53, 0x48, 0x56, 0x4f, 0x4c, 0x00, 0x00, 0x00, 0x4e, 0x56, 0xff, 0xce,
  0x20, 0x4f, 0x31, 0x6e, 0x00, 0x08, 0x00, 0x18, 0xa0, 0x01, 0x3d, 0x40,
  0x00, 0x0a, 0x4e, 0x5e, 0x20, 0x5f, 0x54, 0x8f, 0x4e, 0xd0, 0x87, 0x46,
  0x53, 0x43, 0x4c, 0x4f, 0x53, 0x45, 0x00, 0x00, 0x51, 0xc1, 0x60, 0x02,
  0x50, 0xc1, 0x4e, 0x56, 0xff, 0xce, 0x20, 0x4f, 0x21, 0x6e, 0x00, 0x08,
  0x00, 0x20, 0x31, 0x6e, 0x00, 0x10, 0x00, 0x18, 0x22, 0x6e, 0x00, 0x0c,
  0x21, 0x51, 0x00, 0x24, 0x42, 0x68, 0x00, 0x2c, 0x42, 0xa8, 0x00, 0x2e,
  0x4a, 0x01, 0x66, 0x04, 0xa0, 0x02, 0x60, 0x02, 0xa0, 0x03, 0x3d, 0x40,
  0x00, 0x12, 0x22, 0x6e, 0x00, 0x0c, 0x22, 0xa8, 0x00, 0x28, 0x4e, 0x5e,
  0x22, 0x5f, 0x4f, 0xef, 0x00, 0x0a, 0x4e, 0xd1, 0x86, 0x46, 0x53, 0x52,
  0x45, 0x41, 0x44, 0x00, 0x00, 0x00, 0x4e, 0x56, 0xff, 0xce, 0x20, 0x4f,
  0x31, 0x6e, 0x00, 0x0c, 0x00, 0x18, 0xa0, 0x18, 0x3d, 0x40, 0x00, 0x0e,
  0x22, 0x6e, 0x00, 0x08, 0x22, 0xa8, 0x00, 0x2e, 0x4e, 0x5e, 0x22, 0x5f,
  0x5c, 0x8f, 0x4e, 0xd1, 0x87, 0x47, 0x45, 0x54, 0x46, 0x50, 0x4f, 0x53,
  0x00, 0x00, 0x4e, 0x56, 0xff, 0xce, 0x20, 0x4f, 0x31, 0x6e, 0x00, 0x0e,
  0x00, 0x18, 0x31, 0x6e, 0x00, 0x0c, 0x00, 0x2c, 0x21, 0x6e, 0x00, 0x08,
  0x00, 0x2e, 0xa0, 0x44, 0x3d, 0x40, 0x00, 0x10, 0x4e, 0x5e, 0x22, 0x5f,
  0x50, 0x8f, 0x4e, 0xd1, 0x87, 0x53, 0x45, 0x54, 0x46, 0x50, 0x4f, 0x53,
  0x00, 0x00, 0x22, 0x5f, 0x72, 0x00, 0x32, 0x2f, 0x00, 0x04, 0x20, 0x78,
  0x03, 0x4e, 0x30, 0x38, 0x03, 0xf6, 0x6b, 0x04, 0x82, 0xc0, 0x60, 0x04,
  0x82, 0xfc, 0x00, 0x5e, 0x48, 0x41, 0x55, 0x41, 0x66, 0x14, 0x30, 0x2f,
  0x00, 0x04, 0xb0, 0x50, 0x64, 0x0c, 0x20, 0x70, 0x00, 0x14, 0x30, 0x28,
  0x00, 0x4e, 0x72, 0x00, 0x60, 0x06, 0x70, 0x00, 0x32, 0x3c, 0xff, 0xcd,
  0x20, 0x57, 0x30, 0x80, 0x5c, 0x4f, 0x3e, 0x81, 0x4e, 0xd1, 0x8a, 0x47,
  0x45, 0x54, 0x56, 0x52, 0x45, 0x46, 0x4e, 0x55, 0x4d, 0x00, 0x00, 0x00,
  0x4e, 0x56, 0xfd, 0x9c, 0x48, 0xe7, 0x18, 0x38, 0x55, 0x8f, 0x42, 0x67,
  0x42, 0xa7, 0x48, 0x79, 0x00, 0x00, 0x8e, 0x50, 0x26, 0x0e, 0x06, 0x83,
  0xff, 0xff, 0xfd, 0xba, 0x2f, 0x03, 0x70, 0x01, 0xaa, 0x52, 0x30, 0x17,
  0x54, 0x8f, 0x66, 0x00, 0x02, 0x2c, 0x55, 0x8f, 0x2f, 0x03, 0x1f, 0x3c,
  0x00, 0x01, 0x48, 0x6e, 0xfd, 0x9e, 0x70, 0x02, 0xaa, 0x52, 0x30, 0x17,
  0x54, 0x8f, 0x66, 0x00, 0x02, 0x14, 0x2d, 0x7c, 0x00, 0x00, 0x00, 0xff,
  0xfd, 0xa2, 0x45, 0xee, 0xfe, 0x00, 0x48, 0x78, 0x01, 0x00, 0x42, 0xa7,
  0x2f, 0x0a, 0x4e, 0xb9, 0x00, 0x00, 0x0d, 0x64, 0x55, 0x8f, 0x3f, 0x2e,
  0xfd, 0x9e, 0x48, 0x6e, 0xfd, 0xa2, 0x2f, 0x0a, 0x4e, 0xb9, 0x00, 0x00,
  0x08, 0xa8, 0x38, 0x17, 0x3f, 0x2e, 0xfd, 0x9e, 0x47, 0xf9, 0x00, 0x00,
  0x08, 0x84, 0x4e, 0x93, 0x2f, 0x03, 0x70, 0x06, 0xaa, 0x52, 0x4f, 0xef,
  0x00, 0x0e, 0x4a, 0x44, 0x67, 0x08, 0x0c, 0x44, 0xff, 0xd9, 0x66, 0x00,
  0x01, 0xc4, 0x20, 0x4e, 0xd1, 0xee, 0xfd, 0xa2, 0x42, 0x28, 0xfe, 0x00,
  0x48, 0x78, 0x00, 0x07, 0x48, 0x79, 0x00, 0x00, 0x8e, 0x62, 0x2f, 0x0a,
  0x49, 0xf9, 0x00, 0x00, 0x0e, 0xbe, 0x4e, 0x94, 0x4f, 0xef, 0x00, 0x0c,
  0x4a, 0x80, 0x66, 0x00, 0x00, 0xf4, 0x48, 0x6a, 0x00, 0x07, 0x4e, 0xb9,
  0x00, 0x00, 0x0e, 0xa0, 0x58, 0x8f, 0x41, 0xea, 0x00, 0x06, 0x4a, 0x80,
  0x67, 0x1c, 0x12, 0x30, 0x08, 0x00, 0x0c, 0x01, 0x00, 0x0a, 0x67, 0x00,
  0x00, 0xce, 0x0c, 0x01, 0x00, 0x0d, 0x67, 0x00, 0x00, 0xc6, 0x0c, 0x01,
  0x00, 0x20, 0x67, 0x00, 0x00, 0xbe, 0x1d, 0x40, 0xff, 0x00, 0x49, 0xee,
  0xff, 0x00, 0x2f, 0x00, 0x48, 0x6a, 0x00, 0x07, 0x48, 0x6c, 0x00, 0x01,
  0x4e, 0xb9, 0x00, 0x00, 0x0c, 0xf4, 0x2f, 0x0c, 0x4e, 0xb9, 0x00, 0x00,
  0x0c, 0x8a, 0x34, 0x40, 0x4f, 0xef, 0x00, 0x10, 0x55, 0x8f, 0x42, 0x67,
  0x42, 0xa7, 0x48, 0x79, 0x00, 0x00, 0x8e, 0x6f, 0x26, 0x0e, 0x06, 0x83,
  0xff, 0xff, 0xff, 0x00, 0x2f, 0x03, 0x70, 0x01, 0xaa, 0x52, 0x2f, 0x03,
  0x70, 0x06, 0xaa, 0x52, 0x2f, 0x03, 0x2f, 0x3c, 0x74, 0x74, 0x78, 0x74,
  0x2f, 0x3c, 0x54, 0x45, 0x58, 0x54, 0x3f, 0x3c, 0xff, 0xff, 0x70, 0x04,
  0xaa, 0x52, 0x2f, 0x03, 0x1f, 0x3c, 0x00, 0x02, 0x48, 0x6e, 0xfd, 0xa0,
  0x70, 0x02, 0xaa, 0x52, 0x30, 0x17, 0x54, 0x8f, 0x66, 0x00, 0x00, 0xfa,
  0x34, 0x4a, 0x2f, 0x0a, 0x48, 0x79, 0x00, 0x00, 0x8e, 0x84, 0x48, 0x78,
  0x00, 0x10, 0x06, 0x83, 0xff, 0xff, 0xfe, 0xaa, 0x2f, 0x03, 0x4e, 0xb9,
  0x00, 0x00, 0x0d, 0xd6, 0x2d, 0x40, 0xfd, 0xa6, 0x55, 0x8f, 0x3f, 0x2e,
  0xfd, 0xa0, 0x48, 0x6e, 0xfd, 0xa6, 0x2f, 0x03, 0x4e, 0xb9, 0x00, 0x00,
  0x08, 0xac, 0x3f, 0x2e, 0xfd, 0xa0, 0x4e, 0x93, 0x42, 0xa7, 0x42, 0x67,
  0x4e, 0xb9, 0x00, 0x00, 0x08, 0x58, 0x4f, 0xef, 0x00, 0x12, 0x60, 0x00,
  0x00, 0xb0, 0x53, 0x80, 0x60, 0x00, 0xff, 0x20, 0x48, 0x78, 0x00, 0x04,
  0x48, 0x79, 0x00, 0x00, 0x8e, 0x6a, 0x2f, 0x0a, 0x4e, 0x94, 0x4f, 0xef,
  0x00, 0x0c, 0x4a, 0x80, 0x66, 0x00, 0x00, 0x9c, 0x55, 0x8f, 0x42, 0x67,
  0x42, 0xa7, 0x48, 0x79, 0x00, 0x00, 0x8e, 0x6f, 0x26, 0x0e, 0x06, 0x83,
  0xff, 0xff, 0xff, 0x00, 0x2f, 0x03, 0x70, 0x01, 0xaa, 0x52, 0x2f, 0x03,
  0x70, 0x06, 0xaa, 0x52, 0x2f, 0x03, 0x2f, 0x3c, 0x74, 0x74, 0x78, 0x74,
  0x2f, 0x3c, 0x54, 0x45, 0x58, 0x54, 0x3f, 0x3c, 0xff, 0xff, 0x70, 0x04,
  0xaa, 0x52, 0x2f, 0x03, 0x1f, 0x3c, 0x00, 0x02, 0x48, 0x6e, 0xfd, 0xa0,
  0x70, 0x02, 0xaa, 0x52, 0x54, 0x8f, 0x42, 0xa7, 0x48, 0x79, 0x00, 0x00,
  0x8e, 0x84, 0x48, 0x78, 0x00, 0x10, 0x06, 0x83, 0xff, 0xff, 0xfe, 0xaa,
  0x2f, 0x03, 0x4e, 0xb9, 0x00, 0x00, 0x0d, 0xd6, 0x70, 0x02, 0x2d, 0x40,
  0xfd, 0xa6, 0x55, 0x8f, 0x3f, 0x2e, 0xfd, 0xa0, 0x48, 0x6e, 0xfd, 0xa6,
  0x2f, 0x03, 0x4e, 0xb9, 0x00, 0x00, 0x08, 0xac, 0x3f, 0x2e, 0xfd, 0xa0,
  0x4e, 0x93, 0x42, 0xa7, 0x42, 0x67, 0x4e, 0xb9, 0x00, 0x00, 0x08, 0x58,
  0x54, 0x8f, 0xa9, 0xf4, 0x4f, 0xef, 0x00, 0x10, 0x4c, 0xee, 0x1c, 0x18,
  0xfd, 0x88, 0x4e, 0x5e, 0x4e, 0x75, 0x34, 0x7c, 0xff, 0xff, 0x60, 0x00,
  0xfe, 0xac, 0x4e, 0x75, 0x8c, 0x63, 0x68, 0x65, 0x63, 0x6b, 0x5f, 0x62,
  0x72, 0x69, 0x64, 0x67, 0x65, 0x00, 0x00, 0x00, 0x4e, 0xb9, 0x00, 0x00,
  0x09, 0xa8, 0x20, 0x79, 0x00, 0x00, 0x95, 0x40, 0xb0, 0xfc, 0x00, 0x00,
  0x67, 0x02, 0x4e, 0x90, 0x4e, 0x75, 0x8d, 0x42, 0x52, 0x49, 0x44, 0x47,
  0x45, 0x5f, 0x46, 0x49, 0x4c, 0x54, 0x45, 0x52, 0x00, 0x00, 0x20, 0x3c,
  0x00, 0x00, 0x0c, 0x46, 0x41, 0xfa, 0xff, 0xf8, 0x91, 0xc0, 0xd1, 0xfc,
  0x00, 0x00, 0x01, 0xbc, 0x4e, 0x90, 0x20, 0x38, 0x01, 0x5a, 0x67, 0x08,
  0x0c, 0x80, 0x00, 0x00, 0x06, 0xff, 0x6f, 0x16, 0x59, 0x8f, 0x2e, 0xb8,
  0x02, 0x9a, 0x23, 0xd7, 0x00, 0x00, 0x95, 0x40, 0x2e, 0xbc, 0x00, 0x00,
  0x0c, 0x20, 0x21, 0xdf, 0x02, 0x9a, 0x4e, 0x75, 0x86, 0x5f, 0x73, 0x74,
  0x61, 0x72, 0x74, 0x00, 0x00, 0x00, 0x4f, 0xef, 0xff, 0x8c, 0x2f, 0x0b,
  0x2f, 0x0a, 0x55, 0x8f, 0x42, 0x67, 0x42, 0xa7, 0x2f, 0x2f, 0x00, 0x88,
  0x47, 0xef, 0x00, 0x42, 0x2f, 0x0b, 0x70, 0x01, 0xaa, 0x52, 0x30, 0x17,
  0x54, 0x8f, 0x66, 0x30, 0x45, 0xef, 0x00, 0x0a, 0x48, 0x78, 0x00, 0x2c,
  0x42, 0xa7, 0x2f, 0x0a, 0x4e, 0xb9, 0x00, 0x00, 0x0d, 0x64, 0x3f, 0x7c,
  0x4c, 0x43, 0x00, 0x1c, 0x70, 0x20, 0x2f, 0x40, 0x00, 0x1e, 0x3f, 0x7c,
  0x48, 0x00, 0x00, 0x24, 0x2f, 0x4b, 0x00, 0x26, 0x20, 0x4a, 0xa9, 0xf2,
  0x4f, 0xef, 0x00, 0x0c, 0x24, 0x5f, 0x26, 0x5f, 0x4f, 0xef, 0x00, 0x74,
  0x4e, 0x75, 0x89, 0x64, 0x6f, 0x5f, 0x6c, 0x61, 0x75, 0x6e, 0x63, 0x68,
  0x00, 0x00, 0x00, 0x00, 0x20, 0x6f, 0x00, 0x04, 0x22, 0x6f, 0x00, 0x08,
  0x22, 0x2f, 0x00, 0x0c, 0x0c, 0x81, 0x00, 0x00, 0x00, 0x08, 0x65, 0x00,
  0x00, 0x50, 0x20, 0x08, 0x02, 0x80, 0x00, 0x00, 0x00, 0x03, 0x66, 0x00,
  0x00, 0x44, 0x20, 0x09, 0x02, 0x80, 0x00, 0x00, 0x00, 0x03, 0x66, 0x00,
  0x00, 0x38, 0x20, 0x01, 0x02, 0x81, 0x00, 0x00, 0x00, 0x03, 0xe6, 0x88,
  0x64, 0x00, 0x00, 0x04, 0x20, 0xd9, 0xe2, 0x88, 0x64, 0x00, 0x00, 0x0e,
  0x60, 0x00, 0x00, 0x06, 0x20, 0xd9, 0x20, 0xd9, 0x20, 0xd9, 0x20, 0xd9,
  0x51, 0xc8, 0xff, 0xf6, 0x04, 0x80, 0x00, 0x01, 0x00, 0x00, 0x6a, 0x00,
  0xff, 0xec, 0x60, 0x00, 0x00, 0x04, 0x10, 0xd9, 0x51, 0xc9, 0xff, 0xfc,
  0x20, 0x2f, 0x00, 0x04, 0x4e, 0x75, 0x00, 0x00, 0x20, 0x6f, 0x00, 0x04,
  0x20, 0x2f, 0x00, 0x08, 0x22, 0x2f, 0x00, 0x0c, 0x0c, 0x81, 0x00, 0x00,
  0x00, 0x10, 0x65, 0x00, 0x00, 0x54, 0x2f, 0x02, 0x14, 0x00, 0xe1, 0x88,
  0x10, 0x02, 0x34, 0x00, 0x48, 0x40, 0x30, 0x02, 0x24, 0x08, 0x44, 0x82,
  0x02, 0x82, 0x00, 0x00, 0x00, 0x03, 0x67, 0x00, 0x00, 0x14, 0x92, 0x82,
  0xe2, 0x8a, 0x64, 0x00, 0x00, 0x04, 0x10, 0xc0, 0xe2, 0x8a, 0x64, 0x00,
  0x00, 0x04, 0x30, 0xc0, 0x24, 0x01, 0xe4, 0x8a, 0x53, 0x82, 0x20, 0xc0,
  0x51, 0xca, 0xff, 0xfc, 0x04, 0x82, 0x00, 0x01, 0x00, 0x00, 0x6a, 0x00,
  0xff, 0xf2, 0x02, 0x81, 0x00, 0x00, 0x00, 0x03, 0x24, 0x1f, 0x60, 0x00,
  0x00, 0x04, 0x10, 0xc0, 0x51, 0xc9, 0xff, 0xfc, 0x20, 0x2f, 0x00, 0x04,
  0x4e, 0x75, 0x4e, 0x56, 0xff, 0x98, 0x2f, 0x0a, 0x22, 0x2e, 0x00, 0x08,
  0x20, 0x2e, 0x00, 0x0c, 0x24, 0x79, 0x00, 0x00, 0x8f, 0x8c, 0x6b, 0x00,
  0x00, 0x98, 0x3d, 0x7c, 0x02, 0x08, 0xff, 0xa4, 0x2d, 0x41, 0xff, 0x98,
  0x2d, 0x41, 0xff, 0xa8, 0x4a, 0x80, 0x67, 0x3c, 0x53, 0x80, 0x2d, 0x40,
  0xff, 0xa0, 0x2d, 0x40, 0xff, 0xac, 0x3d, 0x7c, 0xff, 0xff, 0xff, 0xa6,
  0x48, 0x6e, 0x00, 0x14, 0x2f, 0x2e, 0x00, 0x10, 0x48, 0x6e, 0xff, 0x98,
  0x2f, 0x0a, 0x4e, 0xb9, 0x00, 0x00, 0x0f, 0x66, 0x4f, 0xef, 0x00, 0x10,
  0x72, 0xff, 0xb2, 0x80, 0x6e, 0x48, 0x20, 0x6e, 0xff, 0x98, 0x42, 0x10,
  0x24, 0x6e, 0xff, 0x94, 0x4e, 0x5e, 0x4e, 0x75, 0x42, 0xae, 0xff, 0xa0,
  0x42, 0xae, 0xff, 0xac, 0x3d, 0x7c, 0xff, 0xff, 0xff, 0xa6, 0x48, 0x6e,
  0x00, 0x14, 0x2f, 0x2e, 0x00, 0x10, 0x48, 0x6e, 0xff, 0x98, 0x2f, 0x0a,
  0x4e, 0xb9, 0x00, 0x00, 0x0f, 0x66, 0x4f, 0xef, 0x00, 0x10, 0x72, 0xff,
  0xb2, 0x80, 0x6f, 0xcc, 0x24, 0xbc, 0x00, 0x00, 0x00, 0x8b, 0x24, 0x6e,
  0xff, 0x94, 0x4e, 0x5e, 0x4e, 0x75, 0x24, 0xbc, 0x00, 0x00, 0x00, 0x8b,
  0x20, 0x6e, 0xff, 0x98, 0x42, 0x10, 0x60, 0xb0, 0x24, 0xbc, 0x00, 0x00,
  0x00, 0x8b, 0x70, 0xff, 0x24, 0x6e, 0xff, 0x94, 0x4e, 0x5e, 0x4e, 0x75,
  0x88, 0x73, 0x6e, 0x70, 0x72, 0x69, 0x6e, 0x74, 0x66, 0x00, 0x00, 0x00,
  0x22, 0x2f, 0x00, 0x04, 0x20, 0x41, 0x70, 0xff, 0x4a, 0x18, 0x66, 0xfc,
  0x91, 0xc1, 0x20, 0x08, 0x53, 0x80, 0x4e, 0x75, 0x86, 0x73, 0x74, 0x72,
  0x6c, 0x65, 0x6e, 0x00, 0x00, 0x00, 0x2f, 0x0b, 0x2f, 0x0a, 0x24, 0x6f,
  0x00, 0x0c, 0x20, 0x6f, 0x00, 0x10, 0x20, 0x2f, 0x00, 0x14, 0x67, 0x3a,
  0x22, 0x0a, 0x24, 0x08, 0x82, 0x82, 0x74, 0x03, 0xc2, 0x82, 0x67, 0x36,
  0x12, 0x12, 0x14, 0x10, 0xb2, 0x02, 0x66, 0x66, 0x74, 0x01, 0xb4, 0x80,
  0x67, 0x20, 0x22, 0x4a, 0x4a, 0x01, 0x67, 0x1a, 0x52, 0x89, 0x52, 0x88,
  0x12, 0x11, 0x14, 0x10, 0xb4, 0x01, 0x66, 0x4e, 0x24, 0x00, 0x94, 0x89,
  0x47, 0xf2, 0x28, 0xff, 0xb6, 0xfc, 0x00, 0x00, 0x66, 0xe2, 0x70, 0x00,
  0x24, 0x5f, 0x26, 0x5f, 0x4e, 0x75, 0xb4, 0x80, 0x64, 0xc6, 0x26, 0x4a,
  0x22, 0x48, 0x20, 0x49, 0x24, 0x4b, 0x22, 0x13, 0x58, 0x8b, 0xb2, 0x99,
  0x66, 0xb6, 0x59, 0x80, 0x67, 0xe0, 0x24, 0x01, 0x06, 0x82, 0xfe, 0xfe,
  0xfe, 0xff, 0x46, 0x81, 0xc2, 0x82, 0x02, 0x81, 0x80, 0x80, 0x80, 0x80,
  0x66, 0xcc, 0x72, 0x03, 0xb2, 0x80, 0x65, 0xd6, 0x24, 0x4b, 0x20, 0x49,
  0x60, 0x92, 0x70, 0x00, 0x10, 0x01, 0x02, 0x82, 0x00, 0x00, 0x00, 0xff,
  0x90, 0x82, 0x24, 0x5f, 0x26, 0x5f, 0x4e, 0x75, 0x87, 0x73, 0x74, 0x72,
  0x6e, 0x63, 0x6d, 0x70, 0x00, 0x00, 0x4e, 0x56, 0xff, 0x20, 0x48, 0xe7,
  0x1f, 0x38, 0x2e, 0x2e, 0x00, 0x10, 0x2f, 0x2e, 0x00, 0x08, 0x4e, 0xb9,
  0x00, 0x00, 0x49, 0xa2, 0x20, 0x40, 0x2d, 0x50, 0xff, 0x50, 0x2f, 0x2e,
  0xff, 0x50, 0x4e, 0xb9, 0x00, 0x00, 0x0e, 0xa0, 0x2d, 0x40, 0xff, 0x4c,
  0x50, 0x8f, 0x22, 0x6e, 0x00, 0x0c, 0x4a, 0x29, 0x00, 0x0d, 0x6a, 0x08,
  0x4a, 0xa9, 0x00, 0x10, 0x67, 0x00, 0x12, 0x02, 0x43, 0xee, 0xff, 0xc0,
  0x2d, 0x49, 0xff, 0x8c, 0x42, 0xae, 0xff, 0x94, 0x42, 0xae, 0xff, 0x90,
  0x42, 0xae, 0xff, 0x3c, 0x42, 0xae, 0xff, 0x44, 0x42, 0xae, 0xff, 0x48,
  0x2d, 0x49, 0xff, 0x2c, 0x42, 0xae, 0xff, 0x58, 0x42, 0xae, 0xff, 0x54,
  0x42, 0xae, 0xff, 0x38, 0x2d, 0x49, 0xff, 0x20, 0x24, 0x47, 0x10, 0x12,
  0x67, 0x00, 0x01, 0xdc, 0x26, 0x4a, 0x0c, 0x00, 0x00, 0x25, 0x67, 0x00,
  0x01, 0x7a, 0x52, 0x8b, 0x10, 0x13, 0x66, 0xf2, 0x28, 0x4b, 0x99, 0xca,
  0xb5, 0xcb, 0x67, 0x00, 0x01, 0xc2, 0x20, 0x6e, 0xff, 0x20, 0x20, 0x8a,
  0x21, 0x4c, 0x00, 0x04, 0x20, 0x0c, 0xd1, 0xae, 0xff, 0x94, 0x20, 0x2e,
  0xff, 0x90, 0x52, 0x80, 0x2d, 0x40, 0xff, 0x90, 0x72, 0x07, 0xb2, 0x80,
  0x6d, 0x00, 0x01, 0x74, 0x50, 0xae, 0xff, 0x20, 0x20, 0x0c, 0xd1, 0xae,
  0xff, 0x38, 0x10, 0x13, 0x67, 0x00, 0x01, 0x90, 0x52, 0x8b, 0x42, 0x2e,
  0xff, 0x71, 0x76, 0xff, 0x7a, 0x00, 0x7c, 0x00, 0x22, 0x7c, 0x00, 0x00,
  0x10, 0x5a, 0x24, 0x4b, 0x10, 0x1a, 0x48, 0x80, 0x36, 0x40, 0x41, 0xeb,
  0xff, 0xe0, 0x72, 0x58, 0xb2, 0x88, 0x65, 0x00, 0x01, 0x8e, 0x20, 0x08,
  0xd0, 0x80, 0x30, 0x31, 0x08, 0x00, 0x4e, 0xfb, 0x00, 0x02, 0x09, 0xa6,
  0x01, 0x80, 0x01, 0x80, 0x09, 0x98, 0x01, 0x80, 0x01, 0x80, 0x01, 0x80,
  0x01, 0x80, 0x01, 0x80, 0x01, 0x80, 0x08, 0x4a, 0x09, 0x88, 0x01, 0x80,
  0x08, 0x5a, 0x08, 0x76, 0x01, 0x80, 0x09, 0xbe, 0x00, 0xb2, 0x00, 0xb2,
  0x00, 0xb2, 0x00, 0xb2, 0x00, 0xb2, 0x00, 0xb2, 0x00, 0xb2, 0x00, 0xb2,
  0x00, 0xb2, 0x01, 0x80, 0x01, 0x80, 0x01, 0x80, 0x01, 0x80, 0x01, 0x80,
  0x01, 0x80, 0x01, 0x80, 0x01, 0x80, 0x01, 0x80, 0x01, 0x80, 0x07, 0xc8,
  0x02, 0xb2, 0x01, 0x80, 0x02, 0xb2, 0x01, 0x80, 0x01, 0x80, 0x01, 0x80,
  0x01, 0x80, 0x09, 0x50, 0x01, 0x80, 0x01, 0x80, 0x09, 0x72, 0x01, 0x80,
  0x01, 0x80, 0x01, 0x80, 0x01, 0x80, 0x01, 0x80, 0x09, 0x5e, 0x01, 0x80,
  0x01, 0x80, 0x11, 0x00, 0x01, 0x80, 0x01, 0x80, 0x01, 0x80, 0x01, 0x80,
  0x01, 0x80, 0x01, 0x80, 0x01, 0x80, 0x01, 0x80, 0x01, 0x80, 0x01, 0x80,
  0x09, 0x1e, 0x07, 0x5a, 0x02, 0xb2, 0x02, 0xb2, 0x02, 0xb2, 0x08, 0x68,
  0x07, 0x5a, 0x01, 0x80, 0x01, 0x80, 0x00, 0xf6, 0x01, 0x80, 0x0a, 0x70,
  0x0a, 0x4a, 0x0a, 0x24, 0x00, 0xf6, 0x01, 0x80, 0x09, 0xce, 0x01, 0x80,
  0x08, 0xd0, 0x01, 0x80, 0x01, 0x80, 0x11, 0xa8, 0x7a, 0x00, 0x41, 0xeb,
  0xff, 0xd0, 0x20, 0x05, 0xd0, 0x85, 0xd0, 0x80, 0xda, 0x80, 0xda, 0x85,
  0xda, 0x88, 0x10, 0x1a, 0x48, 0x80, 0x36, 0x40, 0x41, 0xeb, 0xff, 0xd0,
  0x72, 0x09, 0xb2, 0x88, 0x65, 0x00, 0xff, 0x14, 0x20, 0x05, 0xd0, 0x85,
  0xd0, 0x80, 0xda, 0x80, 0xda, 0x85, 0xda, 0x88, 0x10, 0x1a, 0x48, 0x80,
  0x36, 0x40, 0x41, 0xeb, 0xff, 0xd0, 0x72, 0x09, 0xb2, 0x88, 0x64, 0xc6,
  0x60, 0x00, 0xfe, 0xf4, 0x70, 0x10, 0x8c, 0x80, 0x10, 0x1a, 0x48, 0x80,
  0x36, 0x40, 0x60, 0x00, 0xfe, 0xe6, 0x28, 0x4b, 0x99, 0xca, 0xb5, 0xcb,
  0x67, 0x00, 0xfe, 0xbc, 0x20, 0x6e, 0xff, 0x20, 0x20, 0x8a, 0x21, 0x4c,
  0x00, 0x04, 0x20, 0x0c, 0xd1, 0xae, 0xff, 0x94, 0x20, 0x2e, 0xff, 0x90,
  0x52, 0x80, 0x2d, 0x40, 0xff, 0x90, 0x72, 0x07, 0xb2, 0x80, 0x6c, 0x00,
  0xfe, 0x90, 0x48, 0x6e, 0xff, 0x8c, 0x2f, 0x2e, 0x00, 0x0c, 0x2f, 0x2e,
  0x00, 0x08, 0x4e, 0xb9, 0x00, 0x00, 0x56, 0x1c, 0x4f, 0xef, 0x00, 0x0c,
  0x4a, 0x80, 0x66, 0x1a, 0x41, 0xee, 0xff, 0xc0, 0x2d, 0x48, 0xff, 0x20,
  0x20, 0x0c, 0xd1, 0xae, 0xff, 0x38, 0x60, 0x00, 0xfe, 0x6e, 0x4a, 0xae,
  0xff, 0x94, 0x66, 0x00, 0x17, 0x7e, 0x22, 0x6e, 0x00, 0x0c, 0x08, 0x29,
  0x00, 0x06, 0x00, 0x0d, 0x66, 0x00, 0x18, 0x7a, 0x20, 0x2e, 0xff, 0x38,
  0x4c, 0xee, 0x1c, 0xf8, 0xff, 0x00, 0x4e, 0x5e, 0x4e, 0x75, 0xb6, 0xfc,
  0x00, 0x00, 0x67, 0xd6, 0x34, 0x0b, 0x1d, 0x42, 0xff, 0x98, 0x42, 0x2e,
  0xff, 0x71, 0x78, 0x01, 0x2d, 0x44, 0xff, 0x30, 0x72, 0x01, 0x2d, 0x41,
  0xff, 0x34, 0x7e, 0x98, 0xde, 0x8e, 0x28, 0x06, 0x76, 0x00, 0x42, 0xae,
  0xff, 0x40, 0x7c, 0x02, 0xcc, 0x84, 0x08, 0x04, 0x00, 0x01, 0x67, 0x04,
  0x54, 0xae, 0xff, 0x30, 0x74, 0x7b, 0x46, 0x02, 0xc4, 0x84, 0x28, 0x42,
  0x66, 0x0e, 0x22, 0x45, 0x93, 0xee, 0xff, 0x30, 0xb2, 0xfc, 0x00, 0x00,
  0x6e, 0x00, 0x04, 0x62, 0x4a, 0x2e, 0xff, 0x71, 0x67, 0x2a, 0x41, 0xee,
  0xff, 0x71, 0x22, 0x6e, 0xff, 0x20, 0x22, 0x88, 0x70, 0x01, 0x23, 0x40,
  0x00, 0x04, 0x52, 0xae, 0xff, 0x94, 0x20, 0x2e, 0xff, 0x90, 0x52, 0x80,
  0x2d, 0x40, 0xff, 0x90, 0x72, 0x07, 0xb2, 0x80, 0x6d, 0x00, 0x0c, 0x3c,
  0x50, 0xae, 0xff, 0x20, 0x4a, 0x86, 0x67, 0x2a, 0x41, 0xee, 0xff, 0x72,
  0x22, 0x6e, 0xff, 0x20, 0x22, 0x88, 0x70, 0x02, 0x23, 0x40, 0x00, 0x04,
  0x54, 0xae, 0xff, 0x94, 0x20, 0x2e, 0xff, 0x90, 0x52, 0x80, 0x2d, 0x40,
  0xff, 0x90, 0x72, 0x07, 0xb2, 0x80, 0x6d, 0x00, 0x0b, 0xde, 0x50, 0xae,
  0xff, 0x20, 0xb8, 0xfc, 0x00, 0x80, 0x67, 0x00, 0x01, 0x6e, 0x28, 0x43,
  0x99, 0xee, 0xff, 0x34, 0xb8, 0xfc, 0x00, 0x00, 0x6e, 0x00, 0x02, 0x0e,
  0x08, 0x04, 0x00, 0x08, 0x66, 0x00, 0x02, 0x7e, 0x22, 0x6e, 0xff, 0x20,
  0x22, 0x87, 0x23, 0x6e, 0xff, 0x34, 0x00, 0x04, 0x22, 0x6e, 0xff, 0x34,
  0xd3, 0xee, 0xff, 0x94, 0x2d, 0x49, 0xff, 0x94, 0x20, 0x2e, 0xff, 0x90,
  0x52, 0x80, 0x2d, 0x40, 0xff, 0x90, 0x72, 0x07, 0xb2, 0x80, 0x6d, 0x00,
  0x03, 0x64, 0x50, 0xae, 0xff, 0x20, 0x08, 0x04, 0x00, 0x02, 0x67, 0x0e,
  0x28, 0x45, 0x99, 0xee, 0xff, 0x30, 0xb8, 0xfc, 0x00, 0x00, 0x6e, 0x00,
  0x04, 0x3a, 0xba, 0xae, 0xff, 0x30, 0x6c, 0x04, 0x2a, 0x2e, 0xff, 0x30,
  0xdb, 0xae, 0xff, 0x38, 0xb2, 0xfc, 0x00, 0x00, 0x66, 0x00, 0x03, 0x62,
  0x42, 0xae, 0xff, 0x90, 0x41, 0xee, 0xff, 0xc0, 0x2d, 0x48, 0xff, 0x20,
  0x60, 0x00, 0xfc, 0xcc, 0x08, 0x06, 0x00, 0x03, 0x67, 0x00, 0x0d, 0xe2,
  0x28, 0x6e, 0x00, 0x14, 0x9f, 0xfc, 0x00, 0x00, 0x00, 0x0c, 0x2e, 0x9c,
  0x2f, 0x5c, 0x00, 0x04, 0x2f, 0x5c, 0x00, 0x08, 0x4e, 0xb9, 0x00, 0x00,
  0x8a, 0xde, 0x4f, 0xef, 0x00, 0x0c, 0x20, 0x40, 0x22, 0x41, 0x2d, 0x48,
  0xff, 0x44, 0x2d, 0x49, 0xff, 0x48, 0x2d, 0x4c, 0x00, 0x14, 0x20, 0x2e,
  0xff, 0x44, 0x08, 0x80, 0x00, 0x1f, 0x2d, 0x40, 0xff, 0x60, 0x2d, 0x6e,
  0xff, 0x48, 0xff, 0x64, 0x20, 0x7c, 0x7f, 0xef, 0xff, 0xff, 0x32, 0x7c,
  0xff, 0xff, 0x49, 0xf9, 0x00, 0x00, 0x89, 0x10, 0x2f, 0x09, 0x2f, 0x08,
  0x2f, 0x2e, 0xff, 0x64, 0x2f, 0x2e, 0xff, 0x60, 0x2d, 0x48, 0xff, 0x28,
  0x2d, 0x49, 0xff, 0x24, 0x4e, 0x94, 0x4f, 0xef, 0x00, 0x10, 0x20, 0x6e,
  0xff, 0x28, 0x22, 0x6e, 0xff, 0x24, 0x4a, 0x80, 0x66, 0x00, 0x10, 0xd8,
  0x2f, 0x09, 0x2f, 0x08, 0x2f, 0x2e, 0xff, 0x64, 0x2f, 0x2e, 0xff, 0x60,
  0x4e, 0xb9, 0x00, 0x00, 0x88, 0x2c, 0x4f, 0xef, 0x00, 0x10, 0x4a, 0x80,
  0x6f, 0x00, 0x10, 0xbc, 0x42, 0xa7, 0x42, 0xa7, 0x2f, 0x2e, 0xff, 0x48,
  0x2f, 0x2e, 0xff, 0x44, 0x4e, 0xb9, 0x00, 0x00, 0x88, 0x08, 0x4f, 0xef,
  0x00, 0x10, 0x4a, 0x80, 0x6d, 0x00, 0x13, 0xf4, 0x14, 0x2e, 0xff, 0x71,
  0x72, 0x47, 0xb2, 0x8b, 0x6c, 0x00, 0x13, 0xc8, 0x2e, 0x3c, 0x00, 0x00,
  0x8e, 0x8c, 0x78, 0x80, 0x46, 0x04, 0xc8, 0x86, 0x72, 0x03, 0x2d, 0x41,
  0xff, 0x30, 0x2d, 0x41, 0xff, 0x34, 0x76, 0x00, 0x42, 0xae, 0xff, 0x40,
  0x4a, 0x02, 0x67, 0x00, 0xfe, 0x12, 0x52, 0xae, 0xff, 0x30, 0x60, 0x00,
  0xfe, 0x0a, 0x28, 0x45, 0x99, 0xee, 0xff, 0x30, 0xb8, 0xfc, 0x00, 0x00,
  0x6f, 0x00, 0xfe, 0x88, 0x20, 0x6e, 0xff, 0x94, 0x20, 0x2e, 0xff, 0x90,
  0x72, 0x10, 0xb2, 0x8c, 0x6c, 0x5e, 0x7c, 0x8c, 0xdc, 0x8e, 0x2d, 0x44,
  0xff, 0x5c, 0x22, 0x6e, 0xff, 0x20, 0x28, 0x2e, 0x00, 0x0c, 0x2d, 0x4a,
  0xff, 0x20, 0x24, 0x4c, 0x28, 0x45, 0x2a, 0x03, 0x26, 0x2e, 0x00, 0x08,
  0x22, 0xbc, 0x00, 0x00, 0x8b, 0xe0, 0x74, 0x10, 0x23, 0x42, 0x00, 0x04,
  0x41, 0xe8, 0x00, 0x10, 0x2d, 0x48, 0xff, 0x94, 0x52, 0x80, 0x2d, 0x40,
  0xff, 0x90, 0x72, 0x07, 0xb2, 0x80, 0x6d, 0x00, 0x07, 0x46, 0x50, 0x89,
  0x45, 0xea, 0xff, 0xf0, 0x74, 0x10, 0xb4, 0x8a, 0x6d, 0xd2, 0x26, 0x05,
  0x28, 0x2e, 0xff, 0x5c, 0x2a, 0x0c, 0x28, 0x4a, 0x24, 0x6e, 0xff, 0x20,
  0x2d, 0x49, 0xff, 0x20, 0x22, 0x6e, 0xff, 0x20, 0x22, 0xbc, 0x00, 0x00,
  0x8b, 0xe0, 0x23, 0x4c, 0x00, 0x04, 0xd9, 0xc8, 0x2d, 0x4c, 0xff, 0x94,
  0x52, 0x80, 0x2d, 0x40, 0xff, 0x90, 0x72, 0x07, 0xb2, 0x80, 0x6d, 0x00,
  0x11, 0xbe, 0x50, 0xae, 0xff, 0x20, 0x28, 0x43, 0x99, 0xee, 0xff, 0x34,
  0xb8, 0xfc, 0x00, 0x00, 0x6f, 0x00, 0xfd, 0xf6, 0x22, 0x6e, 0xff, 0x94,
  0x20, 0x2e, 0xff, 0x90, 0x72, 0x10, 0xb2, 0x8c, 0x6c, 0x3c, 0x26, 0x2e,
  0x00, 0x08, 0x2c, 0x2e, 0x00, 0x0c, 0x20, 0x6e, 0xff, 0x20, 0x20, 0xbc,
  0x00, 0x00, 0x8b, 0xe0, 0x72, 0x10, 0x21, 0x41, 0x00, 0x04, 0x43, 0xe9,
  0x00, 0x10, 0x2d, 0x49, 0xff, 0x94, 0x52, 0x80, 0x2d, 0x40, 0xff, 0x90,
  0x74, 0x07, 0xb4, 0x80, 0x6d, 0x00, 0x06, 0x18, 0x50, 0xae, 0xff, 0x20,
  0x49, 0xec, 0xff, 0xf0, 0x72, 0x10, 0xb2, 0x8c, 0x6d, 0xcc, 0x20, 0x6e,
  0xff, 0x20, 0x20, 0xbc, 0x00, 0x00, 0x8b, 0xe0, 0x21, 0x4c, 0x00, 0x04,
  0xd9, 0xc9, 0x2d, 0x4c, 0xff, 0x94, 0x52, 0x80, 0x2d, 0x40, 0xff, 0x90,
  0x72, 0x07, 0xb2, 0x80, 0x6d, 0x00, 0x0b, 0x36, 0x50, 0xae, 0xff, 0x20,
  0x08, 0x04, 0x00, 0x08, 0x67, 0x00, 0xfd, 0x86, 0x70, 0x65, 0xb0, 0x8b,
  0x6c, 0x00, 0x06, 0xa6, 0x42, 0xa7, 0x42, 0xa7, 0x2f, 0x2e, 0xff, 0x48,
  0x2f, 0x2e, 0xff, 0x44, 0x4e, 0xb9, 0x00, 0x00, 0x87, 0x9c, 0x4f, 0xef,
  0x00, 0x10, 0x4a, 0x80, 0x66, 0x00, 0x09, 0x74, 0x20, 0x6e, 0xff, 0x20,
  0x20, 0xbc, 0x00, 0x00, 0x8e, 0xc1, 0x70, 0x01, 0x21, 0x40, 0x00, 0x04,
  0x52, 0xae, 0xff, 0x94, 0x20, 0x2e, 0xff, 0x90, 0x52, 0x80, 0x2d, 0x40,
  0xff, 0x90, 0x72, 0x07, 0xb2, 0x80, 0x6d, 0x00, 0x10, 0xc2, 0x50, 0xae,
  0xff, 0x20, 0x24, 0x2e, 0xff, 0x3c, 0xb4, 0xae, 0xff, 0x74, 0x6e, 0x08,
  0x08, 0x04, 0x00, 0x00, 0x67, 0x00, 0x0b, 0xd4, 0x20, 0x6e, 0xff, 0x20,
  0x20, 0xae, 0xff, 0x50, 0x21, 0x6e, 0xff, 0x4c, 0x00, 0x04, 0x22, 0x6e,
  0xff, 0x4c, 0xd3, 0xee, 0xff, 0x94, 0x2d, 0x49, 0xff, 0x94, 0x20, 0x2e,
  0xff, 0x90, 0x52, 0x80, 0x2d, 0x40, 0xff, 0x90, 0x72, 0x07, 0xb2, 0x80,
  0x6d, 0x00, 0x10, 0xde, 0x50, 0xae, 0xff, 0x20, 0x28, 0x6e, 0xff, 0x3c,
  0x53, 0x8c, 0xb8, 0xfc, 0x00, 0x00, 0x6f, 0x00, 0xfd, 0x16, 0x20, 0x2e,
  0xff, 0x90, 0x72, 0x10, 0xb2, 0x8c, 0x6c, 0x46, 0x76, 0x8c, 0xd6, 0x8e,
  0x47, 0xf9, 0x00, 0x00, 0x56, 0x1c, 0x2c, 0x2e, 0x00, 0x08, 0x2e, 0x2e,
  0x00, 0x0c, 0x20, 0x6e, 0xff, 0x20, 0x20, 0xbc, 0x00, 0x00, 0x8b, 0xe0,
  0x72, 0x10, 0x21, 0x41, 0x00, 0x04, 0x43, 0xe9, 0x00, 0x10, 0x2d, 0x49,
  0xff, 0x94, 0x52, 0x80, 0x2d, 0x40, 0xff, 0x90, 0x74, 0x07, 0xb4, 0x80,
  0x6d, 0x00, 0x0d, 0x16, 0x50, 0xae, 0xff, 0x20, 0x49, 0xec, 0xff, 0xf0,
  0x72, 0x10, 0xb2, 0x8c, 0x6d, 0xcc, 0x20, 0x6e, 0xff, 0x20, 0x20, 0xbc,
  0x00, 0x00, 0x8b, 0xe0, 0x21, 0x4c, 0x00, 0x04, 0xd3, 0xcc, 0x2d, 0x49,
  0xff, 0x94, 0x52, 0x80, 0x2d, 0x40, 0xff, 0x90, 0x72, 0x07, 0xb2, 0x80,
  0x6c, 0x00, 0xfc, 0xa0, 0x48, 0x6e, 0xff, 0x8c, 0x2f, 0x2e, 0x00, 0x0c,
  0x2f, 0x2e, 0x00, 0x08, 0x4e, 0xb9, 0x00, 0x00, 0x56, 0x1c, 0x4f, 0xef,
  0x00, 0x0c, 0x4a, 0x80, 0x66, 0x00, 0xfb, 0x74, 0x22, 0x6e, 0xff, 0x94,
  0x41, 0xee, 0xff, 0xc0, 0x2d, 0x48, 0xff, 0x20, 0x60, 0x00, 0xfc, 0x78,
  0x48, 0x6e, 0xff, 0x8c, 0x2f, 0x2e, 0x00, 0x0c, 0x2f, 0x2e, 0x00, 0x08,
  0x4e, 0xb9, 0x00, 0x00, 0x56, 0x1c, 0x4f, 0xef, 0x00, 0x0c, 0x4a, 0x80,
  0x66, 0x00, 0xfb, 0x48, 0x42, 0xae, 0xff, 0x90, 0x41, 0xee, 0xff, 0xc0,
  0x2d, 0x48, 0xff, 0x20, 0x60, 0x00, 0xf9, 0x50, 0x24, 0x2e, 0xff, 0x94,
  0x20, 0x2e, 0xff, 0x90, 0x72, 0x10, 0xb2, 0x89, 0x6c, 0x5e, 0x2d, 0x45,
  0xff, 0x5c, 0x2a, 0x04, 0x28, 0x03, 0x26, 0x2e, 0x00, 0x08, 0x22, 0x0a,
  0x24, 0x49, 0x22, 0x42, 0x20, 0x6e, 0xff, 0x20, 0x2d, 0x41, 0xff, 0x20,
  0x20, 0xbc, 0x00, 0x00, 0x8b, 0xf0, 0x74, 0x10, 0x21, 0x42, 0x00, 0x04,
  0x43, 0xe9, 0x00, 0x10, 0x2d, 0x49, 0xff, 0x94, 0x52, 0x80, 0x2d, 0x40,
  0xff, 0x90, 0x72, 0x07, 0xb2, 0x80, 0x6d, 0x00, 0x04, 0x62, 0x50, 0x88,
  0x45, 0xea, 0xff, 0xf0, 0x74, 0x10, 0xb4, 0x8a, 0x6d, 0xd2, 0x26, 0x04,
  0x28, 0x05, 0x2a, 0x2e, 0xff, 0x5c, 0x22, 0x2e, 0xff, 0x20, 0x2d, 0x48,
  0xff, 0x20, 0x24, 0x09, 0x22, 0x4a, 0x24, 0x41, 0x20, 0x6e, 0xff, 0x20,
  0x20, 0xbc, 0x00, 0x00, 0x8b, 0xf0, 0x21, 0x49, 0x00, 0x04, 0xd4, 0x89,
  0x2d, 0x42, 0xff, 0x94, 0x52, 0x80, 0x2d, 0x40, 0xff, 0x90, 0x72, 0x07,
  0xb2, 0x80, 0x6d, 0x00, 0x0c, 0x6c, 0x50, 0xae, 0xff, 0x20, 0x60, 0x00,
  0xfb, 0x0c, 0x20, 0x2e, 0xff, 0x90, 0x72, 0x10, 0xb2, 0x8c, 0x6c, 0x46,
  0x76, 0x8c, 0xd6, 0x8e, 0x47, 0xf9, 0x00, 0x00, 0x56, 0x1c, 0x28, 0x2e,
  0x00, 0x08, 0x2c, 0x2e, 0x00, 0x0c, 0x20, 0x6e, 0xff, 0x20, 0x20, 0xbc,
  0x00, 0x00, 0x8b, 0xf0, 0x72, 0x10, 0x21, 0x41, 0x00, 0x04, 0x43, 0xe9,
  0x00, 0x10, 0x2d, 0x49, 0xff, 0x94, 0x52, 0x80, 0x2d, 0x40, 0xff, 0x90,
  0x74, 0x07, 0xb4, 0x80, 0x6d, 0x00, 0x04, 0x0a, 0x50, 0xae, 0xff, 0x20,
  0x49, 0xec, 0xff, 0xf0, 0x72, 0x10, 0xb2, 0x8c, 0x6d, 0xcc, 0x20, 0x6e,
  0xff, 0x20, 0x20, 0xbc, 0x00, 0x00, 0x8b, 0xf0, 0x21, 0x4c, 0x00, 0x04,
  0xd3, 0xcc, 0x2d, 0x49, 0xff, 0x94, 0x52, 0x80, 0x2d, 0x40, 0xff, 0x90,
  0x72, 0x07, 0xb2, 0x80, 0x6c, 0x00, 0xfb, 0x58, 0x48, 0x6e, 0xff, 0x8c,
  0x2f, 0x2e, 0x00, 0x0c, 0x2f, 0x2e, 0x00, 0x08, 0x4e, 0xb9, 0x00, 0x00,
  0x56, 0x1c, 0x4f, 0xef, 0x00, 0x0c, 0x4a, 0x80, 0x66, 0x00, 0xfa, 0x14,
  0x22, 0x6e, 0xff, 0x94, 0x60, 0x00, 0xfb, 0x34, 0x20, 0x6e, 0x00, 0x14,
  0x58, 0xae, 0x00, 0x14, 0x20, 0x18, 0x08, 0x06, 0x00, 0x04, 0x66, 0x6c,
  0x08, 0x06, 0x00, 0x06, 0x67, 0x66, 0x48, 0xc0, 0x22, 0x00, 0x6b, 0x64,
  0x14, 0x2e, 0xff, 0x71, 0x78, 0xff, 0xb8, 0x83, 0x67, 0x0e, 0x78, 0x80,
  0x46, 0x04, 0xc8, 0x86, 0x4a, 0x80, 0x67, 0x00, 0x06, 0x4e, 0x2c, 0x04,
  0x70, 0x09, 0xb0, 0x81, 0x65, 0x00, 0x08, 0x82, 0x06, 0x01, 0x00, 0x30,
  0x1d, 0x41, 0xff, 0xbf, 0x28, 0x06, 0x72, 0x01, 0x2d, 0x41, 0xff, 0x34,
  0x7e, 0xbf, 0xde, 0x8e, 0x2d, 0x43, 0xff, 0x30, 0xb6, 0xae, 0xff, 0x34,
  0x6c, 0x06, 0x2d, 0x6e, 0xff, 0x34, 0xff, 0x30, 0x42, 0xae, 0xff, 0x40,
  0x4a, 0x02, 0x66, 0x00, 0xfb, 0xd6, 0x60, 0x00, 0xf9, 0xe2, 0x78, 0x10,
  0x8c, 0x84, 0x20, 0x6e, 0x00, 0x14, 0x58, 0xae, 0x00, 0x14, 0x20, 0x18,
  0x22, 0x00, 0x6a, 0x9c, 0x22, 0x00, 0x44, 0x81, 0x74, 0x2d, 0x70, 0x01,
  0x1d, 0x42, 0xff, 0x71, 0x78, 0xff, 0xb8, 0x83, 0x67, 0x0e, 0x78, 0x80,
  0x46, 0x04, 0xc8, 0x86, 0x4a, 0x81, 0x67, 0x00, 0x05, 0xe4, 0x2c, 0x04,
  0x78, 0x01, 0xb8, 0x80, 0x67, 0x8e, 0x55, 0x80, 0x67, 0x00, 0x00, 0xf2,
  0x7e, 0xc0, 0x41, 0xf6, 0x78, 0x00, 0x22, 0x48, 0x10, 0x01, 0x02, 0x00,
  0x00, 0x07, 0x06, 0x00, 0x00, 0x30, 0x11, 0x00, 0xe6, 0x89, 0x66, 0xee,
  0x2e, 0x08, 0x08, 0x06, 0x00, 0x00, 0x67, 0x00, 0x00, 0xe8, 0x0c, 0x00,
  0x00, 0x30, 0x67, 0x00, 0x00, 0xe0, 0x55, 0x89, 0x11, 0x7c, 0x00, 0x30,
  0xff, 0xff, 0x28, 0x2e, 0xff, 0x2c, 0x98, 0x89, 0x2d, 0x44, 0xff, 0x34,
  0x28, 0x06, 0x2e, 0x09, 0x60, 0x00, 0xff, 0x62, 0x20, 0x6e, 0x00, 0x14,
  0x2a, 0x18, 0x6a, 0x00, 0x08, 0x32, 0x44, 0x85, 0x2d, 0x48, 0x00, 0x14,
  0x72, 0x04, 0x8c, 0x81, 0x10, 0x1a, 0x48, 0x80, 0x36, 0x40, 0x60, 0x00,
  0xf7, 0x82, 0x78, 0x40, 0x8c, 0x84, 0x10, 0x1a, 0x48, 0x80, 0x36, 0x40,
  0x60, 0x00, 0xf7, 0x74, 0x10, 0x1a, 0x48, 0x80, 0x36, 0x40, 0x0c, 0x40,
  0x00, 0x2a, 0x67, 0x00, 0x07, 0xf8, 0x41, 0xeb, 0xff, 0xd0, 0x74, 0x09,
  0x76, 0x00, 0xb4, 0x88, 0x65, 0x00, 0xf7, 0x58, 0x20, 0x03, 0xd0, 0x83,
  0xd0, 0x80, 0xd6, 0x80, 0xd6, 0x83, 0xd6, 0x88, 0x10, 0x1a, 0x48, 0x80,
  0x36, 0x40, 0x41, 0xeb, 0xff, 0xd0, 0x78, 0x09, 0xb8, 0x88, 0x65, 0x00,
  0xf7, 0x3a, 0x20, 0x03, 0xd0, 0x83, 0xd0, 0x80, 0xd6, 0x80, 0xd6, 0x83,
  0xd6, 0x88, 0x10, 0x1a, 0x48, 0x80, 0x36, 0x40, 0x41, 0xeb, 0xff, 0xd0,
  0x78, 0x09, 0xb8, 0x88, 0x64, 0xc6, 0x60, 0x00, 0xf7, 0x1a, 0x20, 0x6e,
  0x00, 0x14, 0x58, 0xae, 0x00, 0x14, 0x22, 0x18, 0x08, 0x06, 0x00, 0x04,
  0x66, 0x0c, 0x08, 0x06, 0x00, 0x06, 0x67, 0x06, 0x02, 0x81, 0x00, 0x00,
  0xff, 0xff, 0x70, 0x01, 0x42, 0x02, 0x60, 0x00, 0xfe, 0xf0, 0x72, 0x00,
  0x7e, 0xc0, 0x41, 0xf6, 0x78, 0x00, 0x22, 0x6e, 0xff, 0x58, 0x70, 0x0f,
  0xc0, 0x81, 0x11, 0x31, 0x08, 0x00, 0xe8, 0x89, 0x66, 0xf4, 0x2e, 0x08,
  0x28, 0x2e, 0xff, 0x2c, 0x98, 0x87, 0x2d, 0x44, 0xff, 0x34, 0x28, 0x06,
  0x60, 0x00, 0xfe, 0x8e, 0x20, 0x6e, 0x00, 0x14, 0x22, 0x48, 0x58, 0x88,
  0x1d, 0x69, 0x00, 0x03, 0xff, 0x98, 0x42, 0x2e, 0xff, 0x71, 0x2d, 0x48,
  0x00, 0x14, 0x72, 0x01, 0x2d, 0x41, 0xff, 0x30, 0x74, 0x01, 0x2d, 0x42,
  0xff, 0x34, 0x7e, 0x98, 0xde, 0x8e, 0x28, 0x06, 0x76, 0x00, 0x42, 0xae,
  0xff, 0x40, 0x60, 0x00, 0xf8, 0x5a, 0x74, 0x08, 0x8c, 0x82, 0x10, 0x1a,
  0x48, 0x80, 0x36, 0x40, 0x60, 0x00, 0xf6, 0x8c, 0x70, 0x10, 0x8c, 0x80,
  0x20, 0x6e, 0x00, 0x14, 0x58, 0xae, 0x00, 0x14, 0x22, 0x18, 0x70, 0x01,
  0x60, 0x00, 0xff, 0x7e, 0x70, 0x10, 0x8c, 0x80, 0x20, 0x6e, 0x00, 0x14,
  0x58, 0xae, 0x00, 0x14, 0x22, 0x18, 0x70, 0x00, 0x42, 0x02, 0x60, 0x00,
  0xfe, 0x5c, 0x1d, 0x7c, 0x00, 0x2b, 0xff, 0x71, 0x10, 0x1a, 0x48, 0x80,
  0x36, 0x40, 0x60, 0x00, 0xf6, 0x52, 0x70, 0x01, 0x8c, 0x80, 0x10, 0x1a,
  0x48, 0x80, 0x36, 0x40, 0x60, 0x00, 0xf6, 0x44, 0x4a, 0x2e, 0xff, 0x71,
  0x66, 0x00, 0xf6, 0x36, 0x1d, 0x7c, 0x00, 0x20, 0xff, 0x71, 0x10, 0x1a,
  0x48, 0x80, 0x36, 0x40, 0x60, 0x00, 0xf6, 0x2c, 0x70, 0x7f, 0x46, 0x00,
  0x8c, 0x80, 0x10, 0x1a, 0x48, 0x80, 0x36, 0x40, 0x60, 0x00, 0xf6, 0x1c,
  0x28, 0x6e, 0x00, 0x14, 0x2e, 0x1c, 0x42, 0x2e, 0xff, 0x71, 0x4a, 0x87,
  0x67, 0x00, 0x0c, 0x8c, 0x78, 0xff, 0xb8, 0x83, 0x67, 0x00, 0x07, 0xd6,
  0x2f, 0x03, 0x42, 0xa7, 0x2f, 0x07, 0x4e, 0xb9, 0x00, 0x00, 0x4a, 0x32,
  0x4f, 0xef, 0x00, 0x0c, 0x4a, 0x80, 0x67, 0x00, 0x11, 0x5a, 0x90, 0x87,
  0x2d, 0x40, 0xff, 0x34, 0x14, 0x2e, 0xff, 0x71, 0x2d, 0x40, 0xff, 0x30,
  0x6b, 0x00, 0x07, 0xc8, 0x2d, 0x4c, 0x00, 0x14, 0x28, 0x06, 0x76, 0x00,
  0x42, 0xae, 0xff, 0x40, 0x4a, 0x02, 0x66, 0x00, 0xf9, 0x7a, 0x60, 0x00,
  0xf7, 0x86, 0x20, 0x6e, 0x00, 0x14, 0x22, 0x18, 0x70, 0x02, 0x8c, 0x80,
  0x3d, 0x7c, 0x30, 0x78, 0xff, 0x72, 0x2d, 0x48, 0x00, 0x14, 0x2d, 0x7c,
  0x00, 0x00, 0x8e, 0xa9, 0xff, 0x58, 0x36, 0x7c, 0x00, 0x78, 0x42, 0x02,
  0x60, 0x00, 0xfd, 0x9a, 0x22, 0x6e, 0x00, 0x14, 0x58, 0xae, 0x00, 0x14,
  0x22, 0x19, 0x08, 0x06, 0x00, 0x04, 0x66, 0x00, 0xff, 0x26, 0x08, 0x06,
  0x00, 0x06, 0x67, 0x00, 0xff, 0x1e, 0x02, 0x81, 0x00, 0x00, 0xff, 0xff,
  0x70, 0x00, 0x60, 0x00, 0xff, 0x14, 0x08, 0x06, 0x00, 0x04, 0x66, 0x18,
  0x08, 0x06, 0x00, 0x06, 0x67, 0x12, 0x22, 0x6e, 0x00, 0x14, 0x20, 0x51,
  0x30, 0xae, 0xff, 0x3a, 0x58, 0xae, 0x00, 0x14, 0x60, 0x00, 0xf4, 0xf0,
  0x22, 0x6e, 0x00, 0x14, 0x20, 0x51, 0x20, 0xae, 0xff, 0x38, 0x58, 0xae,
  0x00, 0x14, 0x60, 0x00, 0xf4, 0xde, 0x48, 0x6e, 0xff, 0x8c, 0x2f, 0x06,
  0x2f, 0x03, 0x4e, 0xb9, 0x00, 0x00, 0x56, 0x1c, 0x4f, 0xef, 0x00, 0x0c,
  0x4a, 0x80, 0x66, 0x00, 0xf6, 0xae, 0x22, 0x6e, 0xff, 0x94, 0x20, 0x2e,
  0xff, 0x90, 0x41, 0xee, 0xff, 0xc0, 0x2d, 0x48, 0xff, 0x20, 0x49, 0xec,
  0xff, 0xf0, 0x72, 0x10, 0xb2, 0x8c, 0x6d, 0x00, 0xf9, 0x92, 0x60, 0x00,
  0xf9, 0xc2, 0x48, 0x6e, 0xff, 0x8c, 0x2f, 0x2e, 0x00, 0x0c, 0x2f, 0x03,
  0x4e, 0xb9, 0x00, 0x00, 0x56, 0x1c, 0x4f, 0xef, 0x00, 0x0c, 0x4a, 0x80,
  0x66, 0x00, 0xf6, 0x74, 0x22, 0x6e, 0xff, 0x94, 0x20, 0x2e, 0xff, 0x90,
  0x41, 0xee, 0xff, 0xc0, 0x45, 0xea, 0xff, 0xf0, 0x74, 0x10, 0xb4, 0x8a,
  0x6d, 0x00, 0xfb, 0x4e, 0x60, 0x00, 0xfb, 0x78, 0x2f, 0x03, 0x2f, 0x06,
  0x2f, 0x04, 0x4e, 0x93, 0x4f, 0xef, 0x00, 0x0c, 0x4a, 0x80, 0x66, 0x00,
  0xf6, 0x46, 0x22, 0x6e, 0xff, 0x94, 0x20, 0x2e, 0xff, 0x90, 0x41, 0xee,
  0xff, 0xc0, 0x2d, 0x48, 0xff, 0x20, 0x49, 0xec, 0xff, 0xf0, 0x72, 0x10,
  0xb2, 0x8c, 0x6d, 0x00, 0xfb, 0xa6, 0x60, 0x00, 0xfb, 0xd6, 0x2f, 0x06,
  0x2f, 0x04, 0x2f, 0x03, 0x4e, 0xb9, 0x00, 0x00, 0x56, 0x1c, 0x4f, 0xef,
  0x00, 0x0c, 0x4a, 0x80, 0x66, 0x00, 0xf6, 0x10, 0x20, 0x6e, 0xff, 0x94,
  0x20, 0x2e, 0xff, 0x90, 0x43, 0xee, 0xff, 0xc0, 0x45, 0xea, 0xff, 0xf0,
  0x74, 0x10, 0xb4, 0x8a, 0x6d, 0x00, 0xf8, 0x6e, 0x60, 0x00, 0xf8, 0x98,
  0x28, 0x6e, 0xff, 0x20, 0x50, 0x8c, 0x70, 0x01, 0xb0, 0xae, 0xff, 0x3c,
  0x6c, 0x00, 0x00, 0xc4, 0x20, 0x6e, 0xff, 0x20, 0x20, 0x87, 0x70, 0x01,
  0x21, 0x40, 0x00, 0x04, 0x20, 0x2e, 0xff, 0x94, 0x52, 0x80, 0x2d, 0x40,
  0xff, 0x94, 0x26, 0x2e, 0xff, 0x90, 0x52, 0x83, 0x2d, 0x43, 0xff, 0x90,
  0x72, 0x07, 0xb2, 0x83, 0x6d, 0x00, 0x00, 0xfc, 0x28, 0xae, 0xff, 0x50,
  0x29, 0x6e, 0xff, 0x4c, 0x00, 0x04, 0xd0, 0xae, 0xff, 0x4c, 0x2d, 0x40,
  0xff, 0x34, 0x2d, 0x40, 0xff, 0x94, 0x52, 0x83, 0x2d, 0x43, 0xff, 0x90,
  0x74, 0x07, 0xb4, 0x83, 0x6d, 0x00, 0x01, 0x24, 0x50, 0x8c, 0x26, 0x6e,
  0xff, 0x3c, 0x53, 0x8b, 0x42, 0xa7, 0x42, 0xa7, 0x2f, 0x2e, 0xff, 0x48,
  0x2f, 0x2e, 0xff, 0x44, 0x4e, 0xb9, 0x00, 0x00, 0x87, 0xc0, 0x4f, 0xef,
  0x00, 0x10, 0x4a, 0x80, 0x67, 0x00, 0x01, 0x4c, 0x52, 0x83, 0x52, 0x87,
  0x28, 0x87, 0x29, 0x4b, 0x00, 0x04, 0x20, 0x0b, 0xd1, 0xae, 0xff, 0x34,
  0x2d, 0x6e, 0xff, 0x34, 0xff, 0x94, 0x2d, 0x43, 0xff, 0x90, 0x72, 0x07,
  0xb2, 0x83, 0x6d, 0x64, 0x50, 0x8c, 0x41, 0xee, 0xff, 0x7c, 0x28, 0x88,
  0x29, 0x6e, 0xff, 0x54, 0x00, 0x04, 0x22, 0x6e, 0xff, 0x54, 0xd3, 0xee,
  0xff, 0x34, 0x2d, 0x49, 0xff, 0x94, 0x52, 0x83, 0x2d, 0x43, 0xff, 0x90,
  0x70, 0x07, 0xb0, 0x83, 0x6d, 0x00, 0xf9, 0x9e, 0x50, 0x8c, 0x2d, 0x4c,
  0xff, 0x20, 0x60, 0x00, 0xf6, 0x36, 0x08, 0x04, 0x00, 0x00, 0x66, 0x00,
  0xff, 0x38, 0x20, 0x6e, 0xff, 0x20, 0x20, 0x87, 0x70, 0x01, 0x21, 0x40,
  0x00, 0x04, 0x20, 0x6e, 0xff, 0x94, 0x52, 0x88, 0x2d, 0x48, 0xff, 0x34,
  0x2d, 0x48, 0xff, 0x94, 0x26, 0x2e, 0xff, 0x90, 0x52, 0x83, 0x2d, 0x43,
  0xff, 0x90, 0x70, 0x07, 0xb0, 0x83, 0x6c, 0x9e, 0x48, 0x6e, 0xff, 0x8c,
  0x2f, 0x2e, 0x00, 0x0c, 0x2f, 0x2e, 0x00, 0x08, 0x4e, 0xb9, 0x00, 0x00,
  0x56, 0x1c, 0x4f, 0xef, 0x00, 0x0c, 0x4a, 0x80, 0x66, 0x00, 0xf4, 0xd4,
  0x2d, 0x6e, 0xff, 0x94, 0xff, 0x34, 0x26, 0x2e, 0xff, 0x90, 0x49, 0xee,
  0xff, 0xc0, 0x60, 0x00, 0xff, 0x72, 0x48, 0x6e, 0xff, 0x8c, 0x2f, 0x2e,
  0x00, 0x0c, 0x2f, 0x2e, 0x00, 0x08, 0x4e, 0xb9, 0x00, 0x00, 0x56, 0x1c,
  0x4f, 0xef, 0x00, 0x0c, 0x4a, 0x80, 0x66, 0x00, 0xf4, 0xa6, 0x20, 0x2e,
  0xff, 0x94, 0x26, 0x2e, 0xff, 0x90, 0x49, 0xee, 0xff, 0xc0, 0x28, 0xae,
  0xff, 0x50, 0x29, 0x6e, 0xff, 0x4c, 0x00, 0x04, 0xd0, 0xae, 0xff, 0x4c,
  0x2d, 0x40, 0xff, 0x34, 0x2d, 0x40, 0xff, 0x94, 0x52, 0x83, 0x2d, 0x43,
  0xff, 0x90, 0x74, 0x07, 0xb4, 0x83, 0x6c, 0x00, 0xfe, 0xe0, 0x48, 0x6e,
  0xff, 0x8c, 0x2f, 0x2e, 0x00, 0x0c, 0x2f, 0x2e, 0x00, 0x08, 0x4e, 0xb9,
  0x00, 0x00, 0x56, 0x1c, 0x4f, 0xef, 0x00, 0x0c, 0x4a, 0x80, 0x66, 0x00,
  0xf4, 0x5a, 0x2d, 0x6e, 0xff, 0x94, 0xff, 0x34, 0x26, 0x2e, 0xff, 0x90,
  0x49, 0xee, 0xff, 0xc0, 0x26, 0x6e, 0xff, 0x3c, 0x53, 0x8b, 0x42, 0xa7,
  0x42, 0xa7, 0x2f, 0x2e, 0xff, 0x48, 0x2f, 0x2e, 0xff, 0x44, 0x4e, 0xb9,
  0x00, 0x00, 0x87, 0xc0, 0x4f, 0xef, 0x00, 0x10, 0x4a, 0x80, 0x66, 0x00,
  0xfe, 0xb8, 0x74, 0x01, 0xb4, 0xae, 0xff, 0x3c, 0x6c, 0x00, 0xfe, 0xd0,
  0x70, 0x11, 0xb0, 0xae, 0xff, 0x3c, 0x6c, 0x60, 0x7e, 0x8c, 0xde, 0x8e,
  0x2c, 0x3c, 0x00, 0x00, 0x56, 0x1c, 0x20, 0x6e, 0xff, 0x34, 0x2d, 0x44,
  0xff, 0x34, 0x28, 0x2e, 0x00, 0x08, 0x2d, 0x4a, 0xff, 0x40, 0x24, 0x4b,
  0x26, 0x45, 0x2a, 0x2e, 0x00, 0x0c, 0x28, 0xbc, 0x00, 0x00, 0x8b, 0xe0,
  0x72, 0x10, 0x29, 0x41, 0x00, 0x04, 0x41, 0xe8, 0x00, 0x10, 0x2d, 0x48,
  0xff, 0x94, 0x52, 0x83, 0x2d, 0x43, 0xff, 0x90, 0x74, 0x07, 0xb4, 0x83,
  0x6d, 0x00, 0x04, 0xfa, 0x50, 0x8c, 0x45, 0xea, 0xff, 0xf0, 0x70, 0x10,
  0xb0, 0x8a, 0x6d, 0xd2, 0x28, 0x2e, 0xff, 0x34, 0x2a, 0x0b, 0x26, 0x4a,
  0x24, 0x6e, 0xff, 0x40, 0x2d, 0x48, 0xff, 0x34, 0x28, 0xbc, 0x00, 0x00,
  0x8b, 0xe0, 0x29, 0x4b, 0x00, 0x04, 0x22, 0x0b, 0xd3, 0xae, 0xff, 0x34,
  0x2d, 0x6e, 0xff, 0x34, 0xff, 0x94, 0x52, 0x83, 0x2d, 0x43, 0xff, 0x90,
  0x74, 0x07, 0xb4, 0x83, 0x6d, 0x00, 0xfe, 0xa6, 0x50, 0x8c, 0x60, 0x00,
  0xfe, 0x3e, 0x70, 0x01, 0x4a, 0x83, 0x66, 0x00, 0x06, 0x0c, 0x4a, 0x80,
  0x66, 0x00, 0x01, 0xfe, 0x72, 0x01, 0xc2, 0x86, 0x2d, 0x41, 0xff, 0x34,
  0x08, 0x06, 0x00, 0x00, 0x67, 0x00, 0x02, 0x9e, 0x1d, 0x7c, 0x00, 0x30,
  0xff, 0xbf, 0x7e, 0xbf, 0xde, 0x8e, 0x60, 0x00, 0xf9, 0xa8, 0x48, 0x6e,
  0xff, 0x8c, 0x2f, 0x2e, 0x00, 0x0c, 0x2f, 0x2e, 0x00, 0x08, 0x4e, 0xb9,
  0x00, 0x00, 0x56, 0x1c, 0x4f, 0xef, 0x00, 0x0c, 0x4a, 0x80, 0x66, 0x00,
  0xf3, 0x46, 0x41, 0xee, 0xff, 0xc0, 0x2d, 0x48, 0xff, 0x20, 0xb8, 0xfc,
  0x00, 0x80, 0x66, 0x00, 0xf4, 0x06, 0x60, 0x00, 0xf5, 0x6e, 0x48, 0x6e,
  0xff, 0x8c, 0x2f, 0x2e, 0x00, 0x0c, 0x2f, 0x2e, 0x00, 0x08, 0x4e, 0xb9,
  0x00, 0x00, 0x56, 0x1c, 0x4f, 0xef, 0x00, 0x0c, 0x4a, 0x80, 0x66, 0x00,
  0xf3, 0x16, 0x41, 0xee, 0xff, 0xc0, 0x2d, 0x48, 0xff, 0x20, 0x60, 0x00,
  0xf3, 0xa4, 0x22, 0x2e, 0xff, 0x74, 0x6f, 0x00, 0x04, 0xec, 0x26, 0x2e,
  0xff, 0x3c, 0xb6, 0xae, 0xff, 0x40, 0x6e, 0x00, 0x02, 0x40, 0x4a, 0x83,
  0x6f, 0x24, 0x22, 0x6e, 0xff, 0x20, 0x22, 0x87, 0x23, 0x43, 0x00, 0x04,
  0xd7, 0xae, 0xff, 0x94, 0x20, 0x2e, 0xff, 0x90, 0x52, 0x80, 0x2d, 0x40,
  0xff, 0x90, 0x72, 0x07, 0xb2, 0x80, 0x6d, 0x00, 0x0c, 0x54, 0x50, 0xae,
  0xff, 0x20, 0x4a, 0x83, 0x6d, 0x00, 0x02, 0x48, 0x28, 0x6e, 0xff, 0x40,
  0x99, 0xc3, 0xb8, 0xfc, 0x00, 0x00, 0x6e, 0x00, 0x03, 0x3e, 0x22, 0x2e,
  0xff, 0x74, 0xb2, 0xae, 0xff, 0x3c, 0x6c, 0x00, 0x02, 0x04, 0x22, 0x6e,
  0xff, 0x20, 0x22, 0xae, 0xff, 0x50, 0x23, 0x6e, 0xff, 0x4c, 0x00, 0x04,
  0x22, 0x6e, 0xff, 0x4c, 0xd3, 0xee, 0xff, 0x94, 0x2d, 0x49, 0xff, 0x94,
  0x20, 0x2e, 0xff, 0x90, 0x52, 0x80, 0x2d, 0x40, 0xff, 0x90, 0x74, 0x07,
  0xb4, 0x80, 0x6d, 0x00, 0x09, 0x68, 0x50, 0xae, 0xff, 0x20, 0x20, 0x2e,
  0xff, 0x3c, 0x90, 0x81, 0x26, 0x2e, 0xff, 0x3c, 0x96, 0xae, 0xff, 0x40,
  0xb0, 0x83, 0x6c, 0x02, 0x26, 0x00, 0x4a, 0x83, 0x6f, 0x2a, 0xde, 0xae,
  0xff, 0x40, 0x20, 0x6e, 0xff, 0x20, 0x20, 0x87, 0x21, 0x43, 0x00, 0x04,
  0xd3, 0xc3, 0x2d, 0x49, 0xff, 0x94, 0x22, 0x2e, 0xff, 0x90, 0x52, 0x81,
  0x2d, 0x41, 0xff, 0x90, 0x74, 0x07, 0xb4, 0x81, 0x6d, 0x00, 0x0b, 0xf6,
  0x50, 0xae, 0xff, 0x20, 0x4a, 0x83, 0x6d, 0x00, 0x02, 0x86, 0x28, 0x40,
  0x99, 0xc3, 0xb8, 0xfc, 0x00, 0x00, 0x6f, 0x00, 0xf3, 0x3e, 0x20, 0x2e,
  0xff, 0x90, 0x72, 0x10, 0xb2, 0x8c, 0x6c, 0x00, 0xf6, 0x6e, 0x76, 0x8c,
  0xd6, 0x8e, 0x47, 0xf9, 0x00, 0x00, 0x56, 0x1c, 0x2c, 0x2e, 0x00, 0x08,
  0x2e, 0x2e, 0x00, 0x0c, 0x20, 0x6e, 0xff, 0x20, 0x20, 0xbc, 0x00, 0x00,
  0x8b, 0xe0, 0x72, 0x10, 0x21, 0x41, 0x00, 0x04, 0x43, 0xe9, 0x00, 0x10,
  0x2d, 0x49, 0xff, 0x94, 0x52, 0x80, 0x2d, 0x40, 0xff, 0x90, 0x74, 0x07,
  0xb4, 0x80, 0x6d, 0x34, 0x50, 0xae, 0xff, 0x20, 0x49, 0xec, 0xff, 0xf0,
  0x72, 0x10, 0xb2, 0x8c, 0x6c, 0x00, 0xf6, 0x28, 0x20, 0x6e, 0xff, 0x20,
  0x20, 0xbc, 0x00, 0x00, 0x8b, 0xe0, 0x72, 0x10, 0x21, 0x41, 0x00, 0x04,
  0x43, 0xe9, 0x00, 0x10, 0x2d, 0x49, 0xff, 0x94, 0x52, 0x80, 0x2d, 0x40,
  0xff, 0x90, 0x74, 0x07, 0xb4, 0x80, 0x6c, 0xcc, 0x2f, 0x03, 0x2f, 0x07,
  0x2f, 0x06, 0x4e, 0x93, 0x4f, 0xef, 0x00, 0x0c, 0x4a, 0x80, 0x66, 0x00,
  0xf1, 0xa2, 0x22, 0x6e, 0xff, 0x94, 0x20, 0x2e, 0xff, 0x90, 0x41, 0xee,
  0xff, 0xc0, 0x2d, 0x48, 0xff, 0x20, 0x49, 0xec, 0xff, 0xf0, 0x72, 0x10,
  0xb2, 0x8c, 0x6d, 0xb0, 0x60, 0x00, 0xf5, 0xd4, 0x42, 0xae, 0xff, 0x34,
  0x7e, 0xc0, 0xde, 0x8e, 0x60, 0x00, 0xf7, 0xbe, 0x48, 0x6e, 0xff, 0x8c,
  0x2f, 0x2e, 0x00, 0x0c, 0x2f, 0x2e, 0x00, 0x08, 0x4e, 0xb9, 0x00, 0x00,
  0x56, 0x1c, 0x4f, 0xef, 0x00, 0x0c, 0x4a, 0x80, 0x66, 0x00, 0xf1, 0x5c,
  0x41, 0xee, 0xff, 0xc0, 0x2d, 0x48, 0xff, 0x20, 0x60, 0x00, 0xf2, 0x2e,
  0x7e, 0xc0, 0x49, 0xf9, 0x00, 0x00, 0x7c, 0x74, 0x2d, 0x43, 0xff, 0x30,
  0x2d, 0x45, 0xff, 0x34, 0x26, 0x01, 0x18, 0x02, 0x20, 0x0a, 0x45, 0xf6,
  0x78, 0x00, 0x2e, 0x00, 0x48, 0x78, 0x00, 0x0a, 0x2f, 0x03, 0x4e, 0xb9,
  0x00, 0x00, 0x7d, 0x00, 0x50, 0x8f, 0x06, 0x00, 0x00, 0x30, 0x15, 0x00,
  0x2a, 0x03, 0x48, 0x78, 0x00, 0x0a, 0x2f, 0x03, 0x4e, 0x94, 0x50, 0x8f,
  0x26, 0x00, 0x74, 0x09, 0xb4, 0x85, 0x65, 0xd8, 0x26, 0x2e, 0xff, 0x30,
  0x2a, 0x2e, 0xff, 0x34, 0x14, 0x04, 0x20, 0x07, 0x2e, 0x0a, 0x24, 0x40,
  0x28, 0x2e, 0xff, 0x2c, 0x98, 0x87, 0x2d, 0x44, 0xff, 0x34, 0x28, 0x06,
  0x60, 0x00, 0xf7, 0x32, 0x20, 0x6e, 0x00, 0x14, 0x26, 0x18, 0x6a, 0x02,
  0x76, 0xff, 0x2d, 0x48, 0x00, 0x14, 0x10, 0x1a, 0x48, 0x80, 0x36, 0x40,
  0x60, 0x00, 0xef, 0x58, 0x7e, 0xc0, 0xde, 0x8e, 0x60, 0x00, 0xf7, 0x12,
  0x20, 0x6e, 0x00, 0x14, 0x2d, 0x58, 0xff, 0x44, 0x2d, 0x58, 0xff, 0x48,
  0x2d, 0x48, 0x00, 0x14, 0x60, 0x00, 0xf2, 0x3c, 0x26, 0x2e, 0xff, 0x40,
  0x6e, 0x00, 0xfd, 0xc0, 0x60, 0x00, 0xfd, 0xe0, 0x08, 0x04, 0x00, 0x00,
  0x66, 0x00, 0xfd, 0xf8, 0x22, 0x6e, 0xff, 0x94, 0x20, 0x2e, 0xff, 0x3c,
  0x90, 0x81, 0x26, 0x2e, 0xff, 0x3c, 0x96, 0xae, 0xff, 0x40, 0xb0, 0x83,
  0x6c, 0x00, 0xfe, 0x52, 0x26, 0x00, 0x6a, 0x00, 0xfe, 0x52, 0x60, 0x00,
  0x00, 0xd2, 0x76, 0x00, 0x28, 0x6e, 0xff, 0x40, 0x99, 0xc3, 0xb8, 0xfc,
  0x00, 0x00, 0x6f, 0x00, 0xfd, 0xba, 0x60, 0x00, 0x00, 0xf2, 0x22, 0x6e,
  0xff, 0x94, 0x60, 0x00, 0xf1, 0x7a, 0x2d, 0x7c, 0x00, 0x00, 0x8e, 0x98,
  0xff, 0x58, 0x22, 0x6e, 0x00, 0x14, 0x58, 0xae, 0x00, 0x14, 0x22, 0x19,
  0x08, 0x06, 0x00, 0x04, 0x66, 0x0c, 0x08, 0x06, 0x00, 0x06, 0x67, 0x06,
  0x02, 0x81, 0x00, 0x00, 0xff, 0xff, 0x08, 0x06, 0x00, 0x00, 0x67, 0x00,
  0x01, 0xc2, 0x4a, 0x81, 0x67, 0x00, 0x01, 0xbc, 0x1d, 0x7c, 0x00, 0x30,
  0xff, 0x72, 0x30, 0x0b, 0x1d, 0x40, 0xff, 0x73, 0x74, 0x02, 0x8c, 0x82,
  0x70, 0x02, 0x42, 0x02, 0x60, 0x00, 0xf6, 0x9a, 0x48, 0x78, 0x00, 0x40,
  0x2f, 0x2e, 0x00, 0x08, 0x4e, 0xb9, 0x00, 0x00, 0x05, 0x2c, 0x20, 0x6e,
  0x00, 0x0c, 0x20, 0x80, 0x21, 0x40, 0x00, 0x10, 0x50, 0x8f, 0x67, 0x00,
  0x08, 0x7c, 0x70, 0x40, 0x20, 0x6e, 0x00, 0x0c, 0x21, 0x40, 0x00, 0x14,
  0x43, 0xee, 0xff, 0xc0, 0x2d, 0x49, 0xff, 0x8c, 0x42, 0xae, 0xff, 0x94,
  0x42, 0xae, 0xff, 0x90, 0x42, 0xae, 0xff, 0x3c, 0x42, 0xae, 0xff, 0x44,
  0x42, 0xae, 0xff, 0x48, 0x2d, 0x49, 0xff, 0x2c, 0x42, 0xae, 0xff, 0x58,
  0x42, 0xae, 0xff, 0x54, 0x42, 0xae, 0xff, 0x38, 0x2d, 0x49, 0xff, 0x20,
  0x24, 0x47, 0x60, 0x00, 0xed, 0xd6, 0x2d, 0x7c, 0x00, 0x00, 0x8e, 0xa9,
  0xff, 0x58, 0x60, 0x00, 0xff, 0x56, 0x76, 0x00, 0x60, 0x00, 0xfd, 0x78,
  0x2f, 0x07, 0x4e, 0xb9, 0x00, 0x00, 0x0e, 0xa0, 0x2d, 0x40, 0xff, 0x34,
  0x14, 0x2e, 0xff, 0x71, 0x2d, 0x40, 0xff, 0x30, 0x58, 0x8f, 0x6a, 0x00,
  0xf8, 0x3c, 0x42, 0xae, 0xff, 0x30, 0x2d, 0x4c, 0x00, 0x14, 0x28, 0x06,
  0x76, 0x00, 0x42, 0xae, 0xff, 0x40, 0x60, 0x00, 0xf8, 0x34, 0x20, 0x6e,
  0xff, 0x94, 0x20, 0x2e, 0xff, 0x90, 0x72, 0x10, 0xb2, 0x8c, 0x6c, 0x5e,
  0x76, 0x8c, 0xd6, 0x8e, 0x47, 0xf9, 0x00, 0x00, 0x56, 0x1c, 0x2d, 0x45,
  0xff, 0x34, 0x2a, 0x04, 0x2c, 0x2e, 0x00, 0x08, 0x28, 0x2e, 0x00, 0x0c,
  0x22, 0x0a, 0x24, 0x4c, 0x28, 0x41, 0x22, 0x6e, 0xff, 0x20, 0x22, 0xbc,
  0x00, 0x00, 0x8b, 0xe0, 0x72, 0x10, 0x23, 0x41, 0x00, 0x04, 0x41, 0xe8,
  0x00, 0x10, 0x2d, 0x48, 0xff, 0x94, 0x52, 0x80, 0x2d, 0x40, 0xff, 0x90,
  0x74, 0x07, 0xb4, 0x80, 0x6d, 0x00, 0x00, 0xbc, 0x50, 0xae, 0xff, 0x20,
  0x45, 0xea, 0xff, 0xf0, 0x72, 0x10, 0xb2, 0x8a, 0x6d, 0xcc, 0x28, 0x05,
  0x2a, 0x2e, 0xff, 0x34, 0x22, 0x0c, 0x28, 0x4a, 0x24, 0x41, 0x22, 0x6e,
  0xff, 0x20, 0x22, 0xbc, 0x00, 0x00, 0x8b, 0xe0, 0x23, 0x4c, 0x00, 0x04,
  0xd9, 0xc8, 0x2d, 0x4c, 0xff, 0x94, 0x52, 0x80, 0x2d, 0x40, 0xff, 0x90,
  0x72, 0x07, 0xb2, 0x80, 0x6d, 0x00, 0x07, 0x8a, 0x50, 0xae, 0xff, 0x20,
  0x22, 0x2e, 0xff, 0x74, 0xb2, 0xae, 0xff, 0x3c, 0x6d, 0x00, 0xfc, 0x34,
  0x60, 0x00, 0xfe, 0x32, 0x2f, 0x07, 0x2f, 0x05, 0x2f, 0x04, 0x20, 0x46,
  0x4e, 0x90, 0x4f, 0xef, 0x00, 0x0c, 0x4a, 0x80, 0x66, 0x00, 0xee, 0xc8,
  0x20, 0x6e, 0xff, 0x94, 0x26, 0x2e, 0xff, 0x90, 0x49, 0xee, 0xff, 0xc0,
  0x45, 0xea, 0xff, 0xf0, 0x70, 0x10, 0xb0, 0x8a, 0x6d, 0x00, 0xfa, 0xbc,
  0x60, 0x00, 0xfa, 0xe6, 0x2f, 0x03, 0x2f, 0x07, 0x2f, 0x06, 0x4e, 0x93,
  0x4f, 0xef, 0x00, 0x0c, 0x4a, 0x80, 0x66, 0x00, 0xee, 0x9a, 0x22, 0x6e,
  0xff, 0x94, 0x20, 0x2e, 0xff, 0x90, 0x41, 0xee, 0xff, 0xc0, 0x2d, 0x48,
  0xff, 0x20, 0x49, 0xec, 0xff, 0xf0, 0x72, 0x10, 0xb2, 0x8c, 0x6d, 0x00,
  0xf2, 0x9a, 0x60, 0x00, 0xf2, 0xca, 0x70, 0x02, 0x42, 0x02, 0x60, 0x00,
  0xf4, 0xf0, 0x2f, 0x03, 0x2f, 0x04, 0x2f, 0x06, 0x4e, 0x93, 0x4f, 0xef,
  0x00, 0x0c, 0x4a, 0x80, 0x66, 0x00, 0xee, 0x60, 0x20, 0x6e, 0xff, 0x94,
  0x20, 0x2e, 0xff, 0x90, 0x43, 0xee, 0xff, 0xc0, 0x2d, 0x49, 0xff, 0x20,
  0x45, 0xea, 0xff, 0xf0, 0x72, 0x10, 0xb2, 0x8a, 0x6d, 0x00, 0xfe, 0xf4,
  0x60, 0x00, 0xff, 0x24, 0x48, 0x6e, 0xff, 0x8c, 0x2f, 0x2e, 0x00, 0x0c,
  0x2f, 0x2e, 0x00, 0x08, 0x4e, 0xb9, 0x00, 0x00, 0x56, 0x1c, 0x4f, 0xef,
  0x00, 0x0c, 0x4a, 0x80, 0x66, 0x00, 0xee, 0x24, 0x41, 0xee, 0xff, 0xc0,
  0x2d, 0x48, 0xff, 0x20, 0x60, 0x00, 0xee, 0x82, 0x22, 0x6e, 0xff, 0x20,
  0x22, 0xbc, 0x00, 0x00, 0x8e, 0xc1, 0x70, 0x01, 0x23, 0x40, 0x00, 0x04,
  0x22, 0x6e, 0xff, 0x94, 0x52, 0x89, 0x2d, 0x49, 0xff, 0x94, 0x20, 0x2e,
  0xff, 0x90, 0x52, 0x80, 0x2d, 0x40, 0xff, 0x90, 0x74, 0x07, 0xb4, 0x80,
  0x6d, 0x00, 0x05, 0x02, 0x50, 0xae, 0xff, 0x20, 0x4a, 0x81, 0x66, 0x00,
  0x03, 0x0e, 0x70, 0x01, 0xc0, 0x84, 0x80, 0xae, 0xff, 0x3c, 0x67, 0x00,
  0xee, 0xea, 0x20, 0x6e, 0xff, 0x20, 0x20, 0xae, 0xff, 0x50, 0x21, 0x6e,
  0xff, 0x4c, 0x00, 0x04, 0xd3, 0xee, 0xff, 0x4c, 0x2d, 0x49, 0xff, 0x94,
  0x20, 0x2e, 0xff, 0x90, 0x52, 0x80, 0x2d, 0x40, 0xff, 0x90, 0x72, 0x07,
  0xb2, 0x80, 0x6d, 0x00, 0x05, 0x5c, 0x50, 0x88, 0x2d, 0x48, 0xff, 0x34,
  0x20, 0x6e, 0xff, 0x34, 0x20, 0x87, 0x21, 0x6e, 0xff, 0x3c, 0x00, 0x04,
  0xd3, 0xee, 0xff, 0x3c, 0x2d, 0x49, 0xff, 0x94, 0x52, 0x80, 0x2d, 0x40,
  0xff, 0x90, 0x72, 0x07, 0xb2, 0x80, 0x6d, 0x00, 0xf1, 0xf8, 0x50, 0x88,
  0x2d, 0x48, 0xff, 0x20, 0x60, 0x00, 0xee, 0x90, 0x72, 0x01, 0xb2, 0x80,
  0x67, 0x00, 0x04, 0xba, 0x72, 0x02, 0x2c, 0x04, 0xb2, 0x80, 0x67, 0x00,
  0xf4, 0xfa, 0x72, 0x00, 0x7e, 0xc0, 0x41, 0xf6, 0x78, 0x00, 0x60, 0x00,
  0xf4, 0x06, 0x2f, 0x2e, 0xff, 0x48, 0x2f, 0x2e, 0xff, 0x44, 0x2f, 0x2e,
  0xff, 0x48, 0x2f, 0x2e, 0xff, 0x44, 0x4e, 0x94, 0x4f, 0xef, 0x00, 0x10,
  0x4a, 0x80, 0x66, 0x00, 0x08, 0x1c, 0x24, 0x0b, 0x78, 0xdf, 0xc4, 0x84,
  0x28, 0x42, 0x70, 0xff, 0xb0, 0x83, 0x67, 0x00, 0x06, 0xe2, 0x72, 0x47,
  0xb2, 0x82, 0x67, 0x00, 0x01, 0x8a, 0x28, 0x06, 0x00, 0x44, 0x01, 0x00,
  0x4a, 0xae, 0xff, 0x44, 0x6d, 0x00, 0x03, 0xe4, 0x2d, 0x6e, 0xff, 0x44,
  0xff, 0x68, 0x2d, 0x6e, 0xff, 0x48, 0xff, 0x6c, 0x42, 0x2e, 0xff, 0x5c,
  0x70, 0x66, 0xb0, 0x8b, 0x67, 0x00, 0x03, 0x08, 0x72, 0x45, 0xb2, 0x8c,
  0x67, 0x00, 0x04, 0xe4, 0x48, 0x6e, 0xff, 0x84, 0x48, 0x6e, 0xff, 0x78,
  0x48, 0x6e, 0xff, 0x74, 0x2f, 0x03, 0x48, 0x78, 0x00, 0x02, 0x2f, 0x2e,
  0xff, 0x6c, 0x2f, 0x2e, 0xff, 0x68, 0x2f, 0x2e, 0x00, 0x08, 0x4e, 0xb9,
  0x00, 0x00, 0x2f, 0x8c, 0x2e, 0x00, 0x4f, 0xef, 0x00, 0x20, 0x70, 0x67,
  0xb0, 0x8b, 0x66, 0x00, 0x05, 0xc4, 0x08, 0x06, 0x00, 0x00, 0x67, 0x00,
  0x07, 0x1c, 0x22, 0x07, 0xd2, 0x83, 0x42, 0xa7, 0x42, 0xa7, 0x2f, 0x2e,
  0xff, 0x6c, 0x2f, 0x2e, 0xff, 0x68, 0x2d, 0x41, 0xff, 0x28, 0x4e, 0xb9,
  0x00, 0x00, 0x87, 0x9c, 0x4f, 0xef, 0x00, 0x10, 0x22, 0x2e, 0xff, 0x28,
  0x4a, 0x80, 0x66, 0x00, 0x02, 0xfe, 0x92, 0x87, 0x2d, 0x41, 0xff, 0x3c,
  0x20, 0x6e, 0xff, 0x74, 0x2d, 0x48, 0xff, 0x40, 0x74, 0xfd, 0xb4, 0x88,
  0x6f, 0x00, 0x06, 0x96, 0x55, 0x8b, 0x22, 0x08, 0x53, 0x81, 0x30, 0x0b,
  0x76, 0x01, 0x96, 0x88, 0x74, 0x2d, 0x2d, 0x41, 0xff, 0x74, 0xe1, 0x48,
  0x10, 0x02, 0x3d, 0x40, 0xff, 0x7c, 0x72, 0x09, 0xb2, 0x83, 0x6c, 0x00,
  0x06, 0xce, 0x41, 0xee, 0xff, 0x8b, 0x2d, 0x48, 0xff, 0x40, 0x28, 0x48,
  0x2d, 0x44, 0xff, 0x30, 0x2d, 0x45, 0xff, 0x34, 0x28, 0x03, 0x26, 0x0c,
  0x48, 0x78, 0x00, 0x0a, 0x2f, 0x04, 0x4e, 0xb9, 0x00, 0x00, 0x7d, 0x30,
  0x50, 0x8f, 0x06, 0x00, 0x00, 0x30, 0x19, 0x00, 0x2a, 0x04, 0x48, 0x78,
  0x00, 0x0a, 0x2f, 0x04, 0x4e, 0xb9, 0x00, 0x00, 0x7c, 0xd0, 0x50, 0x8f,
  0x28, 0x00, 0x70, 0x63, 0xb0, 0x85, 0x6d, 0xd2, 0x22, 0x03, 0x2a, 0x2e,
  0xff, 0x34, 0x26, 0x04, 0x28, 0x2e, 0xff, 0x30, 0x22, 0x41, 0x55, 0x89,
  0x06, 0x03, 0x00, 0x30, 0x19, 0x43, 0xff, 0xff, 0xb3, 0xee, 0xff, 0x40,
  0x64, 0x00, 0x07, 0xa4, 0x49, 0xee, 0xff, 0x7c, 0x54, 0x8c, 0x18, 0xd9,
  0xb3, 0xee, 0xff, 0x40, 0x66, 0xf8, 0x22, 0x4e, 0x93, 0xc1, 0x43, 0xe9,
  0xff, 0x8f, 0x2d, 0x49, 0xff, 0x54, 0x24, 0x2e, 0xff, 0x3c, 0xd4, 0xae,
  0xff, 0x54, 0x2d, 0x42, 0xff, 0x34, 0x70, 0x01, 0xb0, 0xae, 0xff, 0x3c,
  0x6c, 0x00, 0x04, 0x9e, 0x24, 0x2e, 0xff, 0x4c, 0xd5, 0xae, 0xff, 0x34,
  0x2d, 0x6e, 0xff, 0x34, 0xff, 0x30, 0x6b, 0x00, 0x04, 0xac, 0x42, 0xae,
  0xff, 0x40, 0x4a, 0x2e, 0xff, 0x5c, 0x67, 0x00, 0x05, 0x24, 0x1d, 0x7c,
  0x00, 0x2d, 0xff, 0x71, 0x76, 0x00, 0x52, 0xae, 0xff, 0x30, 0x60, 0x00,
  0xeb, 0xe6, 0x4a, 0x83, 0x66, 0x00, 0xfe, 0x74, 0x76, 0x01, 0x60, 0x00,
  0xfe, 0x6e, 0x48, 0x6e, 0xff, 0x8c, 0x2f, 0x2e, 0x00, 0x0c, 0x2f, 0x2e,
  0x00, 0x08, 0x4e, 0xb9, 0x00, 0x00, 0x56, 0x1c, 0x4f, 0xef, 0x00, 0x0c,
  0x4a, 0x80, 0x66, 0x00, 0xeb, 0x7a, 0x41, 0xee, 0xff, 0xc0, 0x2d, 0x48,
  0xff, 0x20, 0x60, 0x00, 0xef, 0x1e, 0x48, 0x6e, 0xff, 0x8c, 0x2f, 0x2e,
  0x00, 0x0c, 0x2f, 0x2e, 0x00, 0x08, 0x4e, 0xb9, 0x00, 0x00, 0x56, 0x1c,
  0x4f, 0xef, 0x00, 0x0c, 0x4a, 0x80, 0x66, 0x00, 0xeb, 0x52, 0x41, 0xee,
  0xff, 0xc0, 0x2d, 0x48, 0xff, 0x20, 0x28, 0x43, 0x99, 0xee, 0xff, 0x34,
  0xb8, 0xfc, 0x00, 0x00, 0x6f, 0x00, 0xec, 0x1a, 0x60, 0x00, 0xee, 0x22,
  0x48, 0x6e, 0xff, 0x8c, 0x2f, 0x2e, 0x00, 0x0c, 0x2f, 0x2e, 0x00, 0x08,
  0x4e, 0xb9, 0x00, 0x00, 0x56, 0x1c, 0x4f, 0xef, 0x00, 0x0c, 0x4a, 0x80,
  0x66, 0x00, 0xeb, 0x1c, 0x22, 0x6e, 0xff, 0x94, 0x41, 0xee, 0xff, 0xc0,
  0x2d, 0x48, 0xff, 0x20, 0x28, 0x6e, 0xff, 0x3c, 0x53, 0x8c, 0xb8, 0xfc,
  0x00, 0x00, 0x6f, 0x00, 0xec, 0x16, 0x60, 0x00, 0xee, 0xfe, 0x2d, 0x43,
  0xff, 0x34, 0x72, 0x06, 0xb2, 0x83, 0x65, 0x00, 0x02, 0x54, 0x2d, 0x6e,
  0xff, 0x34, 0xff, 0x30, 0x2d, 0x4c, 0x00, 0x14, 0x2e, 0x3c, 0x00, 0x00,
  0x8e, 0xba, 0x28, 0x06, 0x76, 0x00, 0x42, 0xae, 0xff, 0x40, 0x60, 0x00,
  0xeb, 0x1a, 0x20, 0x6e, 0xff, 0x20, 0x20, 0xae, 0xff, 0x50, 0x21, 0x6e,
  0xff, 0x4c, 0x00, 0x04, 0xd3, 0xee, 0xff, 0x4c, 0x2d, 0x49, 0xff, 0x94,
  0x20, 0x2e, 0xff, 0x90, 0x52, 0x80, 0x2d, 0x40, 0xff, 0x90, 0x74, 0x07,
  0xb4, 0x80, 0x6d, 0x00, 0x02, 0x5c, 0x50, 0x88, 0x2d, 0x48, 0xff, 0x34,
  0x4a, 0x81, 0x6c, 0x00, 0xfc, 0xfc, 0x24, 0x01, 0x44, 0x82, 0x28, 0x42,
  0x74, 0xf0, 0xb4, 0x81, 0x6f, 0x42, 0x76, 0x8c, 0xd6, 0x8e, 0x47, 0xf9,
  0x00, 0x00, 0x56, 0x1c, 0x2c, 0x2e, 0x00, 0x08, 0x20, 0x6e, 0xff, 0x34,
  0x20, 0xbc, 0x00, 0x00, 0x8b, 0xe0, 0x72, 0x10, 0x21, 0x41, 0x00, 0x04,
  0x43, 0xe9, 0x00, 0x10, 0x2d, 0x49, 0xff, 0x94, 0x52, 0x80, 0x2d, 0x40,
  0xff, 0x90, 0x74, 0x07, 0xb4, 0x80, 0x6d, 0x00, 0x03, 0xa0, 0x50, 0xae,
  0xff, 0x34, 0x49, 0xec, 0xff, 0xf0, 0x72, 0x10, 0xb2, 0x8c, 0x6d, 0xcc,
  0x20, 0x6e, 0xff, 0x34, 0x20, 0xbc, 0x00, 0x00, 0x8b, 0xe0, 0x21, 0x4c,
  0x00, 0x04, 0xd3, 0xcc, 0x2d, 0x49, 0xff, 0x94, 0x52, 0x80, 0x2d, 0x40,
  0xff, 0x90, 0x72, 0x07, 0xb2, 0x80, 0x6d, 0x00, 0x05, 0x9a, 0x50, 0xae,
  0xff, 0x34, 0x60, 0x00, 0xfc, 0x84, 0x2e, 0x3c, 0x00, 0x00, 0x8e, 0x88,
  0x78, 0x80, 0x46, 0x04, 0xc8, 0x86, 0x72, 0x03, 0x2d, 0x41, 0xff, 0x30,
  0x2d, 0x41, 0xff, 0x34, 0x76, 0x00, 0x42, 0xae, 0xff, 0x40, 0x60, 0x00,
  0xec, 0x38, 0x1d, 0x7c, 0x00, 0x2d, 0xff, 0x71, 0x74, 0x2d, 0x60, 0x00,
  0xec, 0x08, 0x48, 0x6e, 0xff, 0x84, 0x48, 0x6e, 0xff, 0x78, 0x48, 0x6e,
  0xff, 0x74, 0x2f, 0x03, 0x48, 0x78, 0x00, 0x03, 0x2f, 0x2e, 0xff, 0x6c,
  0x2f, 0x2e, 0xff, 0x68, 0x2f, 0x2e, 0x00, 0x08, 0x4e, 0xb9, 0x00, 0x00,
  0x2f, 0x8c, 0x2e, 0x00, 0x4f, 0xef, 0x00, 0x20, 0x20, 0x40, 0x0c, 0x10,
  0x00, 0x30, 0x67, 0x00, 0x01, 0xfe, 0x20, 0x2e, 0xff, 0x74, 0xd0, 0x83,
  0x2d, 0x40, 0xff, 0x3c, 0x42, 0xa7, 0x42, 0xa7, 0x2f, 0x2e, 0xff, 0x6c,
  0x2f, 0x2e, 0xff, 0x68, 0x4e, 0xb9, 0x00, 0x00, 0x87, 0x9c, 0x4f, 0xef,
  0x00, 0x10, 0x4a, 0x80, 0x67, 0x00, 0x01, 0x48, 0x22, 0x2e, 0xff, 0x3c,
  0xd2, 0x87, 0x20, 0x2e, 0xff, 0x84, 0xb2, 0x80, 0x63, 0x16, 0x24, 0x00,
  0x52, 0x82, 0x2d, 0x42, 0xff, 0x84, 0x20, 0x40, 0x10, 0xbc, 0x00, 0x30,
  0x20, 0x2e, 0xff, 0x84, 0xb2, 0x80, 0x62, 0xea, 0x90, 0x87, 0x2d, 0x40,
  0xff, 0x3c, 0x20, 0x6e, 0xff, 0x74, 0x2d, 0x48, 0xff, 0x40, 0x72, 0x47,
  0xb2, 0x8c, 0x67, 0x00, 0xfc, 0xdc, 0x70, 0x66, 0xb0, 0x8b, 0x66, 0x00,
  0x02, 0x8c, 0x70, 0x01, 0xc0, 0x86, 0x80, 0x83, 0x4a, 0xae, 0xff, 0x40,
  0x6f, 0x00, 0x05, 0x1a, 0x4a, 0x80, 0x66, 0x00, 0x04, 0x74, 0x2d, 0x6e,
  0xff, 0x40, 0xff, 0x30, 0x2d, 0x6e, 0xff, 0x40, 0xff, 0x34, 0x36, 0x7c,
  0x00, 0x66, 0x60, 0x00, 0xfd, 0x82, 0x24, 0x2e, 0xff, 0x44, 0x06, 0x82,
  0x80, 0x00, 0x00, 0x00, 0x2d, 0x42, 0xff, 0x68, 0x2d, 0x6e, 0xff, 0x48,
  0xff, 0x6c, 0x1d, 0x7c, 0x00, 0x2d, 0xff, 0x5c, 0x60, 0x00, 0xfc, 0x12,
  0x48, 0x6e, 0xff, 0x8c, 0x2f, 0x2e, 0x00, 0x0c, 0x2f, 0x2e, 0x00, 0x08,
  0x4e, 0xb9, 0x00, 0x00, 0x56, 0x1c, 0x4f, 0xef, 0x00, 0x0c, 0x4a, 0x80,
  0x66, 0x00, 0xe9, 0x00, 0x22, 0x2e, 0xff, 0x74, 0x22, 0x6e, 0xff, 0x94,
  0x41, 0xee, 0xff, 0xc0, 0x2d, 0x48, 0xff, 0x20, 0x60, 0x00, 0xf6, 0x70,
  0x48, 0x6e, 0xff, 0x8c, 0x2f, 0x2e, 0x00, 0x0c, 0x2f, 0x2e, 0x00, 0x08,
  0x4e, 0xb9, 0x00, 0x00, 0x56, 0x1c, 0x4f, 0xef, 0x00, 0x0c, 0x4a, 0x80,
  0x66, 0x00, 0xe8, 0xd0, 0x22, 0x2e, 0xff, 0x74, 0x22, 0x6e, 0xff, 0x94,
  0x41, 0xee, 0xff, 0xc0, 0x2d, 0x48, 0xff, 0x20, 0x60, 0x00, 0xfa, 0xd6,
  0x2c, 0x04, 0x72, 0x00, 0x06, 0x01, 0x00, 0x30, 0x1d, 0x41, 0xff, 0xbf,
  0x28, 0x06, 0x72, 0x01, 0x2d, 0x41, 0xff, 0x34, 0x7e, 0xbf, 0xde, 0x8e,
  0x60, 0x00, 0xee, 0xe6, 0x74, 0x06, 0x2d, 0x42, 0xff, 0x34, 0x2d, 0x6e,
  0xff, 0x34, 0xff, 0x30, 0x2d, 0x4c, 0x00, 0x14, 0x2e, 0x3c, 0x00, 0x00,
  0x8e, 0xba, 0x60, 0x00, 0xfd, 0xa6, 0x48, 0x6e, 0xff, 0x8c, 0x2f, 0x2e,
  0x00, 0x0c, 0x2f, 0x2e, 0x00, 0x08, 0x4e, 0xb9, 0x00, 0x00, 0x56, 0x1c,
  0x4f, 0xef, 0x00, 0x0c, 0x22, 0x6e, 0x00, 0x0c, 0x08, 0x29, 0x00, 0x06,
  0x00, 0x0d, 0x67, 0x00, 0xe8, 0x70, 0x60, 0x00, 0x00, 0xe4, 0x2d, 0x6e,
  0xff, 0x74, 0xff, 0x40, 0x60, 0x00, 0xfe, 0xf4, 0x48, 0x6e, 0xff, 0x8c,
  0x2f, 0x2e, 0x00, 0x0c, 0x2f, 0x2e, 0x00, 0x08, 0x4e, 0xb9, 0x00, 0x00,
  0x56, 0x1c, 0x4f, 0xef, 0x00, 0x0c, 0x4a, 0x80, 0x66, 0x00, 0xe8, 0x38,
  0x22, 0x2e, 0xff, 0x74, 0x22, 0x6e, 0xff, 0x94, 0x20, 0x2e, 0xff, 0x90,
  0x41, 0xee, 0xff, 0xc0, 0x2d, 0x48, 0xff, 0x34, 0x4a, 0x81, 0x6c, 0x00,
  0xfa, 0x78, 0x60, 0x00, 0xfd, 0x7a, 0x24, 0x03, 0x52, 0x82, 0x2d, 0x42,
  0xff, 0x3c, 0x48, 0x6e, 0xff, 0x84, 0x48, 0x6e, 0xff, 0x78, 0x48, 0x6e,
  0xff, 0x74, 0x2f, 0x02, 0x48, 0x78, 0x00, 0x02, 0x2f, 0x2e, 0xff, 0x6c,
  0x2f, 0x2e, 0xff, 0x68, 0x2f, 0x2e, 0x00, 0x08, 0x4e, 0xb9, 0x00, 0x00,
  0x2f, 0x8c, 0x2e, 0x00, 0x4f, 0xef, 0x00, 0x20, 0x72, 0x47, 0xb2, 0x8b,
  0x66, 0x00, 0x00, 0xe2, 0x08, 0x06, 0x00, 0x00, 0x67, 0x00, 0x02, 0x32,
  0x22, 0x2e, 0xff, 0x3c, 0xd2, 0x87, 0x60, 0x00, 0xfb, 0x12, 0x42, 0xa7,
  0x42, 0xa7, 0x2f, 0x2e, 0xff, 0x6c, 0x2f, 0x2e, 0xff, 0x68, 0x4e, 0xb9,
  0x00, 0x00, 0x87, 0xc0, 0x4f, 0xef, 0x00, 0x10, 0x4a, 0x80, 0x67, 0x00,
  0xfd, 0xea, 0x70, 0x01, 0x90, 0x83, 0x2d, 0x40, 0xff, 0x74, 0xd0, 0x83,
  0x2d, 0x40, 0xff, 0x3c, 0x42, 0xa7, 0x42, 0xa7, 0x2f, 0x2e, 0xff, 0x6c,
  0x2f, 0x2e, 0xff, 0x68, 0x4e, 0xb9, 0x00, 0x00, 0x87, 0x9c, 0x4f, 0xef,
  0x00, 0x10, 0x4a, 0x80, 0x66, 0x00, 0xfd, 0xe6, 0x60, 0x00, 0xff, 0x28,
  0x70, 0x0c, 0x20, 0x6e, 0x00, 0x08, 0x20, 0x80, 0x74, 0xff, 0x2d, 0x42,
  0xff, 0x38, 0x20, 0x2e, 0xff, 0x38, 0x4c, 0xee, 0x1c, 0xf8, 0xff, 0x00,
  0x4e, 0x5e, 0x4e, 0x75, 0x48, 0x6e, 0xff, 0x8c, 0x2f, 0x2e, 0x00, 0x0c,
  0x2f, 0x2e, 0x00, 0x08, 0x4e, 0xb9, 0x00, 0x00, 0x56, 0x1c, 0x4f, 0xef,
  0x00, 0x0c, 0x4a, 0x80, 0x66, 0x00, 0xe7, 0x4c, 0x41, 0xee, 0xff, 0xc0,
  0x2d, 0x48, 0xff, 0x20, 0x22, 0x2e, 0xff, 0x74, 0xb2, 0xae, 0xff, 0x3c,
  0x6d, 0x00, 0xf4, 0x8c, 0x60, 0x00, 0xf6, 0x8a, 0x72, 0x01, 0xc2, 0x86,
  0x2d, 0x41, 0xff, 0x40, 0x08, 0x06, 0x00, 0x00, 0x66, 0x00, 0xfb, 0x56,
  0x2d, 0x42, 0xff, 0x30, 0x6a, 0x00, 0xfb, 0x64, 0x42, 0xae, 0xff, 0x30,
  0x60, 0x00, 0xfb, 0x5c, 0x42, 0xae, 0xff, 0x30, 0x42, 0xae, 0xff, 0x40,
  0x60, 0x00, 0xfb, 0x50, 0x2d, 0x43, 0xff, 0x3c, 0x60, 0x00, 0xff, 0x1a,
  0x42, 0xa7, 0x42, 0xa7, 0x2f, 0x2e, 0xff, 0x6c, 0x2f, 0x2e, 0xff, 0x68,
  0x4e, 0xb9, 0x00, 0x00, 0x87, 0x9c, 0x4f, 0xef, 0x00, 0x10, 0x4a, 0x80,
  0x66, 0x00, 0xfd, 0x42, 0x20, 0x6e, 0xff, 0x74, 0x70, 0x47, 0xb0, 0x8c,
  0x67, 0x00, 0xfa, 0x4a, 0x22, 0x08, 0x53, 0x81, 0x30, 0x0b, 0x4a, 0x81,
  0x6d, 0x00, 0xfa, 0x52, 0x26, 0x01, 0x74, 0x2b, 0x60, 0x00, 0xfa, 0x50,
  0x2f, 0x03, 0x2f, 0x2e, 0x00, 0x0c, 0x2f, 0x06, 0x4e, 0x93, 0x4f, 0xef,
  0x00, 0x0c, 0x4a, 0x80, 0x66, 0x00, 0xe6, 0xb0, 0x22, 0x6e, 0xff, 0x94,
  0x20, 0x2e, 0xff, 0x90, 0x41, 0xee, 0xff, 0xc0, 0x2d, 0x48, 0xff, 0x34,
  0x49, 0xec, 0xff, 0xf0, 0x72, 0x10, 0xb2, 0x8c, 0x6d, 0x00, 0xfc, 0x0e,
  0x60, 0x00, 0xfc, 0x3e, 0x14, 0x2e, 0xff, 0x71, 0x76, 0x00, 0x4a, 0x02,
  0x66, 0x00, 0xe8, 0xb8, 0x60, 0x00, 0xe6, 0xc4, 0x48, 0x6e, 0xff, 0x8c,
  0x2f, 0x2e, 0x00, 0x0c, 0x2f, 0x2e, 0x00, 0x08, 0x4e, 0xb9, 0x00, 0x00,
  0x56, 0x1c, 0x4f, 0xef, 0x00, 0x0c, 0x4a, 0x80, 0x66, 0x00, 0xe6, 0x64,
  0x41, 0xee, 0xff, 0xc0, 0x2d, 0x48, 0xff, 0x20, 0x4a, 0x83, 0x6c, 0x00,
  0xf3, 0x90, 0x60, 0x00, 0xf5, 0xd2, 0x76, 0x06, 0x60, 0x00, 0xf9, 0x24,
  0x48, 0x6e, 0xff, 0x8c, 0x2f, 0x2e, 0x00, 0x0c, 0x2f, 0x2e, 0x00, 0x08,
  0x4e, 0xb9, 0x00, 0x00, 0x56, 0x1c, 0x4f, 0xef, 0x00, 0x0c, 0x4a, 0x80,
  0x66, 0x00, 0xe6, 0x30, 0x20, 0x2e, 0xff, 0x3c, 0x90, 0xae, 0xff, 0x74,
  0x22, 0x6e, 0xff, 0x94, 0x41, 0xee, 0xff, 0xc0, 0x2d, 0x48, 0xff, 0x20,
  0x4a, 0x83, 0x6c, 0x00, 0xf3, 0xe2, 0x60, 0x00, 0xf6, 0x62, 0x14, 0x2e,
  0xff, 0x71, 0x2d, 0x43, 0xff, 0x30, 0x2d, 0x4c, 0x00, 0x14, 0x2d, 0x43,
  0xff, 0x34, 0x28, 0x06, 0x76, 0x00, 0x42, 0xae, 0xff, 0x40, 0x4a, 0x02,
  0x66, 0x00, 0xe8, 0x28, 0x60, 0x00, 0xe6, 0x34, 0xb6, 0x88, 0x6c, 0x10,
  0x55, 0x8b, 0x26, 0x08, 0x53, 0x83, 0x30, 0x0b, 0x22, 0x03, 0x74, 0x2b,
  0x60, 0x00, 0xf9, 0x68, 0x22, 0x2e, 0xff, 0x40, 0xb2, 0xae, 0xff, 0x3c,
  0x6d, 0x6c, 0x08, 0x06, 0x00, 0x00, 0x66, 0x00, 0x00, 0x86, 0x2d, 0x48,
  0xff, 0x30, 0x6b, 0x0c, 0x2d, 0x48, 0xff, 0x34, 0x36, 0x7c, 0x00, 0x67,
  0x60, 0x00, 0xfa, 0x00, 0x42, 0xae, 0xff, 0x30, 0x2d, 0x48, 0xff, 0x34,
  0x36, 0x7c, 0x00, 0x67, 0x60, 0x00, 0xf9, 0xf0, 0x24, 0x2e, 0xff, 0x84,
  0x94, 0x87, 0x2d, 0x42, 0xff, 0x3c, 0x20, 0x6e, 0xff, 0x74, 0x60, 0x00,
  0xf9, 0x08, 0x1d, 0x7c, 0x00, 0x30, 0xff, 0x7e, 0x06, 0x03, 0x00, 0x30,
  0x1d, 0x43, 0xff, 0x7f, 0x30, 0x7c, 0x00, 0x04, 0x2d, 0x48, 0xff, 0x54,
  0x24, 0x2e, 0xff, 0x3c, 0xd4, 0xae, 0xff, 0x54, 0x2d, 0x42, 0xff, 0x34,
  0x70, 0x01, 0xb0, 0xae, 0xff, 0x3c, 0x6d, 0x00, 0xf9, 0x9c, 0x60, 0x00,
  0xfe, 0x34, 0x24, 0x2e, 0xff, 0x3c, 0xd4, 0xae, 0xff, 0x4c, 0x2d, 0x42,
  0xff, 0x34, 0x4a, 0xae, 0xff, 0x40, 0x6f, 0x5e, 0x2d, 0x42, 0xff, 0x30,
  0x6b, 0x1a, 0x36, 0x7c, 0x00, 0x67, 0x60, 0x00, 0xf9, 0x8e, 0x22, 0x2e,
  0xff, 0x40, 0xd2, 0xae, 0xff, 0x4c, 0x2d, 0x41, 0xff, 0x34, 0x2d, 0x41,
  0xff, 0x30, 0x6a, 0xe6, 0x42, 0xae, 0xff, 0x30, 0x36, 0x7c, 0x00, 0x67,
  0x60, 0x00, 0xf9, 0x70, 0x4a, 0xae, 0xff, 0x44, 0x6d, 0x00, 0x00, 0xb8,
  0x14, 0x2e, 0xff, 0x71, 0x78, 0x47, 0xb8, 0x8b, 0x6c, 0x5c, 0x2e, 0x3c,
  0x00, 0x00, 0x8e, 0x94, 0x78, 0x80, 0x46, 0x04, 0xc8, 0x86, 0x72, 0x03,
  0x2d, 0x41, 0xff, 0x30, 0x2d, 0x41, 0xff, 0x34, 0x76, 0x00, 0x42, 0xae,
  0xff, 0x40, 0x60, 0x00, 0xe7, 0x24, 0x70, 0x01, 0x90, 0xae, 0xff, 0x40,
  0xd1, 0xae, 0xff, 0x34, 0x2d, 0x6e, 0xff, 0x34, 0xff, 0x30, 0x6b, 0xb0,
  0x36, 0x7c, 0x00, 0x67, 0x60, 0x00, 0xf9, 0x24, 0x20, 0x2e, 0xff, 0x40,
  0xd0, 0xae, 0xff, 0x4c, 0xd0, 0x83, 0x2d, 0x40, 0xff, 0x34, 0x2d, 0x40,
  0xff, 0x30, 0x6a, 0x00, 0xfb, 0x86, 0x42, 0xae, 0xff, 0x30, 0x36, 0x7c,
  0x00, 0x66, 0x60, 0x00, 0xf9, 0x02, 0x2e, 0x3c, 0x00, 0x00, 0x8e, 0x90,
  0x78, 0x80, 0x46, 0x04, 0xc8, 0x86, 0x72, 0x03, 0x2d, 0x41, 0xff, 0x30,
  0x2d, 0x41, 0xff, 0x34, 0x76, 0x00, 0x42, 0xae, 0xff, 0x40, 0x60, 0x00,
  0xe6, 0xc8, 0x48, 0x6e, 0xff, 0x8c, 0x2f, 0x2e, 0x00, 0x0c, 0x2f, 0x2e,
  0x00, 0x08, 0x4e, 0xb9, 0x00, 0x00, 0x56, 0x1c, 0x4f, 0xef, 0x00, 0x0c,
  0x4a, 0x80, 0x66, 0x00, 0xe4, 0x7e, 0x22, 0x6e, 0xff, 0x94, 0x20, 0x2e,
  0xff, 0x90, 0x41, 0xee, 0xff, 0xc0, 0x2d, 0x48, 0xff, 0x34, 0x60, 0x00,
  0xf6, 0xc4, 0x1d, 0x7c, 0x00, 0x2d, 0xff, 0x71, 0x74, 0x2d, 0x60, 0x00,
  0xff, 0x44, 0x32, 0x7c, 0x00, 0x02, 0x2d, 0x49, 0xff, 0x54, 0x24, 0x2e,
  0xff, 0x3c, 0xd4, 0xae, 0xff, 0x54, 0x2d, 0x42, 0xff, 0x34, 0x70, 0x01,
  0xb0, 0xae, 0xff, 0x3c, 0x6d, 0x00, 0xf8, 0x72, 0x60, 0x00, 0xfd, 0x0a,
  0x4a, 0x80, 0x66, 0x14, 0x72, 0x01, 0x2d, 0x41, 0xff, 0x30, 0x36, 0x7c,
  0x00, 0x66, 0x74, 0x01, 0x2d, 0x42, 0xff, 0x34, 0x60, 0x00, 0xf8, 0x6c,
  0x20, 0x6e, 0xff, 0x4c, 0x41, 0xf0, 0x38, 0x01, 0x2d, 0x48, 0xff, 0x34,
  0x2d, 0x48, 0xff, 0x30, 0x6b, 0x00, 0xff, 0x4c, 0x36, 0x7c, 0x00, 0x66,
  0x60, 0x00, 0xf8, 0x50, 0x4e, 0x75, 0x8c, 0x5f, 0x73, 0x76, 0x66, 0x70,
  0x72, 0x69, 0x6e, 0x74, 0x66, 0x5f, 0x72, 0x00, 0x00, 0x00, 0x4f, 0xef,
  0xff, 0xf0, 0x48, 0xe7, 0x1f, 0x3a, 0x20, 0x6f, 0x00, 0x3c, 0x28, 0x28,
  0x00, 0x10, 0x20, 0x6f, 0x00, 0x38, 0xb8, 0xa8, 0x00, 0x10, 0x6e, 0x00,
  0x01, 0x92, 0x3c, 0x7c, 0x00, 0x14, 0xdd, 0xef, 0x00, 0x3c, 0x53, 0x84,
  0x20, 0x04, 0xd0, 0x84, 0xd0, 0x80, 0x45, 0xf6, 0x08, 0x00, 0x30, 0x7c,
  0x00, 0x14, 0xd1, 0xef, 0x00, 0x38, 0x2f, 0x48, 0x00, 0x24, 0xd0, 0x88,
  0x2f, 0x40, 0x00, 0x28, 0x20, 0x40, 0x2c, 0x10, 0x26, 0x12, 0x52, 0x83,
  0x2f, 0x03, 0x2f, 0x06, 0x4e, 0xb9, 0x00, 0x00, 0x7c, 0x74, 0x50, 0x8f,
  0x2a, 0x00, 0xb6, 0x86, 0x62, 0x00, 0x00, 0xb6, 0x20, 0x4e, 0x28, 0x6f,
  0x00, 0x24, 0x7e, 0x00, 0x7c, 0x00, 0x47, 0xf9, 0x00, 0x00, 0x7c, 0x50,
  0x2f, 0x4e, 0x00, 0x2c, 0x2c, 0x4c, 0x28, 0x48, 0x2f, 0x44, 0x00, 0x30,
  0x28, 0x1c, 0x2f, 0x05, 0x3f, 0x04, 0x42, 0x67, 0x4e, 0x93, 0x50, 0x8f,
  0x26, 0x00, 0xd6, 0x87, 0x22, 0x04, 0x42, 0x41, 0x48, 0x41, 0x2f, 0x05,
  0x2f, 0x01, 0x4e, 0x93, 0x50, 0x8f, 0x24, 0x03, 0x42, 0x42, 0x48, 0x42,
  0xd4, 0x80, 0x2e, 0x02, 0x42, 0x47, 0x48, 0x47, 0x20, 0x16, 0x22, 0x00,
  0x02, 0x81, 0x00, 0x00, 0xff, 0xff, 0x02, 0x83, 0x00, 0x00, 0xff, 0xff,
  0x92, 0x83, 0xd2, 0x86, 0x26, 0x01, 0x48, 0x43, 0x48, 0xc3, 0x02, 0x82,
  0x00, 0x00, 0xff, 0xff, 0x22, 0x43, 0x93, 0xc2, 0x42, 0x40, 0x48, 0x40,
  0xd0, 0x89, 0x2c, 0x00, 0x48, 0x46, 0x48, 0xc6, 0x48, 0x40, 0x42, 0x40,
  0x80, 0x41, 0x2c, 0xc0, 0xb9, 0xca, 0x63, 0x98, 0x2c, 0x6f, 0x00, 0x2c,
  0x28, 0x2f, 0x00, 0x30, 0x20, 0x6f, 0x00, 0x28, 0x4a, 0x90, 0x66, 0x20,
  0x59, 0x88, 0xb1, 0xef, 0x00, 0x24, 0x63, 0x10, 0x20, 0x2f, 0x00, 0x24,
  0x4a, 0x90, 0x66, 0x08, 0x53, 0x84, 0x59, 0x88, 0xb1, 0xc0, 0x62, 0xf4,
  0x20, 0x6f, 0x00, 0x38, 0x21, 0x44, 0x00, 0x10, 0x2f, 0x2f, 0x00, 0x3c,
  0x2f, 0x2f, 0x00, 0x3c, 0x4e, 0xb9, 0x00, 0x00, 0x52, 0xa0, 0x50, 0x8f,
  0x4a, 0x80, 0x6d, 0x7a, 0x20, 0x6f, 0x00, 0x24, 0x76, 0x00, 0x22, 0x1e,
  0x20, 0x10, 0x24, 0x00, 0x02, 0x82, 0x00, 0x00, 0xff, 0xff, 0x2c, 0x01,
  0x02, 0x86, 0x00, 0x00, 0xff, 0xff, 0x22, 0x42, 0x93, 0xc6, 0x2c, 0x09,
  0xdc, 0x83, 0x24, 0x06, 0x48, 0x42, 0x48, 0xc2, 0x42, 0x41, 0x48, 0x41,
  0x22, 0x42, 0x93, 0xc1, 0x42, 0x40, 0x48, 0x40, 0xd0, 0x89, 0x26, 0x00,
  0x48, 0x43, 0x48, 0xc3, 0x48, 0x40, 0x42, 0x40, 0x80, 0x46, 0x20, 0xc0,
  0xbd, 0xca, 0x63, 0xbe, 0x20, 0x04, 0xd0, 0x84, 0xd0, 0x80, 0x20, 0x6f,
  0x00, 0x24, 0xd1, 0xc0, 0x4a, 0x90, 0x66, 0x20, 0x59, 0x88, 0xb1, 0xef,
  0x00, 0x24, 0x63, 0x10, 0x20, 0x2f, 0x00, 0x24, 0x4a, 0x90, 0x66, 0x08,
  0x53, 0x84, 0x59, 0x88, 0xb1, 0xc0, 0x62, 0xf4, 0x20, 0x6f, 0x00, 0x38,
  0x21, 0x44, 0x00, 0x10, 0x52, 0x85, 0x20, 0x05, 0x4c, 0xdf, 0x5c, 0xf8,
  0x4f, 0xef, 0x00, 0x10, 0x4e, 0x75, 0x70, 0x00, 0x4c, 0xdf, 0x5c, 0xf8,
  0x4f, 0xef, 0x00, 0x10, 0x4e, 0x75, 0x86, 0x71, 0x75, 0x6f, 0x72, 0x65,
  0x6d, 0x00, 0x00, 0x00, 0x4e, 0x56, 0xff, 0x84, 0x48, 0xe7, 0x1f, 0x38,
  0x26, 0x2e, 0x00, 0x0c, 0x2d, 0x6e, 0x00, 0x10, 0xff, 0xa8, 0x24, 0x6e,
  0x00, 0x20, 0x2d, 0x43, 0xff, 0xa0, 0x2d, 0x6e, 0xff, 0xa8, 0xff, 0xb8,
  0x22, 0x6e, 0x00, 0x08, 0x20, 0x69, 0x00, 0x3e, 0xb0, 0xfc, 0x00, 0x00,
  0x67, 0x24, 0x22, 0x29, 0x00, 0x42, 0x21, 0x41, 0x00, 0x04, 0x70, 0x01,
  0xe3, 0xa8, 0x21, 0x40, 0x00, 0x08, 0x2f, 0x08, 0x2f, 0x09, 0x4e, 0xb9,
  0x00, 0x00, 0x4b, 0x78, 0x20, 0x6e, 0x00, 0x08, 0x42, 0xa8, 0x00, 0x3e,
  0x50, 0x8f, 0x2e, 0x03, 0x6b, 0x00, 0x05, 0xbc, 0x42, 0x92, 0x20, 0x07,
  0x02, 0x80, 0x7f, 0xf0, 0x00, 0x00, 0x0c, 0x80, 0x7f, 0xf0, 0x00, 0x00,
  0x67, 0x00, 0x05, 0xc8, 0x28, 0x2e, 0xff, 0xa0, 0x2a, 0x2e, 0xff, 0xa8,
  0x2d, 0x44, 0xff, 0x94, 0x2d, 0x45, 0xff, 0x98, 0x42, 0xa7, 0x42, 0xa7,
  0x2f, 0x05, 0x2f, 0x04, 0x4e, 0xb9, 0x00, 0x00, 0x87, 0x9c, 0x4f, 0xef,
  0x00, 0x10, 0x4a, 0x80, 0x66, 0x2e, 0x70, 0x01, 0x20, 0x6e, 0x00, 0x1c,
  0x20, 0x80, 0x4a, 0xae, 0x00, 0x24, 0x67, 0x0a, 0x22, 0x6e, 0x00, 0x24,
  0x22, 0xbc, 0x00, 0x00, 0x8e, 0xc2, 0x2d, 0x7c, 0x00, 0x00, 0x8e, 0xc1,
  0xff, 0xb0, 0x20, 0x2e, 0xff, 0xb0, 0x4c, 0xee, 0x1c, 0xf8, 0xff, 0x64,
  0x4e, 0x5e, 0x4e, 0x75, 0x48, 0x6e, 0xff, 0xf8, 0x48, 0x6e, 0xff, 0xfc,
  0x2f, 0x05, 0x2f, 0x04, 0x2f, 0x2e, 0x00, 0x08, 0x4e, 0xb9, 0x00, 0x00,
  0x54, 0xf0, 0x2c, 0x00, 0x26, 0x07, 0x42, 0x43, 0x48, 0x43, 0xe8, 0x4b,
  0x4f, 0xef, 0x00, 0x14, 0x4a, 0x83, 0x66, 0x00, 0x05, 0x8c, 0x24, 0x6e,
  0xff, 0xf8, 0x26, 0x0a, 0xd6, 0xae, 0xff, 0xfc, 0x20, 0x03, 0x06, 0x80,
  0x00, 0x00, 0x04, 0x32, 0x72, 0x20, 0xb2, 0x80, 0x6c, 0x00, 0x0e, 0x6e,
  0x72, 0x40, 0x92, 0x80, 0xe3, 0xaf, 0x22, 0x03, 0x06, 0x81, 0x00, 0x00,
  0x04, 0x12, 0x20, 0x2e, 0xff, 0xa8, 0xe2, 0xa8, 0x8e, 0x80, 0x2f, 0x07,
  0x4e, 0xb9, 0x00, 0x00, 0x89, 0x8e, 0x58, 0x8f, 0x28, 0x00, 0x2a, 0x01,
  0x06, 0x84, 0xfe, 0x10, 0x00, 0x00, 0x53, 0x83, 0x74, 0x01, 0x2d, 0x42,
  0xff, 0xdc, 0x42, 0xa7, 0x2f, 0x3c, 0x3f, 0xf8, 0x00, 0x00, 0x2f, 0x05,
  0x2f, 0x04, 0x4e, 0xb9, 0x00, 0x00, 0x7d, 0xba, 0x4f, 0xef, 0x00, 0x10,
  0x47, 0xf9, 0x00, 0x00, 0x81, 0x56, 0x2f, 0x3c, 0x63, 0x6f, 0x43, 0x61,
  0x2f, 0x3c, 0x3f, 0xd2, 0x87, 0xa7, 0x2f, 0x01, 0x2f, 0x00, 0x4e, 0x93,
  0x4f, 0xef, 0x00, 0x0c, 0x2e, 0xbc, 0x8b, 0x60, 0xc8, 0xb3, 0x2f, 0x3c,
  0x3f, 0xc6, 0x8a, 0x28, 0x2f, 0x01, 0x2f, 0x00, 0x4e, 0xb9, 0x00, 0x00,
  0x7d, 0xc0, 0x4f, 0xef, 0x00, 0x10, 0x28, 0x00, 0x2a, 0x01, 0x2f, 0x03,
  0x4e, 0xb9, 0x00, 0x00, 0x8a, 0x22, 0x2e, 0xbc, 0x50, 0x9f, 0x79, 0xfb,
  0x2f, 0x3c, 0x3f, 0xd3, 0x44, 0x13, 0x2f, 0x01, 0x2f, 0x00, 0x4e, 0x93,
  0x4f, 0xef, 0x00, 0x0c, 0x2e, 0x81, 0x2f, 0x00, 0x2f, 0x05, 0x2f, 0x04,
  0x4e, 0xb9, 0x00, 0x00, 0x7d, 0xc0, 0x4f, 0xef, 0x00, 0x10, 0x28, 0x00,
  0x2a, 0x01, 0x2f, 0x01, 0x2f, 0x04, 0x4e, 0xb9, 0x00, 0x00, 0x8a, 0x42,
  0x2e, 0x00, 0x42, 0x97, 0x42, 0xaf, 0x00, 0x04, 0x2f, 0x05, 0x2f, 0x04,
  0x4e, 0xb9, 0x00, 0x00, 0x88, 0x08, 0x4f, 0xef, 0x00, 0x10, 0x4a, 0x80,
  0x6d, 0x00, 0x05, 0x68, 0x28, 0x0a, 0x98, 0x83, 0x24, 0x04, 0x53, 0x82,
  0x2d, 0x42, 0xff, 0x9c, 0x70, 0x16, 0xb0, 0x87, 0x65, 0x00, 0x05, 0x8a,
  0x2d, 0x7c, 0x00, 0x00, 0x8c, 0x5c, 0xff, 0xc8, 0x20, 0x07, 0xe7, 0x88,
  0x41, 0xf9, 0x00, 0x00, 0x8c, 0x5c, 0x2f, 0x30, 0x08, 0x04, 0x2f, 0x30,
  0x08, 0x00, 0x2f, 0x2e, 0xff, 0x98, 0x2f, 0x2e, 0xff, 0x94, 0x4e, 0xb9,
  0x00, 0x00, 0x88, 0x08, 0x4f, 0xef, 0x00, 0x10, 0x4a, 0x80, 0x6c, 0x00,
  0x0d, 0x2e, 0x53, 0x87, 0x42, 0xae, 0xff, 0xd4, 0x4a, 0xae, 0xff, 0x9c,
  0x6d, 0x00, 0x05, 0x58, 0x42, 0xae, 0xff, 0xb4, 0x4a, 0x87, 0x6c, 0x00,
  0x05, 0x60, 0x9f, 0xae, 0xff, 0xb4, 0x24, 0x07, 0x44, 0x82, 0x2d, 0x42,
  0xff, 0xcc, 0x2d, 0x47, 0xff, 0xbc, 0x7e, 0x00, 0x70, 0x09, 0xb0, 0xae,
  0x00, 0x14, 0x65, 0x00, 0x05, 0x5a, 0x72, 0x05, 0xb2, 0xae, 0x00, 0x14,
  0x6c, 0x00, 0x05, 0x98, 0x59, 0xae, 0x00, 0x14, 0x74, 0x03, 0xb4, 0xae,
  0x00, 0x14, 0x67, 0x00, 0x15, 0x18, 0x6c, 0x00, 0x11, 0xe4, 0x76, 0x00,
  0x74, 0x04, 0xb4, 0xae, 0x00, 0x14, 0x67, 0x00, 0x10, 0x78, 0x74, 0x05,
  0x2d, 0x42, 0x00, 0x14, 0x74, 0x01, 0x2d, 0x42, 0xff, 0xc0, 0x20, 0x2e,
  0x00, 0x18, 0xd0, 0xae, 0xff, 0xbc, 0x2d, 0x40, 0xff, 0xd8, 0x52, 0x80,
  0x2d, 0x40, 0xff, 0xa4, 0x24, 0x00, 0x6f, 0x00, 0x10, 0x96, 0x72, 0x17,
  0xb2, 0x82, 0x6c, 0x00, 0x10, 0x8e, 0x70, 0x01, 0x30, 0x7c, 0x00, 0x04,
  0x2d, 0x6e, 0x00, 0x08, 0xff, 0x8c, 0xd1, 0xc8, 0x22, 0x00, 0x52, 0x80,
  0x43, 0xe8, 0x00, 0x14, 0xb3, 0xc2, 0x63, 0xf2, 0x2d, 0x6e, 0xff, 0x8c,
  0x00, 0x08, 0x22, 0x6e, 0x00, 0x08, 0x23, 0x41, 0x00, 0x42, 0x2f, 0x01,
  0x2f, 0x2e, 0x00, 0x08, 0x2d, 0x7c, 0x00, 0x00, 0x4a, 0xdc, 0xff, 0xd0,
  0x45, 0xf9, 0x00, 0x00, 0x4a, 0xdc, 0x4e, 0x92, 0x2d, 0x40, 0xff, 0xb0,
  0x50, 0x8f, 0x67, 0x00, 0x16, 0x6a, 0x20, 0x6e, 0x00, 0x08, 0x21, 0x6e,
  0xff, 0xb0, 0x00, 0x3e, 0x70, 0x0e, 0xb0, 0xae, 0xff, 0xa4, 0x65, 0x00,
  0x05, 0x9a, 0x4a, 0x83, 0x67, 0x00, 0x05, 0x94, 0x4a, 0xae, 0xff, 0xbc,
  0x6f, 0x00, 0x12, 0xa4, 0x70, 0x0f, 0xc0, 0xae, 0xff, 0xbc, 0xe7, 0x88,
  0x41, 0xf9, 0x00, 0x00, 0x8c, 0x5c, 0x28, 0x30, 0x08, 0x00, 0x2a, 0x30,
  0x08, 0x04, 0x26, 0x2e, 0xff, 0xbc, 0xe8, 0x83, 0x08, 0x2e, 0x00, 0x00,
  0xff, 0xbe, 0x67, 0x00, 0x10, 0xae, 0x70, 0x0f, 0xc6, 0x80, 0x2d, 0x7c,
  0x00, 0x00, 0x83, 0x04, 0xff, 0xc8, 0x2f, 0x39, 0x00, 0x00, 0x8c, 0x58,
  0x2f, 0x39, 0x00, 0x00, 0x8c, 0x54, 0x2f, 0x2e, 0xff, 0x98, 0x2f, 0x2e,
  0xff, 0x94, 0x41, 0xf9, 0x00, 0x00, 0x83, 0x04, 0x4e, 0x90, 0x4f, 0xef,
  0x00, 0x10, 0x20, 0x40, 0x22, 0x41, 0x2d, 0x48, 0xff, 0xe0, 0x2d, 0x49,
  0xff, 0xe4, 0x34, 0x7c, 0x00, 0x03, 0x4a, 0x83, 0x67, 0x34, 0x49, 0xf9,
  0x00, 0x00, 0x8c, 0x34, 0x2d, 0x6e, 0x00, 0x08, 0xff, 0x8c, 0x08, 0x03,
  0x00, 0x00, 0x67, 0x16, 0x52, 0x8a, 0x2f, 0x2c, 0x00, 0x04, 0x2f, 0x14,
  0x2f, 0x05, 0x2f, 0x04, 0x4e, 0x93, 0x4f, 0xef, 0x00, 0x10, 0x28, 0x00,
  0x2a, 0x01, 0xe2, 0x83, 0x50, 0x8c, 0x66, 0xde, 0x2d, 0x6e, 0xff, 0x8c,
  0x00, 0x08, 0x2f, 0x05, 0x2f, 0x04, 0x2f, 0x2e, 0xff, 0xe4, 0x2f, 0x2e,
  0xff, 0xe0, 0x22, 0x6e, 0xff, 0xc8, 0x4e, 0x91, 0x4f, 0xef, 0x00, 0x10,
  0x28, 0x00, 0x2a, 0x01, 0x4a, 0xae, 0xff, 0xd4, 0x67, 0x1c, 0x42, 0xa7,
  0x2f, 0x3c, 0x3f, 0xf0, 0x00, 0x00, 0x2f, 0x05, 0x2f, 0x04, 0x4e, 0xb9,
  0x00, 0x00, 0x88, 0x08, 0x4f, 0xef, 0x00, 0x10, 0x4a, 0x80, 0x6d, 0x00,
  0x10, 0x7c, 0x2f, 0x0a, 0x4e, 0xb9, 0x00, 0x00, 0x8a, 0x22, 0x2e, 0x85,
  0x2f, 0x04, 0x2f, 0x01, 0x2f, 0x00, 0x4e, 0x93, 0x4f, 0xef, 0x00, 0x0c,
  0x42, 0x97, 0x2f, 0x3c, 0x40, 0x1c, 0x00, 0x00, 0x2f, 0x01, 0x2f, 0x00,
  0x4e, 0xb9, 0x00, 0x00, 0x7d, 0xc0, 0x4f, 0xef, 0x00, 0x10, 0x26, 0x01,
  0x24, 0x40, 0xd5, 0xfc, 0xfc, 0xc0, 0x00, 0x00, 0x4a, 0xae, 0xff, 0xa4,
  0x67, 0x00, 0x04, 0x1a, 0x2d, 0x6e, 0xff, 0xbc, 0xff, 0xf4, 0x2d, 0x6e,
  0xff, 0xa4, 0xff, 0xe8, 0x2d, 0x4a, 0xff, 0xe0, 0x2d, 0x43, 0xff, 0xe4,
  0x2d, 0x7c, 0x00, 0x00, 0x8c, 0x5c, 0xff, 0xc8, 0x20, 0x2e, 0xff, 0xe8,
  0xe7, 0x88, 0x41, 0xf9, 0x00, 0x00, 0x8c, 0x5c, 0x2d, 0x70, 0x08, 0xf8,
  0xff, 0xec, 0x2d, 0x70, 0x08, 0xfc, 0xff, 0xf0, 0x2f, 0x05, 0x2f, 0x04,
  0x4e, 0xb9, 0x00, 0x00, 0x8a, 0x42, 0x50, 0x8f, 0x16, 0x00, 0x06, 0x03,
  0x00, 0x30, 0x28, 0x6e, 0xff, 0xb0, 0x52, 0x8c, 0x2f, 0x00, 0x4e, 0xb9,
  0x00, 0x00, 0x8a, 0x22, 0x2e, 0x81, 0x2f, 0x00, 0x2f, 0x05, 0x2f, 0x04,
  0x4e, 0xb9, 0x00, 0x00, 0x7d, 0xba, 0x4f, 0xef, 0x00, 0x10, 0x28, 0x00,
  0x2a, 0x01, 0x4a, 0xae, 0xff, 0xc0, 0x67, 0x00, 0x07, 0xdc, 0x2f, 0x2e,
  0xff, 0xf0, 0x2f, 0x2e, 0xff, 0xec, 0x42, 0xa7, 0x2f, 0x3c, 0x3f, 0xe0,
  0x00, 0x00, 0x4e, 0xb9, 0x00, 0x00, 0x83, 0x04, 0x4f, 0xef, 0x00, 0x0c,
  0x2e, 0xae, 0xff, 0xe4, 0x2f, 0x2e, 0xff, 0xe0, 0x2f, 0x01, 0x2f, 0x00,
  0x4e, 0xb9, 0x00, 0x00, 0x7d, 0xba, 0x4f, 0xef, 0x00, 0x10, 0x20, 0x40,
  0x24, 0x6e, 0xff, 0xb0, 0x14, 0x83, 0x2f, 0x05, 0x2f, 0x04, 0x2f, 0x01,
  0x2f, 0x08, 0x2d, 0x48, 0xff, 0x84, 0x2d, 0x41, 0xff, 0x88, 0x4e, 0xb9,
  0x00, 0x00, 0x87, 0xe4, 0x4f, 0xef, 0x00, 0x10, 0x20, 0x6e, 0xff, 0x84,
  0x22, 0x6e, 0xff, 0x88, 0x4a, 0x80, 0x6e, 0x00, 0x00, 0xd6, 0x76, 0x00,
  0x2d, 0x47, 0xff, 0xec, 0x2d, 0x46, 0xff, 0xc8, 0x2c, 0x08, 0x2e, 0x09,
  0x24, 0x6e, 0xff, 0xe8, 0x2d, 0x6e, 0x00, 0x08, 0xff, 0xe0, 0x2f, 0x05,
  0x2f, 0x04, 0x42, 0xa7, 0x2f, 0x3c, 0x3f, 0xf0, 0x00, 0x00, 0x4e, 0xb9,
  0x00, 0x00, 0x7d, 0xba, 0x4f, 0xef, 0x00, 0x0c, 0x2e, 0x87, 0x2f, 0x06,
  0x2f, 0x01, 0x2f, 0x00, 0x4e, 0xb9, 0x00, 0x00, 0x88, 0x08, 0x4f, 0xef,
  0x00, 0x10, 0x4a, 0x80, 0x6d, 0x00, 0x13, 0x64, 0x52, 0x83, 0xb5, 0xc3,
  0x6f, 0x00, 0x13, 0x7c, 0x42, 0xa7, 0x2f, 0x3c, 0x40, 0x24, 0x00, 0x00,
  0x2f, 0x07, 0x2f, 0x06, 0x4e, 0x93, 0x4f, 0xef, 0x00, 0x10, 0x2c, 0x00,
  0x2e, 0x01, 0x42, 0xa7, 0x2f, 0x3c, 0x40, 0x24, 0x00, 0x00, 0x2f, 0x05,
  0x2f, 0x04, 0x4e, 0x93, 0x4f, 0xef, 0x00, 0x10, 0x28, 0x00, 0x2a, 0x01,
  0x2f, 0x01, 0x2f, 0x04, 0x4e, 0xb9, 0x00, 0x00, 0x8a, 0x42, 0x50, 0x8f,
  0x2d, 0x40, 0xff, 0x8c, 0x2f, 0x00, 0x4e, 0xb9, 0x00, 0x00, 0x8a, 0x22,
  0x2e, 0x81, 0x2f, 0x00, 0x2f, 0x05, 0x2f, 0x04, 0x4e, 0xb9, 0x00, 0x00,
  0x7d, 0xba, 0x4f, 0xef, 0x00, 0x10, 0x28, 0x00, 0x2a, 0x01, 0x10, 0x2e,
  0xff, 0x8f, 0x06, 0x00, 0x00, 0x30, 0x18, 0xc0, 0x2f, 0x07, 0x2f, 0x06,
  0x2f, 0x01, 0x2f, 0x04, 0x4e, 0xb9, 0x00, 0x00, 0x88, 0x08, 0x4f, 0xef,
  0x00, 0x10, 0x4a, 0x80, 0x6c, 0x00, 0xff, 0x50, 0x2c, 0x2e, 0xff, 0xc8,
  0x2d, 0x6e, 0xff, 0xe0, 0x00, 0x08, 0x28, 0x2e, 0xff, 0xf4, 0x52, 0x84,
  0x2d, 0x7c, 0x00, 0x00, 0x4b, 0x78, 0xff, 0x9c, 0x2f, 0x06, 0x2f, 0x2e,
  0x00, 0x08, 0x22, 0x6e, 0xff, 0x9c, 0x4e, 0x91, 0x42, 0x14, 0x24, 0x6e,
  0x00, 0x1c, 0x24, 0x84, 0x50, 0x8f, 0x4a, 0xae, 0x00, 0x24, 0x67, 0x00,
  0xfa, 0xb6, 0x20, 0x6e, 0x00, 0x24, 0x20, 0x8c, 0x20, 0x2e, 0xff, 0xb0,
  0x4c, 0xee, 0x1c, 0xf8, 0xff, 0x64, 0x4e, 0x5e, 0x4e, 0x75, 0x70, 0x01,
  0x24, 0x80, 0x08, 0x83, 0x00, 0x1f, 0x2d, 0x43, 0xff, 0xa0, 0x2e, 0x03,
  0x20, 0x07, 0x02, 0x80, 0x7f, 0xf0, 0x00, 0x00, 0x0c, 0x80, 0x7f, 0xf0,
  0x00, 0x00, 0x66, 0x00, 0xfa, 0x3c, 0x20, 0x6e, 0x00, 0x1c, 0x20, 0xbc,
  0x00, 0x00, 0x27, 0x0f, 0x02, 0x87, 0x00, 0x0f, 0xff, 0xff, 0x8e, 0xae,
  0xff, 0xa8, 0x66, 0x00, 0x01, 0x94, 0x4a, 0xae, 0x00, 0x24, 0x67, 0x00,
  0x13, 0x26, 0x2d, 0x7c, 0x00, 0x00, 0x8e, 0xc3, 0xff, 0xb0, 0x20, 0x3c,
  0x00, 0x00, 0x8e, 0xcb, 0x22, 0x6e, 0x00, 0x24, 0x22, 0x80, 0x20, 0x2e,
  0xff, 0xb0, 0x4c, 0xee, 0x1c, 0xf8, 0xff, 0x64, 0x4e, 0x5e, 0x4e, 0x75,
  0x28, 0x2e, 0xff, 0x94, 0x2a, 0x2e, 0xff, 0x98, 0x20, 0x2e, 0xff, 0x94,
  0x02, 0x80, 0x00, 0x0f, 0xff, 0xff, 0x28, 0x00, 0x00, 0x84, 0x3f, 0xf0,
  0x00, 0x00, 0x06, 0x83, 0xff, 0xff, 0xfc, 0x01, 0x24, 0x6e, 0xff, 0xf8,
  0x42, 0xae, 0xff, 0xdc, 0x42, 0xa7, 0x2f, 0x3c, 0x3f, 0xf8, 0x00, 0x00,
  0x2f, 0x05, 0x2f, 0x04, 0x4e, 0xb9, 0x00, 0x00, 0x7d, 0xba, 0x4f, 0xef,
  0x00, 0x10, 0x47, 0xf9, 0x00, 0x00, 0x81, 0x56, 0x2f, 0x3c, 0x63, 0x6f,
  0x43, 0x61, 0x2f, 0x3c, 0x3f, 0xd2, 0x87, 0xa7, 0x2f, 0x01, 0x2f, 0x00,
  0x4e, 0x93, 0x4f, 0xef, 0x00, 0x0c, 0x2e, 0xbc, 0x8b, 0x60, 0xc8, 0xb3,
  0x2f, 0x3c, 0x3f, 0xc6, 0x8a, 0x28, 0x2f, 0x01, 0x2f, 0x00, 0x4e, 0xb9,
  0x00, 0x00, 0x7d, 0xc0, 0x4f, 0xef, 0x00, 0x10, 0x28, 0x00, 0x2a, 0x01,
  0x2f, 0x03, 0x4e, 0xb9, 0x00, 0x00, 0x8a, 0x22, 0x2e, 0xbc, 0x50, 0x9f,
  0x79, 0xfb, 0x2f, 0x3c, 0x3f, 0xd3, 0x44, 0x13, 0x2f, 0x01, 0x2f, 0x00,
  0x4e, 0x93, 0x4f, 0xef, 0x00, 0x0c, 0x2e, 0x81, 0x2f, 0x00, 0x2f, 0x05,
  0x2f, 0x04, 0x4e, 0xb9, 0x00, 0x00, 0x7d, 0xc0, 0x4f, 0xef, 0x00, 0x10,
  0x28, 0x00, 0x2a, 0x01, 0x2f, 0x01, 0x2f, 0x04, 0x4e, 0xb9, 0x00, 0x00,
  0x8a, 0x42, 0x2e, 0x00, 0x42, 0x97, 0x42, 0xaf, 0x00, 0x04, 0x2f, 0x05,
  0x2f, 0x04, 0x4e, 0xb9, 0x00, 0x00, 0x88, 0x08, 0x4f, 0xef, 0x00, 0x10,
  0x4a, 0x80, 0x6c, 0x00, 0xfa, 0x9c, 0x2f, 0x07, 0x4e, 0xb9, 0x00, 0x00,
  0x8a, 0x22, 0x2e, 0x85, 0x2f, 0x04, 0x2f, 0x01, 0x2f, 0x00, 0x4e, 0xb9,
  0x00, 0x00, 0x87, 0xc0, 0x4f, 0xef, 0x00, 0x10, 0x4a, 0x80, 0x67, 0x00,
  0xfa, 0x7c, 0x53, 0x87, 0x28, 0x0a, 0x98, 0x83, 0x24, 0x04, 0x53, 0x82,
  0x2d, 0x42, 0xff, 0x9c, 0x70, 0x16, 0xb0, 0x87, 0x64, 0x00, 0xfa, 0x7a,
  0x74, 0x01, 0x2d, 0x42, 0xff, 0xd4, 0x4a, 0xae, 0xff, 0x9c, 0x6c, 0x00,
  0xfa, 0xac, 0x74, 0x01, 0x94, 0x84, 0x2d, 0x42, 0xff, 0xb4, 0x42, 0xae,
  0xff, 0x9c, 0x4a, 0x87, 0x6d, 0x00, 0xfa, 0xa4, 0xdf, 0xae, 0xff, 0x9c,
  0x2d, 0x47, 0xff, 0xbc, 0x42, 0xae, 0xff, 0xcc, 0x70, 0x09, 0xb0, 0xae,
  0x00, 0x14, 0x64, 0x00, 0xfa, 0xaa, 0x76, 0x01, 0x42, 0xae, 0x00, 0x14,
  0x74, 0x01, 0x2d, 0x42, 0xff, 0xc0, 0x74, 0xff, 0x2d, 0x42, 0xff, 0xa4,
  0x42, 0xae, 0x00, 0x18, 0x20, 0x6e, 0x00, 0x08, 0x42, 0xa8, 0x00, 0x42,
  0x2d, 0x6e, 0xff, 0xa4, 0xff, 0xd8, 0x72, 0x00, 0x60, 0x00, 0xfa, 0xfc,
  0x4a, 0xae, 0x00, 0x24, 0x66, 0x00, 0x0a, 0xfe, 0x2d, 0x7c, 0x00, 0x00,
  0x8e, 0xcc, 0xff, 0xb0, 0x20, 0x2e, 0xff, 0xb0, 0x4c, 0xee, 0x1c, 0xf8,
  0xff, 0x64, 0x4e, 0x5e, 0x4e, 0x75, 0x70, 0x03, 0xb0, 0xae, 0x00, 0x14,
  0x67, 0x00, 0x0f, 0xa8, 0x6c, 0x00, 0x07, 0x08, 0x76, 0x01, 0x60, 0x00,
  0xfa, 0x6c, 0x2f, 0x0a, 0x4e, 0xb9, 0x00, 0x00, 0x8a, 0x22, 0x2e, 0x85,
  0x2f, 0x04, 0x2f, 0x01, 0x2f, 0x00, 0x4e, 0x93, 0x4f, 0xef, 0x00, 0x0c,
  0x42, 0x97, 0x2f, 0x3c, 0x40, 0x1c, 0x00, 0x00, 0x2f, 0x01, 0x2f, 0x00,
  0x4e, 0xb9, 0x00, 0x00, 0x7d, 0xc0, 0x4f, 0xef, 0x00, 0x10, 0x26, 0x01,
  0x24, 0x40, 0xd5, 0xfc, 0xfc, 0xc0, 0x00, 0x00, 0x42, 0xa7, 0x2f, 0x3c,
  0x40, 0x14, 0x00, 0x00, 0x2f, 0x05, 0x2f, 0x04, 0x4e, 0xb9, 0x00, 0x00,
  0x7d, 0xba, 0x4f, 0xef, 0x00, 0x10, 0x20, 0x40, 0x2f, 0x03, 0x2f, 0x0a,
  0x2f, 0x01, 0x2f, 0x08, 0x2d, 0x48, 0xff, 0x84, 0x2d, 0x41, 0xff, 0x88,
  0x4e, 0xb9, 0x00, 0x00, 0x87, 0xe4, 0x4f, 0xef, 0x00, 0x10, 0x20, 0x6e,
  0xff, 0x84, 0x22, 0x6e, 0xff, 0x88, 0x4a, 0x80, 0x6e, 0x00, 0x0c, 0x72,
  0x20, 0x0a, 0x06, 0x80, 0x80, 0x00, 0x00, 0x00, 0x2f, 0x03, 0x2f, 0x00,
  0x2f, 0x09, 0x2f, 0x08, 0x4e, 0xb9, 0x00, 0x00, 0x88, 0x08, 0x4f, 0xef,
  0x00, 0x10, 0x4a, 0x80, 0x6d, 0x70, 0x20, 0x2e, 0xff, 0xfc, 0x6b, 0x00,
  0x02, 0x62, 0x72, 0x0e, 0xb2, 0xae, 0xff, 0xbc, 0x6d, 0x00, 0x02, 0x58,
  0x2d, 0x7c, 0x00, 0x00, 0x8c, 0x5c, 0xff, 0xc8, 0x20, 0x2e, 0xff, 0xbc,
  0xe7, 0x88, 0x20, 0x6e, 0xff, 0xc8, 0x2d, 0x70, 0x08, 0x00, 0xff, 0x8c,
  0x2d, 0x70, 0x08, 0x04, 0xff, 0x90, 0x4a, 0xae, 0x00, 0x18, 0x6c, 0x7e,
  0x4a, 0xae, 0xff, 0xa4, 0x6e, 0x78, 0x66, 0x32, 0x42, 0xa7, 0x2f, 0x3c,
  0x40, 0x14, 0x00, 0x00, 0x2f, 0x2e, 0xff, 0x90, 0x2f, 0x2e, 0xff, 0x8c,
  0x4e, 0x93, 0x4f, 0xef, 0x00, 0x0c, 0x2e, 0x81, 0x2f, 0x00, 0x2f, 0x2e,
  0xff, 0x98, 0x2f, 0x2e, 0xff, 0x94, 0x4e, 0xb9, 0x00, 0x00, 0x88, 0x2c,
  0x4f, 0xef, 0x00, 0x10, 0x4a, 0x80, 0x6e, 0x00, 0x0b, 0xe4, 0x28, 0x6e,
  0xff, 0xb0, 0x42, 0xae, 0xff, 0x94, 0x7a, 0x00, 0x28, 0x2e, 0x00, 0x18,
  0x46, 0x84, 0x2f, 0x2e, 0xff, 0x94, 0x2f, 0x2e, 0x00, 0x08, 0x2d, 0x7c,
  0x00, 0x00, 0x4b, 0x78, 0xff, 0x9c, 0x43, 0xf9, 0x00, 0x00, 0x4b, 0x78,
  0x4e, 0x91, 0x52, 0x84, 0x50, 0x8f, 0x4a, 0x85, 0x67, 0x00, 0xfc, 0x9e,
  0x2f, 0x05, 0x2f, 0x2e, 0x00, 0x08, 0x20, 0x6e, 0xff, 0x9c, 0x4e, 0x90,
  0x50, 0x8f, 0x60, 0x00, 0xfc, 0x8c, 0x2d, 0x7c, 0x00, 0x00, 0x83, 0x04,
  0xff, 0xc8, 0x2f, 0x2e, 0xff, 0x90, 0x2f, 0x2e, 0xff, 0x8c, 0x2f, 0x2e,
  0xff, 0x98, 0x2f, 0x2e, 0xff, 0x94, 0x41, 0xf9, 0x00, 0x00, 0x83, 0x04,
  0x4e, 0x90, 0x4f, 0xef, 0x00, 0x0c, 0x2e, 0x81, 0x2f, 0x00, 0x4e, 0xb9,
  0x00, 0x00, 0x8a, 0x42, 0x50, 0x8f, 0x26, 0x00, 0x2f, 0x00, 0x4e, 0xb9,
  0x00, 0x00, 0x8a, 0x22, 0x2e, 0xae, 0xff, 0x90, 0x2f, 0x2e, 0xff, 0x8c,
  0x2f, 0x01, 0x2f, 0x00, 0x4e, 0x93, 0x4f, 0xef, 0x00, 0x0c, 0x2e, 0x81,
  0x2f, 0x00, 0x2f, 0x2e, 0xff, 0x98, 0x2f, 0x2e, 0xff, 0x94, 0x4e, 0xb9,
  0x00, 0x00, 0x7d, 0xba, 0x4f, 0xef, 0x00, 0x10, 0x20, 0x40, 0x22, 0x41,
  0x24, 0x6e, 0xff, 0xb0, 0x10, 0x03, 0x06, 0x00, 0x00, 0x30, 0x14, 0xc0,
  0x72, 0x01, 0xb2, 0xae, 0xff, 0xa4, 0x67, 0x00, 0x00, 0xa6, 0x7e, 0x01,
  0x28, 0x6e, 0xff, 0xa4, 0x2d, 0x6e, 0x00, 0x08, 0xff, 0x94, 0x42, 0xa7,
  0x2f, 0x3c, 0x40, 0x24, 0x00, 0x00, 0x2f, 0x09, 0x2f, 0x08, 0x4e, 0x93,
  0x4f, 0xef, 0x00, 0x10, 0x28, 0x00, 0x2a, 0x01, 0x42, 0xa7, 0x42, 0xa7,
  0x2f, 0x01, 0x2f, 0x04, 0x4e, 0xb9, 0x00, 0x00, 0x87, 0x9c, 0x4f, 0xef,
  0x00, 0x10, 0x4a, 0x80, 0x67, 0x00, 0x0c, 0x98, 0x52, 0x87, 0x2f, 0x2e,
  0xff, 0x90, 0x2f, 0x2e, 0xff, 0x8c, 0x2f, 0x05, 0x2f, 0x04, 0x20, 0x6e,
  0xff, 0xc8, 0x4e, 0x90, 0x4f, 0xef, 0x00, 0x0c, 0x2e, 0x81, 0x2f, 0x00,
  0x4e, 0xb9, 0x00, 0x00, 0x8a, 0x42, 0x50, 0x8f, 0x26, 0x00, 0x2f, 0x00,
  0x4e, 0xb9, 0x00, 0x00, 0x8a, 0x22, 0x2e, 0xae, 0xff, 0x90, 0x2f, 0x2e,
  0xff, 0x8c, 0x2f, 0x01, 0x2f, 0x00, 0x4e, 0x93, 0x4f, 0xef, 0x00, 0x0c,
  0x2e, 0x81, 0x2f, 0x00, 0x2f, 0x05, 0x2f, 0x04, 0x4e, 0xb9, 0x00, 0x00,
  0x7d, 0xba, 0x4f, 0xef, 0x00, 0x10, 0x20, 0x40, 0x22, 0x41, 0x10, 0x03,
  0x06, 0x00, 0x00, 0x30, 0x14, 0xc0, 0xbe, 0x8c, 0x66, 0x00, 0xff, 0x70,
  0x2d, 0x6e, 0xff, 0x94, 0x00, 0x08, 0x2f, 0x09, 0x2f, 0x08, 0x2f, 0x09,
  0x2f, 0x08, 0x4e, 0xb9, 0x00, 0x00, 0x7d, 0xc0, 0x4f, 0xef, 0x00, 0x10,
  0x20, 0x40, 0x22, 0x41, 0x26, 0x48, 0x28, 0x49, 0x28, 0x2e, 0xff, 0xbc,
  0x52, 0x84, 0x2a, 0x04, 0x2f, 0x2e, 0xff, 0x90, 0x2f, 0x2e, 0xff, 0x8c,
  0x2f, 0x0c, 0x2f, 0x0b, 0x4e, 0xb9, 0x00, 0x00, 0x87, 0xe4, 0x4f, 0xef,
  0x00, 0x10, 0x4a, 0x80, 0x6e, 0x24, 0x2f, 0x2e, 0xff, 0x90, 0x2f, 0x2e,
  0xff, 0x8c, 0x2f, 0x0c, 0x2f, 0x0b, 0x4e, 0xb9, 0x00, 0x00, 0x87, 0x9c,
  0x4f, 0xef, 0x00, 0x10, 0x4a, 0x80, 0x66, 0x00, 0x0a, 0x9c, 0x08, 0x03,
  0x00, 0x00, 0x67, 0x00, 0x0a, 0x94, 0x22, 0x2e, 0xff, 0xb0, 0x2d, 0x6e,
  0x00, 0x08, 0xff, 0x8c, 0x28, 0x4a, 0x10, 0x22, 0x0c, 0x00, 0x00, 0x39,
  0x66, 0x00, 0x0d, 0x20, 0xb5, 0xc1, 0x66, 0xf0, 0x2d, 0x6e, 0xff, 0x8c,
  0x00, 0x08, 0x70, 0x31, 0x52, 0x85, 0x14, 0x80, 0x28, 0x05, 0x2d, 0x7c,
  0x00, 0x00, 0x4b, 0x78, 0xff, 0x9c, 0x60, 0x00, 0xfa, 0xd8, 0x4a, 0xae,
  0xff, 0xc0, 0x67, 0x00, 0x02, 0x6c, 0x72, 0x01, 0xb2, 0xae, 0x00, 0x14,
  0x6c, 0x00, 0x0a, 0x6a, 0x20, 0x2e, 0xff, 0xa4, 0x53, 0x80, 0xb0, 0xae,
  0xff, 0xcc, 0x6e, 0x00, 0x08, 0x70, 0x28, 0x6e, 0xff, 0xcc, 0x99, 0xc0,
  0x4a, 0xae, 0xff, 0xa4, 0x6c, 0x00, 0x0d, 0x34, 0x28, 0x2e, 0xff, 0xb4,
  0x98, 0xae, 0xff, 0xa4, 0x48, 0x78, 0x00, 0x01, 0x2f, 0x2e, 0x00, 0x08,
  0x45, 0xf9, 0x00, 0x00, 0x4d, 0x90, 0x4e, 0x92, 0x2a, 0x00, 0x50, 0x8f,
  0x4a, 0x84, 0x67, 0x1a, 0x4a, 0xae, 0xff, 0x9c, 0x6f, 0x14, 0x20, 0x04,
  0xb8, 0xae, 0xff, 0x9c, 0x6e, 0x00, 0x08, 0x20, 0x91, 0xae, 0xff, 0xb4,
  0x98, 0x80, 0x91, 0xae, 0xff, 0x9c, 0x4a, 0xae, 0xff, 0xcc, 0x67, 0x28,
  0x4a, 0xae, 0xff, 0xc0, 0x67, 0x00, 0x0a, 0xf4, 0x47, 0xf9, 0x00, 0x00,
  0x50, 0x74, 0xb8, 0xfc, 0x00, 0x00, 0x66, 0x00, 0x08, 0x7a, 0x2f, 0x2e,
  0xff, 0xcc, 0x2f, 0x06, 0x2f, 0x2e, 0x00, 0x08, 0x4e, 0x93, 0x2c, 0x00,
  0x4f, 0xef, 0x00, 0x0c, 0x48, 0x78, 0x00, 0x01, 0x2f, 0x2e, 0x00, 0x08,
  0x4e, 0x92, 0x2d, 0x40, 0xff, 0x94, 0x50, 0x8f, 0x4a, 0x87, 0x66, 0x00,
  0x06, 0xe8, 0x74, 0x01, 0xb4, 0xae, 0x00, 0x14, 0x6c, 0x00, 0x01, 0xd6,
  0x72, 0x01, 0x20, 0x2e, 0xff, 0x9c, 0xd0, 0x81, 0x72, 0x1f, 0xc0, 0x81,
  0x67, 0x00, 0x03, 0x6c, 0x72, 0x20, 0x92, 0x80, 0x74, 0x04, 0xb4, 0x81,
  0x6c, 0x00, 0x07, 0x48, 0x72, 0x1c, 0x92, 0x80, 0xd3, 0xae, 0xff, 0xb4,
  0xd8, 0x81, 0xd3, 0xae, 0xff, 0x9c, 0x4a, 0xae, 0xff, 0xb4, 0x6e, 0x00,
  0x02, 0x06, 0x4a, 0xae, 0xff, 0x9c, 0x6e, 0x00, 0x01, 0xd8, 0x4a, 0xae,
  0xff, 0xd4, 0x66, 0x00, 0x02, 0x88, 0x4a, 0xae, 0xff, 0xa4, 0x6f, 0x00,
  0x02, 0x0e, 0x4a, 0xae, 0xff, 0xc0, 0x66, 0x00, 0x03, 0xb0, 0x28, 0x2e,
  0xff, 0xbc, 0x52, 0x84, 0x2d, 0x7c, 0x00, 0x00, 0x52, 0xa0, 0xff, 0xa0,
  0x26, 0x6e, 0xff, 0xb0, 0x76, 0x01, 0x2d, 0x7c, 0x00, 0x00, 0x2d, 0xca,
  0xff, 0xac, 0x49, 0xf9, 0x00, 0x00, 0x4b, 0xa6, 0x2d, 0x44, 0xff, 0x8c,
  0x20, 0x05, 0x2a, 0x06, 0x2e, 0x2e, 0xff, 0x94, 0x24, 0x6e, 0xff, 0xa4,
  0x28, 0x2e, 0x00, 0x08, 0x2c, 0x00, 0x2f, 0x07, 0x2f, 0x05, 0x20, 0x6e,
  0xff, 0xac, 0x4e, 0x90, 0x72, 0x30, 0xd0, 0x81, 0x16, 0xc0, 0x50, 0x8f,
  0xb5, 0xc3, 0x6f, 0x00, 0x05, 0xba, 0x42, 0xa7, 0x48, 0x78, 0x00, 0x0a,
  0x2f, 0x05, 0x2f, 0x04, 0x4e, 0x94, 0x2a, 0x00, 0x52, 0x83, 0x4f, 0xef,
  0x00, 0x10, 0x60, 0xd2, 0x2f, 0x2e, 0xff, 0xf0, 0x2f, 0x2e, 0xff, 0xec,
  0x2f, 0x2e, 0xff, 0xe4, 0x2f, 0x2e, 0xff, 0xe0, 0x4e, 0x93, 0x4f, 0xef,
  0x00, 0x10, 0x20, 0x40, 0x22, 0x41, 0x2d, 0x48, 0xff, 0xc0, 0x2d, 0x49,
  0xff, 0xc4, 0x20, 0x6e, 0xff, 0xb0, 0x10, 0x83, 0x24, 0x48, 0xd5, 0xee,
  0xff, 0xe8, 0x70, 0x01, 0xb0, 0xae, 0xff, 0xe8, 0x67, 0x00, 0x0c, 0x9a,
  0x2d, 0x6e, 0x00, 0x08, 0xff, 0x8c, 0x42, 0xa7, 0x2f, 0x3c, 0x40, 0x24,
  0x00, 0x00, 0x2f, 0x05, 0x2f, 0x04, 0x4e, 0x93, 0x4f, 0xef, 0x00, 0x10,
  0x28, 0x00, 0x2a, 0x01, 0x2f, 0x01, 0x2f, 0x04, 0x4e, 0xb9, 0x00, 0x00,
  0x8a, 0x42, 0x50, 0x8f, 0x26, 0x00, 0x2f, 0x00, 0x4e, 0xb9, 0x00, 0x00,
  0x8a, 0x22, 0x2e, 0x81, 0x2f, 0x00, 0x2f, 0x05, 0x2f, 0x04, 0x4e, 0xb9,
  0x00, 0x00, 0x7d, 0xba, 0x4f, 0xef, 0x00, 0x10, 0x28, 0x00, 0x2a, 0x01,
  0x06, 0x03, 0x00, 0x30, 0x18, 0xc3, 0xb9, 0xca, 0x66, 0xb4, 0x2d, 0x6e,
  0xff, 0x8c, 0x00, 0x08, 0x42, 0xa7, 0x2f, 0x3c, 0x3f, 0xe0, 0x00, 0x00,
  0x2f, 0x2e, 0xff, 0xc4, 0x2f, 0x2e, 0xff, 0xc0, 0x4e, 0xb9, 0x00, 0x00,
  0x7d, 0xc0, 0x4f, 0xef, 0x00, 0x0c, 0x2e, 0x81, 0x2f, 0x00, 0x2f, 0x05,
  0x2f, 0x04, 0x4e, 0xb9, 0x00, 0x00, 0x87, 0xe4, 0x4f, 0xef, 0x00, 0x10,
  0x4a, 0x80, 0x6e, 0x00, 0x0b, 0x5a, 0x2f, 0x2e, 0xff, 0xc4, 0x2f, 0x2e,
  0xff, 0xc0, 0x42, 0xa7, 0x2f, 0x3c, 0x3f, 0xe0, 0x00, 0x00, 0x4e, 0xb9,
  0x00, 0x00, 0x7d, 0xba, 0x4f, 0xef, 0x00, 0x0c, 0x2e, 0x81, 0x2f, 0x00,
  0x2f, 0x05, 0x2f, 0x04, 0x4e, 0xb9, 0x00, 0x00, 0x88, 0x08, 0x4f, 0xef,
  0x00, 0x10, 0x4a, 0x80, 0x6d, 0x00, 0x0b, 0x86, 0x4a, 0xae, 0xff, 0xfc,
  0x6d, 0x0a, 0x72, 0x0e, 0xb2, 0xae, 0xff, 0xbc, 0x6c, 0x00, 0xfb, 0x42,
  0x28, 0x6e, 0xff, 0xcc, 0x28, 0x2e, 0xff, 0xb4, 0x42, 0xae, 0xff, 0xc0,
  0x7a, 0x00, 0x45, 0xf9, 0x00, 0x00, 0x4d, 0x90, 0x60, 0x00, 0xfd, 0xc2,
  0x4a, 0xae, 0xff, 0xb8, 0x66, 0x00, 0xfe, 0x26, 0x20, 0x2e, 0xff, 0xa0,
  0x02, 0x80, 0x00, 0x0f, 0xff, 0xff, 0x66, 0x00, 0xfe, 0x18, 0x20, 0x2e,
  0xff, 0xa0, 0x02, 0x80, 0x7f, 0xf0, 0x00, 0x00, 0x67, 0x00, 0x0a, 0x8a,
  0x52, 0xae, 0xff, 0xb4, 0x52, 0xae, 0xff, 0x9c, 0x70, 0x01, 0x4a, 0x87,
  0x66, 0x00, 0x0a, 0x80, 0x2e, 0x00, 0x72, 0x01, 0x60, 0x00, 0xfd, 0xf4,
  0x2f, 0x2e, 0xff, 0x9c, 0x2f, 0x2e, 0xff, 0x94, 0x2f, 0x2e, 0x00, 0x08,
  0x4e, 0xb9, 0x00, 0x00, 0x51, 0x80, 0x2d, 0x40, 0xff, 0x94, 0x4f, 0xef,
  0x00, 0x0c, 0x4a, 0xae, 0xff, 0xd4, 0x67, 0x00, 0xfe, 0x12, 0x60, 0x00,
  0x00, 0x94, 0x2f, 0x2e, 0xff, 0xb4, 0x2f, 0x06, 0x2f, 0x2e, 0x00, 0x08,
  0x4e, 0xb9, 0x00, 0x00, 0x51, 0x80, 0x2c, 0x00, 0x4f, 0xef, 0x00, 0x0c,
  0x4a, 0xae, 0xff, 0x9c, 0x6f, 0x00, 0xfd, 0xe8, 0x60, 0xba, 0x70, 0x02,
  0xb0, 0xae, 0x00, 0x14, 0x6c, 0x00, 0xfd, 0xec, 0x4a, 0xae, 0xff, 0xa4,
  0x66, 0x00, 0x06, 0xe6, 0x42, 0xa7, 0x48, 0x78, 0x00, 0x05, 0x2f, 0x2e,
  0xff, 0x94, 0x2f, 0x2e, 0x00, 0x08, 0x4e, 0xb9, 0x00, 0x00, 0x4b, 0xa6,
  0x2d, 0x40, 0xff, 0x94, 0x2f, 0x00, 0x2f, 0x06, 0x4e, 0xb9, 0x00, 0x00,
  0x52, 0xa0, 0x4f, 0xef, 0x00, 0x18, 0x4a, 0x80, 0x6f, 0x00, 0x06, 0xba,
  0x28, 0x6e, 0xff, 0xb0, 0x18, 0xfc, 0x00, 0x31, 0x28, 0x2e, 0xff, 0xbc,
  0x52, 0x84, 0x2f, 0x2e, 0xff, 0x94, 0x2f, 0x2e, 0x00, 0x08, 0x2d, 0x7c,
  0x00, 0x00, 0x4b, 0x78, 0xff, 0x9c, 0x43, 0xf9, 0x00, 0x00, 0x4b, 0x78,
  0x4e, 0x91, 0x52, 0x84, 0x50, 0x8f, 0x4a, 0x85, 0x66, 0x00, 0xfa, 0xc2,
  0x60, 0x00, 0xf7, 0x5a, 0x2f, 0x2e, 0xff, 0x94, 0x2f, 0x06, 0x2d, 0x7c,
  0x00, 0x00, 0x52, 0xa0, 0xff, 0xa0, 0x41, 0xf9, 0x00, 0x00, 0x52, 0xa0,
  0x4e, 0x90, 0x50, 0x8f, 0x4a, 0x80, 0x6c, 0x00, 0xfd, 0x5e, 0x26, 0x2e,
  0xff, 0xbc, 0x53, 0x83, 0x42, 0xa7, 0x48, 0x78, 0x00, 0x0a, 0x2f, 0x06,
  0x2f, 0x2e, 0x00, 0x08, 0x45, 0xf9, 0x00, 0x00, 0x4b, 0xa6, 0x4e, 0x92,
  0x2c, 0x00, 0x4f, 0xef, 0x00, 0x10, 0x4a, 0xae, 0xff, 0xc0, 0x66, 0x00,
  0x00, 0xce, 0x4a, 0xae, 0xff, 0xd8, 0x6f, 0x00, 0x0a, 0x42, 0x28, 0x2e,
  0xff, 0xbc, 0x2d, 0x6e, 0xff, 0xd8, 0xff, 0xa4, 0x26, 0x6e, 0xff, 0xb0,
  0x76, 0x01, 0x2d, 0x7c, 0x00, 0x00, 0x2d, 0xca, 0xff, 0xac, 0x49, 0xf9,
  0x00, 0x00, 0x4b, 0xa6, 0x2d, 0x44, 0xff, 0x8c, 0x20, 0x05, 0x2a, 0x06,
  0x2e, 0x2e, 0xff, 0x94, 0x24, 0x6e, 0xff, 0xa4, 0x28, 0x2e, 0x00, 0x08,
  0x2c, 0x00, 0x60, 0x00, 0xfd, 0x3e, 0x72, 0x02, 0xb2, 0xae, 0x00, 0x14,
  0x66, 0x00, 0x0a, 0x8e, 0x76, 0x01, 0x42, 0xae, 0xff, 0xc0, 0x4a, 0xae,
  0x00, 0x18, 0x6f, 0x00, 0x03, 0xde, 0x2d, 0x6e, 0x00, 0x18, 0xff, 0xd8,
  0x2d, 0x6e, 0x00, 0x18, 0xff, 0xa4, 0x24, 0x2e, 0x00, 0x18, 0x60, 0x00,
  0xf3, 0x6e, 0x72, 0x1c, 0xd3, 0xae, 0xff, 0xb4, 0xd8, 0x81, 0xd3, 0xae,
  0xff, 0x9c, 0x4a, 0xae, 0xff, 0xb4, 0x6f, 0x00, 0xfc, 0xa6, 0x60, 0x00,
  0xfe, 0xa6, 0x4a, 0x84, 0x6f, 0x00, 0x06, 0xfc, 0x42, 0xae, 0xff, 0xd4,
  0x42, 0xae, 0xff, 0xb4, 0xdf, 0xae, 0xff, 0x9c, 0x2d, 0x47, 0xff, 0xbc,
  0x42, 0xae, 0xff, 0xcc, 0x60, 0x00, 0xf8, 0x3a, 0x72, 0x20, 0x92, 0x80,
  0x2e, 0x2e, 0xff, 0xa8, 0xe3, 0xaf, 0x2f, 0x07, 0x4e, 0xb9, 0x00, 0x00,
  0x89, 0x8e, 0x58, 0x8f, 0x28, 0x00, 0x2a, 0x01, 0x06, 0x84, 0xfe, 0x10,
  0x00, 0x00, 0x53, 0x83, 0x74, 0x01, 0x2d, 0x42, 0xff, 0xdc, 0x60, 0x00,
  0xf1, 0x9e, 0x42, 0xa7, 0x48, 0x78, 0x00, 0x0a, 0x2f, 0x05, 0x2f, 0x2e,
  0x00, 0x08, 0x4e, 0x92, 0x2a, 0x00, 0x4f, 0xef, 0x00, 0x10, 0x4a, 0xae,
  0xff, 0xd8, 0x6f, 0x00, 0x09, 0x24, 0x2d, 0x43, 0xff, 0xbc, 0x2d, 0x6e,
  0xff, 0xd8, 0xff, 0xa4, 0x4a, 0x84, 0x6e, 0x00, 0x03, 0xaa, 0x4a, 0x87,
  0x66, 0x00, 0x06, 0xf2, 0x2e, 0x05, 0x26, 0x2e, 0xff, 0xb0, 0x22, 0x43,
  0x24, 0x6e, 0xff, 0xa4, 0x43, 0xf1, 0xa8, 0xff, 0x2d, 0x49, 0xff, 0xa4,
  0x2d, 0x7c, 0x00, 0x00, 0x4b, 0x78, 0xff, 0x9c, 0x2d, 0x7c, 0x00, 0x00,
  0x52, 0xa0, 0xff, 0xa0, 0x2d, 0x7c, 0x00, 0x00, 0x2d, 0xca, 0xff, 0xac,
  0x72, 0x01, 0xc2, 0xae, 0xff, 0xb8, 0x2d, 0x41, 0xff, 0xb8, 0x49, 0xf9,
  0x00, 0x00, 0x4b, 0xa6, 0x2d, 0x6e, 0x00, 0x08, 0xff, 0x8c, 0x2f, 0x2e,
  0xff, 0x94, 0x2f, 0x06, 0x20, 0x6e, 0xff, 0xac, 0x4e, 0x90, 0x26, 0x40,
  0x45, 0xeb, 0x00, 0x30, 0x2f, 0x05, 0x2f, 0x06, 0x22, 0x6e, 0xff, 0xa0,
  0x4e, 0x91, 0x28, 0x00, 0x2f, 0x07, 0x2f, 0x2e, 0xff, 0x94, 0x2f, 0x2e,
  0xff, 0x8c, 0x4e, 0xb9, 0x00, 0x00, 0x52, 0xf0, 0x20, 0x40, 0x4f, 0xef,
  0x00, 0x1c, 0x4a, 0xa8, 0x00, 0x0c, 0x66, 0x00, 0x00, 0xce, 0x2f, 0x00,
  0x2f, 0x06, 0x2d, 0x40, 0xff, 0x84, 0x22, 0x6e, 0xff, 0xa0, 0x4e, 0x91,
  0x20, 0x6e, 0xff, 0x84, 0x2f, 0x08, 0x2f, 0x2e, 0xff, 0x8c, 0x2d, 0x40,
  0xff, 0x88, 0x20, 0x6e, 0xff, 0x9c, 0x4e, 0x90, 0x4f, 0xef, 0x00, 0x10,
  0x20, 0x2e, 0xff, 0x88, 0x66, 0x00, 0x01, 0x4e, 0x4a, 0xae, 0x00, 0x14,
  0x66, 0x08, 0x4a, 0xae, 0xff, 0xb8, 0x67, 0x00, 0x04, 0xba, 0x4a, 0x84,
  0x6d, 0x00, 0x04, 0x50, 0x26, 0x43, 0x32, 0x0a, 0x16, 0xc1, 0xb6, 0xae,
  0xff, 0xa4, 0x67, 0x00, 0x06, 0xb4, 0x42, 0xa7, 0x48, 0x78, 0x00, 0x0a,
  0x2f, 0x06, 0x2f, 0x2e, 0xff, 0x8c, 0x4e, 0x94, 0x2c, 0x00, 0x4f, 0xef,
  0x00, 0x10, 0xbe, 0x85, 0x67, 0x00, 0x01, 0x4c, 0x42, 0xa7, 0x48, 0x78,
  0x00, 0x0a, 0x2f, 0x05, 0x2f, 0x2e, 0xff, 0x8c, 0x4e, 0x94, 0x2a, 0x00,
  0x42, 0xa7, 0x48, 0x78, 0x00, 0x0a, 0x2f, 0x07, 0x2f, 0x2e, 0xff, 0x8c,
  0x4e, 0x94, 0x2e, 0x00, 0x4f, 0xef, 0x00, 0x20, 0x26, 0x0b, 0x2f, 0x2e,
  0xff, 0x94, 0x2f, 0x06, 0x20, 0x6e, 0xff, 0xac, 0x4e, 0x90, 0x26, 0x40,
  0x45, 0xeb, 0x00, 0x30, 0x2f, 0x05, 0x2f, 0x06, 0x22, 0x6e, 0xff, 0xa0,
  0x4e, 0x91, 0x28, 0x00, 0x2f, 0x07, 0x2f, 0x2e, 0xff, 0x94, 0x2f, 0x2e,
  0xff, 0x8c, 0x4e, 0xb9, 0x00, 0x00, 0x52, 0xf0, 0x20, 0x40, 0x4f, 0xef,
  0x00, 0x1c, 0x4a, 0xa8, 0x00, 0x0c, 0x67, 0x00, 0xff, 0x36, 0x2d, 0x6e,
  0xff, 0x8c, 0x00, 0x08, 0x2f, 0x00, 0x2f, 0x2e, 0x00, 0x08, 0x20, 0x6e,
  0xff, 0x9c, 0x4e, 0x90, 0x50, 0x8f, 0x4a, 0x84, 0x6d, 0x10, 0x70, 0x01,
  0xc0, 0xae, 0xff, 0xa8, 0x88, 0xae, 0x00, 0x14, 0x80, 0x84, 0x66, 0x00,
  0x00, 0xa6, 0x48, 0x78, 0x00, 0x01, 0x2f, 0x06, 0x2f, 0x2e, 0x00, 0x08,
  0x4e, 0xb9, 0x00, 0x00, 0x51, 0x80, 0x2c, 0x00, 0x2f, 0x2e, 0xff, 0x94,
  0x2f, 0x00, 0x20, 0x6e, 0xff, 0xa0, 0x4e, 0x90, 0x4f, 0xef, 0x00, 0x14,
  0x4a, 0x80, 0x6f, 0x00, 0x03, 0xb6, 0x72, 0x39, 0xb2, 0x8a, 0x67, 0x00,
  0x06, 0xb6, 0x45, 0xeb, 0x00, 0x31, 0x28, 0x43, 0x34, 0x0a, 0x18, 0xc2,
  0x28, 0x2e, 0xff, 0xbc, 0x52, 0x84, 0x26, 0x05, 0x2a, 0x07, 0x2f, 0x2e,
  0xff, 0x94, 0x2f, 0x2e, 0x00, 0x08, 0x22, 0x6e, 0xff, 0x9c, 0x4e, 0x91,
  0x50, 0x8f, 0x4a, 0x85, 0x67, 0x00, 0xf4, 0x4a, 0x4a, 0x83, 0x67, 0x00,
  0xf7, 0xa8, 0xba, 0x83, 0x67, 0x00, 0xf7, 0xa2, 0x2f, 0x03, 0x2f, 0x2e,
  0x00, 0x08, 0x24, 0x6e, 0xff, 0x9c, 0x4e, 0x92, 0x50, 0x8f, 0x2f, 0x05,
  0x2f, 0x2e, 0x00, 0x08, 0x20, 0x6e, 0xff, 0x9c, 0x4e, 0x90, 0x50, 0x8f,
  0x60, 0x00, 0xf4, 0x1e, 0x4a, 0x84, 0x6d, 0x00, 0x08, 0x22, 0x88, 0xae,
  0x00, 0x14, 0x88, 0xae, 0xff, 0xb8, 0x67, 0x00, 0x08, 0x16, 0x4a, 0x80,
  0x6f, 0x00, 0xfe, 0xb2, 0x2d, 0x6e, 0xff, 0x8c, 0x00, 0x08, 0x74, 0x39,
  0xb4, 0x8a, 0x67, 0x00, 0x06, 0x3a, 0x28, 0x43, 0x28, 0x2e, 0xff, 0xbc,
  0x52, 0x84, 0x30, 0x0a, 0x52, 0x00, 0x18, 0xc0, 0x26, 0x05, 0x2a, 0x07,
  0x60, 0x84, 0x42, 0xa7, 0x48, 0x78, 0x00, 0x0a, 0x2f, 0x05, 0x2f, 0x2e,
  0xff, 0x8c, 0x4e, 0x94, 0x2a, 0x00, 0x4f, 0xef, 0x00, 0x10, 0x2e, 0x00,
  0x26, 0x0b, 0x60, 0x00, 0xfe, 0xc2, 0x22, 0x06, 0x2c, 0x05, 0x24, 0x40,
  0x2d, 0x44, 0x00, 0x08, 0x28, 0x2e, 0xff, 0x8c, 0x2a, 0x01, 0x4a, 0xae,
  0xff, 0xa4, 0x6f, 0x00, 0x04, 0x5c, 0x20, 0x2e, 0xff, 0xa4, 0x26, 0x6e,
  0xff, 0xb0, 0xd7, 0xc0, 0x76, 0x00, 0x2d, 0x7c, 0x00, 0x00, 0x4b, 0x78,
  0xff, 0x9c, 0x48, 0x78, 0x00, 0x01, 0x2f, 0x06, 0x2f, 0x2e, 0x00, 0x08,
  0x4e, 0xb9, 0x00, 0x00, 0x51, 0x80, 0x2c, 0x00, 0x2f, 0x2e, 0xff, 0x94,
  0x2f, 0x00, 0x20, 0x6e, 0xff, 0xa0, 0x4e, 0x90, 0x4f, 0xef, 0x00, 0x14,
  0x4a, 0x80, 0x6f, 0x00, 0x00, 0xdc, 0x22, 0x2e, 0xff, 0xb0, 0x2d, 0x6e,
  0x00, 0x08, 0xff, 0x8c, 0x28, 0x4b, 0x10, 0x23, 0x0c, 0x00, 0x00, 0x39,
  0x66, 0x00, 0x02, 0xf4, 0xb7, 0xc1, 0x66, 0xf0, 0x2d, 0x6e, 0xff, 0x8c,
  0x00, 0x08, 0x20, 0x6e, 0xff, 0xb0, 0x10, 0xbc, 0x00, 0x31, 0x52, 0x84,
  0x60, 0x00, 0xfe, 0xe8, 0x2f, 0x07, 0x2f, 0x00, 0x2f, 0x2e, 0x00, 0x08,
  0x4e, 0xb9, 0x00, 0x00, 0x50, 0x74, 0x2d, 0x40, 0xff, 0x94, 0x4f, 0xef,
  0x00, 0x0c, 0x72, 0x01, 0xb2, 0xae, 0x00, 0x14, 0x6c, 0x00, 0x01, 0x14,
  0x7e, 0x00, 0x20, 0x6e, 0xff, 0x94, 0x20, 0x28, 0x00, 0x10, 0x58, 0x80,
  0xd0, 0x80, 0xd0, 0x80, 0x2f, 0x30, 0x08, 0x00, 0x4e, 0xb9, 0x00, 0x00,
  0x4c, 0xb2, 0x72, 0x20, 0x92, 0x80, 0x58, 0x8f, 0x60, 0x00, 0xf8, 0xe4,
  0x2d, 0x7c, 0x00, 0x00, 0x8e, 0xcc, 0xff, 0xb0, 0x20, 0x3c, 0x00, 0x00,
  0x8e, 0xcf, 0x22, 0x6e, 0x00, 0x24, 0x22, 0x80, 0x60, 0x00, 0xf3, 0x70,
  0x74, 0x01, 0x2d, 0x42, 0xff, 0xc0, 0x60, 0x00, 0xfc, 0x1e, 0x74, 0x01,
  0x2d, 0x42, 0xff, 0xa4, 0x70, 0x01, 0x2d, 0x40, 0x00, 0x18, 0x20, 0x6e,
  0x00, 0x08, 0x42, 0xa8, 0x00, 0x42, 0x2d, 0x6e, 0xff, 0xa4, 0xff, 0xd8,
  0x72, 0x00, 0x60, 0x00, 0xef, 0xb6, 0x59, 0x81, 0x67, 0x00, 0xf8, 0xc4,
  0x72, 0x3c, 0x92, 0x80, 0xd3, 0xae, 0xff, 0xb4, 0xd8, 0x81, 0xd3, 0xae,
  0xff, 0x9c, 0x60, 0x00, 0xfc, 0x0e, 0x20, 0x6e, 0x00, 0x08, 0x42, 0xa8,
  0x00, 0x42, 0x72, 0x00, 0x60, 0x00, 0xef, 0x90, 0x4a, 0x80, 0x66, 0x0a,
  0x20, 0x0a, 0x08, 0x00, 0x00, 0x00, 0x66, 0x00, 0xff, 0x1a, 0x2d, 0x6e,
  0x00, 0x08, 0xff, 0x8c, 0x28, 0x4b, 0x0c, 0x23, 0x00, 0x30, 0x67, 0xf8,
  0x2d, 0x6e, 0xff, 0x8c, 0x00, 0x08, 0x60, 0x00, 0xfe, 0x16, 0x2f, 0x04,
  0x2f, 0x05, 0x2f, 0x2e, 0x00, 0x08, 0x4e, 0xb9, 0x00, 0x00, 0x51, 0x80,
  0x2a, 0x00, 0x4f, 0xef, 0x00, 0x0c, 0x60, 0x00, 0xfc, 0x42, 0x20, 0x2e,
  0xff, 0x9c, 0x91, 0xae, 0xff, 0xb4, 0x98, 0x80, 0x91, 0xae, 0xff, 0x9c,
  0x60, 0x00, 0xf7, 0xdc, 0x22, 0x00, 0x92, 0xae, 0xff, 0xcc, 0xde, 0x81,
  0x24, 0x2e, 0xff, 0xa4, 0xd5, 0xae, 0xff, 0x9c, 0x28, 0x2e, 0xff, 0xb4,
  0xd5, 0xae, 0xff, 0xb4, 0x2d, 0x40, 0xff, 0xcc, 0x99, 0xcc, 0x48, 0x78,
  0x00, 0x01, 0x2f, 0x2e, 0x00, 0x08, 0x45, 0xf9, 0x00, 0x00, 0x4d, 0x90,
  0x4e, 0x92, 0x2a, 0x00, 0x50, 0x8f, 0x60, 0x00, 0xf7, 0x88, 0x4a, 0xae,
  0xff, 0xb8, 0x66, 0x00, 0xfe, 0xe8, 0x20, 0x2e, 0xff, 0xa0, 0x02, 0x80,
  0x00, 0x0f, 0xff, 0xff, 0x67, 0x00, 0xf9, 0xc8, 0x7e, 0x00, 0x60, 0x00,
  0xfe, 0xd6, 0x2d, 0x6e, 0xff, 0x94, 0xff, 0xe0, 0x2d, 0x6e, 0xff, 0x98,
  0xff, 0xe4, 0x34, 0x7c, 0x00, 0x02, 0x2d, 0x7c, 0x00, 0x00, 0x83, 0x04,
  0xff, 0xc8, 0x60, 0x00, 0xef, 0x76, 0x2f, 0x0c, 0x2f, 0x05, 0x2f, 0x2e,
  0x00, 0x08, 0x4e, 0x93, 0x2a, 0x00, 0x2f, 0x06, 0x2f, 0x00, 0x2f, 0x2e,
  0x00, 0x08, 0x4e, 0xb9, 0x00, 0x00, 0x4e, 0x3c, 0x26, 0x00, 0x2f, 0x06,
  0x2f, 0x2e, 0x00, 0x08, 0x4e, 0xb9, 0x00, 0x00, 0x4b, 0x78, 0x20, 0x0c,
  0x91, 0xae, 0xff, 0xcc, 0x4f, 0xef, 0x00, 0x20, 0x2c, 0x03, 0x4a, 0xae,
  0xff, 0xcc, 0x67, 0x00, 0xf7, 0x60, 0x2f, 0x2e, 0xff, 0xcc, 0x2f, 0x06,
  0x2f, 0x2e, 0x00, 0x08, 0x4e, 0x93, 0x2c, 0x00, 0x4f, 0xef, 0x00, 0x0c,
  0x60, 0x00, 0xf7, 0x4a, 0x74, 0x02, 0x2d, 0x42, 0x00, 0x14, 0x76, 0x00,
  0x42, 0xae, 0xff, 0xc0, 0x60, 0x00, 0xfa, 0xb8, 0x4a, 0xae, 0xff, 0xa4,
  0x67, 0x00, 0xf3, 0xa0, 0x4a, 0xae, 0xff, 0xd8, 0x6f, 0x00, 0xf4, 0x2c,
  0x24, 0x2e, 0xff, 0xbc, 0x53, 0x82, 0x2d, 0x42, 0xff, 0xf4, 0x42, 0xa7,
  0x2f, 0x3c, 0x40, 0x24, 0x00, 0x00, 0x2f, 0x05, 0x2f, 0x04, 0x4e, 0x93,
  0x4f, 0xef, 0x00, 0x10, 0x28, 0x00, 0x2a, 0x01, 0x48, 0x6a, 0x00, 0x01,
  0x4e, 0xb9, 0x00, 0x00, 0x8a, 0x22, 0x2e, 0x85, 0x2f, 0x04, 0x2f, 0x01,
  0x2f, 0x00, 0x4e, 0x93, 0x4f, 0xef, 0x00, 0x0c, 0x42, 0x97, 0x2f, 0x3c,
  0x40, 0x1c, 0x00, 0x00, 0x2f, 0x01, 0x2f, 0x00, 0x4e, 0xb9, 0x00, 0x00,
  0x7d, 0xc0, 0x4f, 0xef, 0x00, 0x10, 0x26, 0x01, 0x24, 0x40, 0xd5, 0xfc,
  0xfc, 0xc0, 0x00, 0x00, 0x2d, 0x6e, 0xff, 0xd8, 0xff, 0xe8, 0x60, 0x00,
  0xef, 0x60, 0x2d, 0x6e, 0xff, 0x8c, 0x00, 0x08, 0x28, 0x43, 0x34, 0x0a,
  0x18, 0xc2, 0x28, 0x2e, 0xff, 0xbc, 0x52, 0x84, 0x26, 0x05, 0x2a, 0x07,
  0x60, 0x00, 0xfc, 0x90, 0x42, 0xae, 0xff, 0x94, 0x7a, 0x00, 0x28, 0x6e,
  0xff, 0xb0, 0x18, 0xfc, 0x00, 0x31, 0x28, 0x2e, 0xff, 0xbc, 0x52, 0x84,
  0x60, 0x00, 0xf9, 0x58, 0x28, 0x6e, 0xff, 0xb0, 0x28, 0x2e, 0x00, 0x18,
  0x46, 0x84, 0x60, 0x00, 0xf4, 0x0a, 0x4a, 0x80, 0x66, 0x00, 0xfc, 0x54,
  0x20, 0x0a, 0x08, 0x00, 0x00, 0x00, 0x66, 0x00, 0xfc, 0x3e, 0x28, 0x43,
  0x34, 0x0a, 0x18, 0xc2, 0x28, 0x2e, 0xff, 0xbc, 0x52, 0x84, 0x26, 0x05,
  0x2a, 0x07, 0x60, 0x00, 0xfc, 0x46, 0x2d, 0x6e, 0xff, 0x8c, 0x00, 0x08,
  0x70, 0x39, 0xb0, 0x8a, 0x67, 0x00, 0x02, 0xd8, 0x4a, 0x84, 0x6f, 0x04,
  0x45, 0xeb, 0x00, 0x31, 0x28, 0x43, 0x32, 0x0a, 0x18, 0xc1, 0x28, 0x2e,
  0xff, 0xbc, 0x52, 0x84, 0x26, 0x05, 0x2a, 0x07, 0x60, 0x00, 0xfc, 0x1c,
  0x28, 0x4a, 0x2d, 0x7c, 0x00, 0x00, 0x4b, 0x78, 0xff, 0x9c, 0x60, 0x00,
  0xf0, 0x6c, 0x2d, 0x6e, 0xff, 0x8c, 0x00, 0x08, 0x52, 0x00, 0x16, 0x80,
  0x60, 0x00, 0xfc, 0x00, 0x4a, 0xae, 0xff, 0xdc, 0x67, 0x00, 0x02, 0x42,
  0x06, 0x80, 0x00, 0x00, 0x04, 0x33, 0xd1, 0xae, 0xff, 0x9c, 0x28, 0x6e,
  0xff, 0xcc, 0x28, 0x2e, 0xff, 0xb4, 0xd1, 0xae, 0xff, 0xb4, 0x48, 0x78,
  0x00, 0x01, 0x2f, 0x2e, 0x00, 0x08, 0x45, 0xf9, 0x00, 0x00, 0x4d, 0x90,
  0x4e, 0x92, 0x2a, 0x00, 0x50, 0x8f, 0x60, 0x00, 0xf5, 0x9c, 0x4a, 0xae,
  0xff, 0xbc, 0x67, 0x00, 0x02, 0x3a, 0x2d, 0x7c, 0x00, 0x00, 0x8c, 0x5c,
  0xff, 0xc8, 0x26, 0x2e, 0xff, 0xbc, 0x44, 0x83, 0x70, 0x0f, 0xc0, 0x83,
  0xe7, 0x88, 0x45, 0xf9, 0x00, 0x00, 0x8c, 0x5c, 0x2f, 0x32, 0x08, 0x04,
  0x2f, 0x32, 0x08, 0x00, 0x2f, 0x2e, 0xff, 0x98, 0x2f, 0x2e, 0xff, 0x94,
  0x4e, 0x93, 0x4f, 0xef, 0x00, 0x10, 0x2d, 0x40, 0xff, 0xc8, 0x2d, 0x41,
  0xff, 0xe0, 0xe8, 0x83, 0x67, 0x00, 0x03, 0x50, 0x49, 0xf9, 0x00, 0x00,
  0x8c, 0x34, 0x28, 0x00, 0x2a, 0x01, 0x42, 0x00, 0x34, 0x7c, 0x00, 0x02,
  0x2d, 0x6e, 0x00, 0x08, 0xff, 0x8c, 0x08, 0x03, 0x00, 0x00, 0x67, 0x18,
  0x52, 0x8a, 0x2f, 0x2c, 0x00, 0x04, 0x2f, 0x14, 0x2f, 0x05, 0x2f, 0x04,
  0x4e, 0x93, 0x4f, 0xef, 0x00, 0x10, 0x28, 0x00, 0x2a, 0x01, 0x70, 0x01,
  0xe2, 0x83, 0x50, 0x8c, 0x66, 0xdc, 0x2d, 0x6e, 0xff, 0x8c, 0x00, 0x08,
  0x4a, 0x00, 0x66, 0x00, 0xed, 0x88, 0x28, 0x2e, 0xff, 0xc8, 0x2a, 0x2e,
  0xff, 0xe0, 0x60, 0x00, 0xed, 0x7c, 0x74, 0x01, 0x94, 0x84, 0x2d, 0x42,
  0xff, 0xb4, 0x42, 0xae, 0xff, 0x9c, 0x42, 0xae, 0xff, 0xd4, 0xdf, 0xae,
  0xff, 0x9c, 0x2d, 0x47, 0xff, 0xbc, 0x42, 0xae, 0xff, 0xcc, 0x60, 0x00,
  0xf1, 0x38, 0x2f, 0x2e, 0xff, 0xcc, 0x2f, 0x06, 0x2f, 0x2e, 0x00, 0x08,
  0x4e, 0xb9, 0x00, 0x00, 0x50, 0x74, 0x2c, 0x00, 0x4f, 0xef, 0x00, 0x0c,
  0x60, 0x00, 0xf5, 0x16, 0x70, 0x01, 0x26, 0x6e, 0xff, 0xb0, 0xd7, 0xc0,
  0x76, 0x00, 0x2d, 0x7c, 0x00, 0x00, 0x4b, 0x78, 0xff, 0x9c, 0x60, 0x00,
  0xfb, 0xa6, 0x2d, 0x6e, 0xff, 0x94, 0x00, 0x08, 0x28, 0x2e, 0xff, 0xbc,
  0x52, 0x84, 0x28, 0x4a, 0x2d, 0x7c, 0x00, 0x00, 0x4b, 0x78, 0xff, 0x9c,
  0x60, 0x00, 0xef, 0x26, 0x20, 0x45, 0x2f, 0x28, 0x00, 0x04, 0x2f, 0x2e,
  0x00, 0x08, 0x22, 0x6e, 0xff, 0xd0, 0x4e, 0x91, 0x24, 0x40, 0x50, 0x8f,
  0x4a, 0x80, 0x67, 0x00, 0x02, 0xb8, 0x20, 0x45, 0x22, 0x28, 0x00, 0x10,
  0x54, 0x81, 0xd2, 0x81, 0xd2, 0x81, 0x2f, 0x01, 0x48, 0x68, 0x00, 0x0c,
  0x48, 0x6a, 0x00, 0x0c, 0x4e, 0xb9, 0x00, 0x00, 0x0c, 0xf4, 0x48, 0x78,
  0x00, 0x01, 0x2f, 0x0a, 0x2f, 0x2e, 0x00, 0x08, 0x4e, 0xb9, 0x00, 0x00,
  0x51, 0x80, 0x2e, 0x00, 0x4f, 0xef, 0x00, 0x18, 0x26, 0x2e, 0xff, 0xb0,
  0x22, 0x43, 0x24, 0x6e, 0xff, 0xa4, 0x43, 0xf1, 0xa8, 0xff, 0x2d, 0x49,
  0xff, 0xa4, 0x2d, 0x7c, 0x00, 0x00, 0x4b, 0x78, 0xff, 0x9c, 0x2d, 0x7c,
  0x00, 0x00, 0x52, 0xa0, 0xff, 0xa0, 0x2d, 0x7c, 0x00, 0x00, 0x2d, 0xca,
  0xff, 0xac, 0x72, 0x01, 0xc2, 0xae, 0xff, 0xb8, 0x2d, 0x41, 0xff, 0xb8,
  0x49, 0xf9, 0x00, 0x00, 0x4b, 0xa6, 0x2d, 0x6e, 0x00, 0x08, 0xff, 0x8c,
  0x60, 0x00, 0xf8, 0xc4, 0x2d, 0x6e, 0xff, 0x8c, 0x00, 0x08, 0x28, 0x2e,
  0xff, 0xbc, 0x52, 0x84, 0x26, 0x05, 0x2a, 0x07, 0x48, 0x78, 0x00, 0x01,
  0x2f, 0x06, 0x2f, 0x2e, 0x00, 0x08, 0x4e, 0xb9, 0x00, 0x00, 0x51, 0x80,
  0x2c, 0x00, 0x2f, 0x2e, 0xff, 0x94, 0x2f, 0x00, 0x20, 0x6e, 0xff, 0xa0,
  0x4e, 0x90, 0x4f, 0xef, 0x00, 0x14, 0x4a, 0x80, 0x6e, 0x00, 0xfa, 0xec,
  0x60, 0x00, 0xfb, 0xc2, 0x76, 0x00, 0x42, 0xae, 0xff, 0xc0, 0x20, 0x2e,
  0x00, 0x18, 0xd0, 0xae, 0xff, 0xbc, 0x2d, 0x40, 0xff, 0xd8, 0x52, 0x80,
  0x2d, 0x40, 0xff, 0xa4, 0x24, 0x00, 0x6e, 0x00, 0xeb, 0x02, 0x60, 0x00,
  0xfb, 0x92, 0x76, 0x01, 0x42, 0xae, 0xff, 0xc0, 0x20, 0x2e, 0x00, 0x18,
  0xd0, 0xae, 0xff, 0xbc, 0x2d, 0x40, 0xff, 0xd8, 0x52, 0x80, 0x2d, 0x40,
  0xff, 0xa4, 0x24, 0x00, 0x6e, 0x00, 0xea, 0xe0, 0x60, 0x00, 0xfb, 0x70,
  0x70, 0x36, 0x90, 0xae, 0xff, 0xf8, 0xd1, 0xae, 0xff, 0x9c, 0x28, 0x6e,
  0xff, 0xcc, 0x28, 0x2e, 0xff, 0xb4, 0xd1, 0xae, 0xff, 0xb4, 0x48, 0x78,
  0x00, 0x01, 0x2f, 0x2e, 0x00, 0x08, 0x45, 0xf9, 0x00, 0x00, 0x4d, 0x90,
  0x4e, 0x92, 0x2a, 0x00, 0x50, 0x8f, 0x60, 0x00, 0xf3, 0x5c, 0x28, 0x2e,
  0xff, 0x94, 0x2a, 0x2e, 0xff, 0x98, 0x34, 0x7c, 0x00, 0x02, 0x60, 0x00,
  0xeb, 0xc4, 0x2d, 0x6e, 0xff, 0x8c, 0x00, 0x08, 0x52, 0x00, 0x14, 0x80,
  0x28, 0x05, 0x2d, 0x7c, 0x00, 0x00, 0x4b, 0x78, 0xff, 0x9c, 0x60, 0x00,
  0xed, 0xc0, 0x26, 0x43, 0x16, 0xfc, 0x00, 0x39, 0x28, 0x2e, 0xff, 0xbc,
  0x52, 0x84, 0x26, 0x05, 0x2a, 0x07, 0x22, 0x2e, 0xff, 0xb0, 0x2d, 0x6e,
  0x00, 0x08, 0xff, 0x8c, 0x60, 0x00, 0xfa, 0x3a, 0x70, 0x00, 0x60, 0x00,
  0xf5, 0x7e, 0x2e, 0x00, 0x20, 0x6e, 0xff, 0x94, 0x20, 0x28, 0x00, 0x10,
  0x58, 0x80, 0xd0, 0x80, 0xd0, 0x80, 0x2f, 0x30, 0x08, 0x00, 0x4e, 0xb9,
  0x00, 0x00, 0x4c, 0xb2, 0x72, 0x20, 0x92, 0x80, 0x58, 0x8f, 0x60, 0x00,
  0xf3, 0x5a, 0x24, 0x2e, 0xff, 0xa4, 0xd5, 0xae, 0xff, 0x9c, 0x28, 0x2e,
  0xff, 0xb4, 0xd5, 0xae, 0xff, 0xb4, 0x48, 0x78, 0x00, 0x01, 0x2f, 0x2e,
  0x00, 0x08, 0x45, 0xf9, 0x00, 0x00, 0x4d, 0x90, 0x4e, 0x92, 0x2a, 0x00,
  0x50, 0x8f, 0x60, 0x00, 0xf2, 0xc4, 0x2a, 0x2e, 0xff, 0xf4, 0x52, 0x85,
  0x22, 0x2e, 0xff, 0xb0, 0x2d, 0x6e, 0x00, 0x08, 0xff, 0x8c, 0x60, 0x00,
  0xf2, 0x3c, 0x2c, 0x2e, 0xff, 0xc8, 0x2d, 0x6e, 0xff, 0xe0, 0x00, 0x08,
  0x24, 0x4c, 0x2a, 0x2e, 0xff, 0xf4, 0x52, 0x85, 0x22, 0x2e, 0xff, 0xb0,
  0x2d, 0x6e, 0x00, 0x08, 0xff, 0x8c, 0x60, 0x00, 0xf2, 0x1c, 0x2e, 0x2e,
  0xff, 0xec, 0x2c, 0x2e, 0xff, 0xc8, 0x2d, 0x6e, 0xff, 0xe0, 0x00, 0x08,
  0x60, 0x00, 0xef, 0xcc, 0x72, 0x02, 0xb2, 0xae, 0x00, 0x14, 0x6c, 0x00,
  0xf6, 0xd6, 0x2d, 0x6e, 0xff, 0xd8, 0xff, 0xa4, 0x2d, 0x43, 0xff, 0xbc,
  0x60, 0x00, 0xf5, 0x32, 0x2d, 0x6e, 0x00, 0x08, 0xff, 0x8c, 0x28, 0x4a,
  0x0c, 0x22, 0x00, 0x30, 0x67, 0xf8, 0x2d, 0x6e, 0xff, 0x8c, 0x00, 0x08,
  0x28, 0x2e, 0xff, 0xf4, 0x52, 0x84, 0x2d, 0x7c, 0x00, 0x00, 0x4b, 0x78,
  0xff, 0x9c, 0x60, 0x00, 0xec, 0xcc, 0x70, 0x02, 0xb0, 0xae, 0x00, 0x14,
  0x6d, 0xc4, 0x2f, 0x2e, 0xff, 0x94, 0x2f, 0x06, 0x4e, 0xb9, 0x00, 0x00,
  0x2d, 0xca, 0x34, 0x7c, 0x00, 0x30, 0xd5, 0xc0, 0x30, 0x0a, 0x20, 0x6e,
  0xff, 0xb0, 0x10, 0x80, 0x50, 0x8f, 0x28, 0x2e, 0xff, 0xbc, 0x2d, 0x6e,
  0xff, 0xd8, 0xff, 0xa4, 0x60, 0x00, 0xf8, 0xe4, 0x24, 0x4c, 0x60, 0x00,
  0xf3, 0xbc, 0x28, 0x2e, 0xff, 0xc8, 0x2a, 0x2e, 0xff, 0xe0, 0x34, 0x7c,
  0x00, 0x02, 0x60, 0x00, 0xea, 0x70, 0x48, 0x79, 0x00, 0x00, 0x8e, 0xd0,
  0x42, 0xa7, 0x48, 0x78, 0x01, 0xaa, 0x48, 0x79, 0x00, 0x00, 0x8e, 0xe1,
  0x4e, 0xb9, 0x00, 0x00, 0x57, 0xd4, 0x2d, 0x7c, 0x00, 0x00, 0x8e, 0xc3,
  0xff, 0xb0, 0x20, 0x2e, 0xff, 0xb0, 0x4c, 0xee, 0x1c, 0xf8, 0xff, 0x64,
  0x4e, 0x5e, 0x4e, 0x75, 0x48, 0x79, 0x00, 0x00, 0x8e, 0xd0, 0x42, 0xa7,
  0x48, 0x78, 0x02, 0xea, 0x48, 0x79, 0x00, 0x00, 0x8e, 0xe1, 0x4e, 0xb9,
  0x00, 0x00, 0x57, 0xd4, 0x22, 0x6e, 0x00, 0x08, 0x42, 0xa9, 0x00, 0x42,
  0x42, 0xa7, 0x2f, 0x09, 0x2d, 0x7c, 0x00, 0x00, 0x4a, 0xdc, 0xff, 0xd0,
  0x45, 0xf9, 0x00, 0x00, 0x4a, 0xdc, 0x4e, 0x92, 0x2d, 0x40, 0xff, 0xb0,
  0x50, 0x8f, 0x67, 0x96, 0x22, 0x6e, 0x00, 0x08, 0x23, 0x6e, 0xff, 0xb0,
  0x00, 0x3e, 0x74, 0x01, 0x2d, 0x42, 0xff, 0xc0, 0x42, 0xae, 0x00, 0x18,
  0x74, 0xff, 0x2d, 0x42, 0xff, 0xa4, 0x2d, 0x42, 0xff, 0xd8, 0x60, 0x00,
  0xee, 0xba, 0x2d, 0x6e, 0xff, 0x8c, 0x00, 0x08, 0x4a, 0x80, 0x6e, 0x00,
  0xf7, 0x4a, 0x28, 0x43, 0x34, 0x0a, 0x18, 0xc2, 0x28, 0x2e, 0xff, 0xbc,
  0x52, 0x84, 0x26, 0x05, 0x2a, 0x07, 0x60, 0x00, 0xf7, 0x7a, 0x4e, 0x75,
  0x87, 0x5f, 0x64, 0x74, 0x6f, 0x61, 0x5f, 0x72, 0x00, 0x00, 0x20, 0x3c,
  0x00, 0x00, 0x94, 0xa4, 0x4e, 0x75, 0x8d, 0x5f, 0x6c, 0x6f, 0x63, 0x61,
  0x6c, 0x65, 0x63, 0x6f, 0x6e, 0x76, 0x5f, 0x72, 0x00, 0x00, 0x10, 0x39,
  0x00, 0x00, 0x94, 0xda, 0x48, 0x80, 0x48, 0xc0, 0x4e, 0x75, 0x93, 0x5f,
  0x5f, 0x6c, 0x6f, 0x63, 0x61, 0x6c, 0x65, 0x5f, 0x6d, 0x62, 0x5f, 0x63,
  0x75, 0x72, 0x5f, 0x6d, 0x61, 0x78, 0x00, 0x00, 0x59, 0x8f, 0x22, 0x6f,
  0x00, 0x0c, 0x20, 0x6f, 0x00, 0x10, 0xb2, 0xfc, 0x00, 0x00, 0x67, 0x20,
  0xb0, 0xfc, 0x00, 0x00, 0x67, 0x22, 0x4a, 0xaf, 0x00, 0x14, 0x67, 0x22,
  0x70, 0x00, 0x10, 0x10, 0x22, 0x80, 0x4a, 0x10, 0x56, 0xc0, 0x48, 0x80,
  0x48, 0xc0, 0x44, 0x80, 0x58, 0x8f, 0x4e, 0x75, 0x22, 0x4f, 0xb0, 0xfc,
  0x00, 0x00, 0x66, 0xde, 0x70, 0x00, 0x58, 0x8f, 0x4e, 0x75, 0x70, 0xfe,
  0x58, 0x8f, 0x4e, 0x75, 0x8e, 0x5f, 0x5f, 0x61, 0x73, 0x63, 0x69, 0x69,
  0x5f, 0x6d, 0x62, 0x74, 0x6f, 0x77, 0x63, 0x00, 0x00, 0x00, 0x48, 0xe7,
  0x18, 0x20, 0x20, 0x2f, 0x00, 0x10, 0x14, 0x2f, 0x00, 0x17, 0x22, 0x00,
  0x76, 0x03, 0xc6, 0x80, 0x20, 0x6f, 0x00, 0x18, 0x67, 0x2a, 0x53, 0x88,
  0x4a, 0xaf, 0x00, 0x18, 0x67, 0x16, 0x22, 0x41, 0x52, 0x81, 0xb4, 0x11,
  0x67, 0x10, 0x70, 0x03, 0xc0, 0x81, 0x67, 0x12, 0x53, 0x88, 0x70, 0xff,
  0xb0, 0x88, 0x66, 0xea, 0x93, 0xc9, 0x20, 0x09, 0x4c, 0xdf, 0x04, 0x18,
  0x4e, 0x75, 0x20, 0x01, 0x72, 0x03, 0xb2, 0x88, 0x65, 0x18, 0xb0, 0xfc,
  0x00, 0x00, 0x67, 0xe8, 0x24, 0x40, 0xd0, 0x88, 0x22, 0x4a, 0xb4, 0x1a,
  0x67, 0xe0, 0xb0, 0x8a, 0x66, 0xf6, 0x93, 0xc9, 0x60, 0xd8, 0x72, 0x00,
  0x46, 0x01, 0xc2, 0xaf, 0x00, 0x14, 0x28, 0x01, 0xe1, 0x8c, 0xd8, 0x81,
  0x22, 0x04, 0x48, 0x41, 0x42, 0x41, 0xd8, 0x81, 0x22, 0x40, 0x20, 0x09,
  0x26, 0x19, 0xb9, 0x83, 0x22, 0x03, 0x06, 0x81, 0xfe, 0xfe, 0xfe, 0xff,
  0x46, 0x83, 0xc2, 0x83, 0x02, 0x81, 0x80, 0x80, 0x80, 0x80, 0x66, 0xb6,
  0x59, 0x88, 0x70, 0x03, 0xb0, 0x88, 0x65, 0xde, 0x20, 0x09, 0x60, 0xaa,
  0x4e, 0x75, 0x86, 0x6d, 0x65, 0x6d, 0x63, 0x68, 0x72, 0x00, 0x00, 0x00,
  0x48, 0xe7, 0x18, 0x20, 0x24, 0x6f, 0x00, 0x10, 0x26, 0x2f, 0x00, 0x14,
  0x20, 0x2a, 0x00, 0x4a, 0x67, 0x24, 0x22, 0x03, 0xd2, 0x83, 0xd2, 0x81,
  0x22, 0x40, 0xd3, 0xc1, 0x20, 0x51, 0xb0, 0xfc, 0x00, 0x00, 0x67, 0x36,
  0x22, 0x90, 0x42, 0xa8, 0x00, 0x10, 0x42, 0xa8, 0x00, 0x0c, 0x20, 0x08,
  0x4c, 0xdf, 0x04, 0x18, 0x4e, 0x75, 0x48, 0x78, 0x00, 0x21, 0x48, 0x78,
  0x00, 0x04, 0x2f, 0x0a, 0x4e, 0xb9, 0x00, 0x00, 0x05, 0x4e, 0x25, 0x40,
  0x00, 0x4a, 0x4f, 0xef, 0x00, 0x0c, 0x66, 0xc2, 0x91, 0xc8, 0x20, 0x08,
  0x4c, 0xdf, 0x04, 0x18, 0x4e, 0x75, 0x78, 0x01, 0xe7, 0xac, 0x20, 0x04,
  0x5a, 0x80, 0xd0, 0x80, 0xd0, 0x80, 0x2f, 0x00, 0x48, 0x78, 0x00, 0x01,
  0x2f, 0x0a, 0x4e, 0xb9, 0x00, 0x00, 0x05, 0x4e, 0x20, 0x40, 0x4f, 0xef,
  0x00, 0x0c, 0x4a, 0x80, 0x67, 0xd2, 0x21, 0x43, 0x00, 0x04, 0x21, 0x44,
  0x00, 0x08, 0x42, 0xa8, 0x00, 0x10, 0x42, 0xa8, 0x00, 0x0c, 0x60, 0x9e,
  0x4e, 0x75, 0x87, 0x5f, 0x42, 0x61, 0x6c, 0x6c, 0x6f, 0x63, 0x00, 0x00,
  0x2f, 0x0a, 0x22, 0x6f, 0x00, 0x0c, 0xb2, 0xfc, 0x00, 0x00, 0x67, 0x14,
  0x20, 0x69, 0x00, 0x04, 0xd1, 0xc8, 0xd1, 0xc8, 0x24, 0x6f, 0x00, 0x08,
  0xd1, 0xea, 0x00, 0x4a, 0x22, 0x90, 0x20, 0x89, 0x24, 0x5f, 0x4e, 0x75,
  0x86, 0x5f, 0x42, 0x66, 0x72, 0x65, 0x65, 0x00, 0x00, 0x00, 0x48, 0xe7,
  0x1f, 0x3a, 0x26, 0x6f, 0x00, 0x2c, 0x2a, 0x2f, 0x00, 0x30, 0x2e, 0x2f,
  0x00, 0x34, 0x2c, 0x2b, 0x00, 0x10, 0x49, 0xeb, 0x00, 0x14, 0x78, 0x00,
  0x45, 0xf9, 0x00, 0x00, 0x7c, 0x50, 0x2c, 0x54, 0x2f, 0x05, 0x3f, 0x0e,
  0x42, 0x67, 0x4e, 0x92, 0x50, 0x8f, 0x26, 0x00, 0xd6, 0x87, 0x20, 0x0e,
  0x42, 0x40, 0x48, 0x40, 0x2f, 0x05, 0x2f, 0x00, 0x4e, 0x92, 0x50, 0x8f,
  0x22, 0x03, 0x42, 0x41, 0x48, 0x41, 0xd0, 0x81, 0x2e, 0x00, 0x42, 0x47,
  0x48, 0x47, 0x48, 0x40, 0x42, 0x40, 0x02, 0x83, 0x00, 0x00, 0xff, 0xff,
  0xd0, 0x83, 0x28, 0xc0, 0x52, 0x84, 0xb8, 0x86, 0x6d, 0xc0, 0x4a, 0x87,
  0x67, 0x18, 0xbc, 0xab, 0x00, 0x08, 0x6c, 0x1a, 0x20, 0x06, 0x5a, 0x80,
  0xd0, 0x80, 0xd0, 0x80, 0x27, 0x87, 0x08, 0x00, 0x52, 0x86, 0x27, 0x46,
  0x00, 0x10, 0x20, 0x0b, 0x4c, 0xdf, 0x5c, 0xf8, 0x4e, 0x75, 0x20, 0x2b,
  0x00, 0x04, 0x52, 0x80, 0x2f, 0x00, 0x2f, 0x2f, 0x00, 0x2c, 0x4e, 0xb9,
  0x00, 0x00, 0x4a, 0xdc, 0x24, 0x40, 0x50, 0x8f, 0x4a, 0x80, 0x67, 0x48,
  0x22, 0x2b, 0x00, 0x10, 0x54, 0x81, 0xd2, 0x81, 0xd2, 0x81, 0x2f, 0x01,
  0x48, 0x6b, 0x00, 0x0c, 0x48, 0x6a, 0x00, 0x0c, 0x4e, 0xb9, 0x00, 0x00,
  0x0c, 0xf4, 0x20, 0x6b, 0x00, 0x04, 0xd1, 0xc8, 0xd1, 0xc8, 0x22, 0x6f,
  0x00, 0x34, 0xd1, 0xe9, 0x00, 0x4a, 0x26, 0x90, 0x20, 0x8b, 0x4f, 0xef,
  0x00, 0x0c, 0x26, 0x4a, 0x20, 0x06, 0x5a, 0x80, 0xd0, 0x80, 0xd0, 0x80,
  0x27, 0x87, 0x08, 0x00, 0x52, 0x86, 0x27, 0x46, 0x00, 0x10, 0x60, 0x96,
  0x48, 0x79, 0x00, 0x00, 0x8e, 0xd0, 0x42, 0xa7, 0x48, 0x78, 0x00, 0xb5,
  0x48, 0x79, 0x00, 0x00, 0x8f, 0x1c, 0x4e, 0xb9, 0x00, 0x00, 0x57, 0xd4,
  0x4e, 0x75, 0x89, 0x5f, 0x5f, 0x6d, 0x75, 0x6c, 0x74, 0x61, 0x64, 0x64,
  0x00, 0x00, 0x22, 0x2f, 0x00, 0x04, 0x0c, 0x81, 0x00, 0x00, 0xff, 0xff,
  0x62, 0x44, 0x48, 0x41, 0x42, 0x41, 0x70, 0x10, 0x0c, 0x81, 0x00, 0xff,
  0xff, 0xff, 0x62, 0x04, 0x50, 0x80, 0xe1, 0x89, 0x0c, 0x81, 0x0f, 0xff,
  0xff, 0xff, 0x62, 0x04, 0x58, 0x80, 0xe9, 0x89, 0x0c, 0x81, 0x3f, 0xff,
  0xff, 0xff, 0x63, 0x08, 0x4a, 0x81, 0x6d, 0x02, 0x52, 0x80, 0x4e, 0x75,
  0xd2, 0x81, 0x24, 0x01, 0xd4, 0x81, 0x08, 0x01, 0x00, 0x1e, 0x66, 0x0e,
  0x08, 0x02, 0x00, 0x1e, 0x66, 0x0c, 0x70, 0x20, 0x4e, 0x75, 0x70, 0x00,
  0x60, 0xbe, 0x54, 0x80, 0x4e, 0x75, 0x56, 0x80, 0x4e, 0x75, 0x89, 0x5f,
  0x5f, 0x68, 0x69, 0x30, 0x62, 0x69, 0x74, 0x73, 0x00, 0x00, 0x20, 0x6f,
  0x00, 0x04, 0x22, 0x10, 0x70, 0x07, 0xc0, 0x81, 0x67, 0x14, 0x08, 0x01,
  0x00, 0x00, 0x66, 0x48, 0x08, 0x01, 0x00, 0x01, 0x67, 0x4a, 0xe2, 0x89,
  0x20, 0x81, 0x70, 0x01, 0x4e, 0x75, 0x4a, 0x41, 0x66, 0x32, 0x42, 0x41,
  0x48, 0x41, 0x70, 0x10, 0x4a, 0x01, 0x66, 0x04, 0x50, 0x80, 0xe0, 0x89,
  0x74, 0x0f, 0xc4, 0x81, 0x66, 0x04, 0x58, 0x80, 0xe8, 0x89, 0x74, 0x03,
  0xc4, 0x81, 0x66, 0x04, 0x54, 0x80, 0xe4, 0x89, 0x08, 0x01, 0x00, 0x00,
  0x66, 0x06, 0x52, 0x80, 0xe2, 0x89, 0x67, 0x0c, 0x20, 0x81, 0x4e, 0x75,
  0x70, 0x00, 0x60, 0xd0, 0x70, 0x00, 0x4e, 0x75, 0x70, 0x20, 0x4e, 0x75,
  0xe4, 0x89, 0x20, 0x81, 0x70, 0x02, 0x4e, 0x75, 0x89, 0x5f, 0x5f, 0x6c,
  0x6f, 0x30, 0x62, 0x69, 0x74, 0x73, 0x00, 0x00, 0x2f, 0x0a, 0x24, 0x6f,
  0x00, 0x08, 0x22, 0x6a, 0x00, 0x4a, 0xb2, 0xfc, 0x00, 0x00, 0x67, 0x24,
  0x20, 0x69, 0x00, 0x04, 0xb0, 0xfc, 0x00, 0x00, 0x67, 0x4e, 0x23, 0x50,
  0x00, 0x04, 0x42, 0xa8, 0x00, 0x0c, 0x21, 0x6f, 0x00, 0x0c, 0x00, 0x14,
  0x70, 0x01, 0x21, 0x40, 0x00, 0x10, 0x20, 0x08, 0x24, 0x5f, 0x4e, 0x75,
  0x48, 0x78, 0x00, 0x21, 0x48, 0x78, 0x00, 0x04, 0x2f, 0x0a, 0x4e, 0xb9,
  0x00, 0x00, 0x05, 0x4e, 0x22, 0x40, 0x25, 0x40, 0x00, 0x4a, 0x4f, 0xef,
  0x00, 0x0c, 0x66, 0xc0, 0x48, 0x79, 0x00, 0x00, 0x8e, 0xd0, 0x42, 0xa7,
  0x48, 0x78, 0x01, 0x40, 0x48, 0x79, 0x00, 0x00, 0x8f, 0x1c, 0x4e, 0xb9,
  0x00, 0x00, 0x57, 0xd4, 0x48, 0x78, 0x00, 0x1c, 0x48, 0x78, 0x00, 0x01,
  0x2f, 0x0a, 0x4e, 0xb9, 0x00, 0x00, 0x05, 0x4e, 0x20, 0x40, 0x4f, 0xef,
  0x00, 0x0c, 0x4a, 0x80, 0x67, 0xce, 0x70, 0x01, 0x21, 0x40, 0x00, 0x04,
  0x70, 0x02, 0x21, 0x40, 0x00, 0x08, 0x42, 0xa8, 0x00, 0x0c, 0x21, 0x6f,
  0x00, 0x0c, 0x00, 0x14, 0x70, 0x01, 0x21, 0x40, 0x00, 0x10, 0x20, 0x08,
  0x24, 0x5f, 0x4e, 0x75, 0x85, 0x5f, 0x5f, 0x69, 0x32, 0x62, 0x00, 0x00,
  0x4f, 0xef, 0xff, 0xe0, 0x48, 0xe7, 0x1f, 0x3a, 0x24, 0x6f, 0x00, 0x4c,
  0x26, 0x6f, 0x00, 0x50, 0x26, 0x2a, 0x00, 0x10, 0x28, 0x2b, 0x00, 0x10,
  0xb8, 0x83, 0x6e, 0x0c, 0x20, 0x04, 0x28, 0x03, 0x26, 0x00, 0x20, 0x0b,
  0x26, 0x4a, 0x24, 0x40, 0x20, 0x2b, 0x00, 0x04, 0x22, 0x04, 0xd2, 0x83,
  0x2f, 0x41, 0x00, 0x2c, 0xb2, 0xab, 0x00, 0x08, 0x6f, 0x02, 0x52, 0x80,
  0x2f, 0x00, 0x2f, 0x2f, 0x00, 0x4c, 0x4e, 0xb9, 0x00, 0x00, 0x4a, 0xdc,
  0x2f, 0x40, 0x00, 0x40, 0x50, 0x8f, 0x67, 0x00, 0x01, 0xc0, 0x20, 0x6f,
  0x00, 0x38, 0x4d, 0xe8, 0x00, 0x14, 0x20, 0x2f, 0x00, 0x2c, 0xd0, 0x80,
  0xd0, 0x80, 0xd0, 0x8e, 0x2f, 0x40, 0x00, 0x40, 0x20, 0x4e, 0xb0, 0x8e,
  0x63, 0x0a, 0x20, 0x2f, 0x00, 0x40, 0x42, 0x98, 0xb1, 0xc0, 0x65, 0xfa,
  0x41, 0xeb, 0x00, 0x14, 0x2f, 0x48, 0x00, 0x30, 0xd8, 0x84, 0xd8, 0x84,
  0x2c, 0x08, 0xdc, 0x84, 0x45, 0xea, 0x00, 0x14, 0xd6, 0x83, 0xd6, 0x83,
  0xd6, 0x8a, 0x2f, 0x43, 0x00, 0x28, 0xb6, 0x8a, 0x63, 0x44, 0x2f, 0x4a,
  0x00, 0x24, 0x41, 0xeb, 0x00, 0x15, 0xb1, 0xc6, 0x63, 0x68, 0x72, 0x04,
  0x2f, 0x41, 0x00, 0x34, 0x47, 0xf9, 0x00, 0x00, 0x7c, 0x50, 0x20, 0x6f,
  0x00, 0x24, 0x58, 0xaf, 0x00, 0x24, 0x26, 0x18, 0x28, 0x03, 0x02, 0x84,
  0x00, 0x00, 0xff, 0xff, 0x4a, 0x43, 0x66, 0x00, 0x00, 0xce, 0x42, 0x43,
  0x48, 0x43, 0x4a, 0x83, 0x66, 0x54, 0x58, 0x8e, 0x20, 0x6f, 0x00, 0x28,
  0xb1, 0xef, 0x00, 0x24, 0x62, 0xd4, 0x4a, 0xaf, 0x00, 0x2c, 0x6f, 0x14,
  0x20, 0x6f, 0x00, 0x40, 0x20, 0x2f, 0x00, 0x2c, 0x4a, 0xa0, 0x66, 0x04,
  0x53, 0x80, 0x66, 0xf8, 0x2f, 0x40, 0x00, 0x2c, 0x20, 0x6f, 0x00, 0x38,
  0x21, 0x6f, 0x00, 0x2c, 0x00, 0x10, 0x20, 0x08, 0x4c, 0xdf, 0x5c, 0xf8,
  0x4f, 0xef, 0x00, 0x20, 0x4e, 0x75, 0x70, 0xeb, 0x90, 0x8b, 0xd0, 0x86,
  0x72, 0xfc, 0xc0, 0x81, 0x58, 0x80, 0x2f, 0x40, 0x00, 0x34, 0x47, 0xf9,
  0x00, 0x00, 0x7c, 0x50, 0x60, 0x8c, 0x2e, 0x16, 0x24, 0x6f, 0x00, 0x30,
  0x2a, 0x07, 0x28, 0x4e, 0x78, 0x00, 0x20, 0x12, 0x2f, 0x03, 0x3f, 0x00,
  0x42, 0x67, 0x4e, 0x93, 0x50, 0x8f, 0xd8, 0x80, 0x42, 0x45, 0x48, 0x45,
  0xd8, 0x85, 0x20, 0x04, 0x48, 0x40, 0x42, 0x40, 0x80, 0x47, 0x28, 0xc0,
  0x2a, 0x14, 0x20, 0x1a, 0x42, 0x40, 0x48, 0x40, 0x2f, 0x03, 0x2f, 0x00,
  0x4e, 0x93, 0x50, 0x8f, 0x22, 0x05, 0x02, 0x81, 0x00, 0x00, 0xff, 0xff,
  0xd2, 0x80, 0x42, 0x44, 0x48, 0x44, 0x2e, 0x01, 0xde, 0x84, 0x28, 0x07,
  0x42, 0x44, 0x48, 0x44, 0xb5, 0xc6, 0x65, 0xb6, 0x22, 0x2f, 0x00, 0x34,
  0x2d, 0x87, 0x18, 0x00, 0x58, 0x8e, 0x20, 0x6f, 0x00, 0x28, 0xb1, 0xef,
  0x00, 0x24, 0x62, 0x00, 0xff, 0x22, 0x60, 0x00, 0xff, 0x4a, 0x2e, 0x2f,
  0x00, 0x30, 0x24, 0x4e, 0x7a, 0x00, 0x28, 0x47, 0x2f, 0x4e, 0x00, 0x3c,
  0x2c, 0x5c, 0x2e, 0x12, 0x2f, 0x04, 0x3f, 0x0e, 0x42, 0x67, 0x4e, 0x93,
  0x50, 0x8f, 0x24, 0x07, 0x02, 0x82, 0x00, 0x00, 0xff, 0xff, 0xd4, 0x80,
  0x26, 0x02, 0xd6, 0x85, 0x22, 0x0e, 0x42, 0x41, 0x48, 0x41, 0x2f, 0x04,
  0x2f, 0x01, 0x4e, 0x93, 0x50, 0x8f, 0x42, 0x47, 0x48, 0x47, 0xde, 0x80,
  0x20, 0x03, 0x42, 0x40, 0x48, 0x40, 0xd0, 0x87, 0x2a, 0x00, 0x42, 0x45,
  0x48, 0x45, 0x48, 0x40, 0x42, 0x40, 0x80, 0x43, 0x24, 0xc0, 0xb9, 0xc6,
  0x65, 0xb6, 0x2c, 0x6f, 0x00, 0x3c, 0x22, 0x2f, 0x00, 0x34, 0x2d, 0x85,
  0x18, 0x00, 0x20, 0x6f, 0x00, 0x24, 0x26, 0x28, 0xff, 0xfc, 0x42, 0x43,
  0x48, 0x43, 0x4a, 0x83, 0x67, 0x00, 0xfe, 0xc8, 0x60, 0x00, 0xff, 0x18,
  0x48, 0x79, 0x00, 0x00, 0x8e, 0xd0, 0x42, 0xa7, 0x48, 0x78, 0x01, 0x5d,
  0x48, 0x79, 0x00, 0x00, 0x8f, 0x1c, 0x4e, 0xb9, 0x00, 0x00, 0x57, 0xd4,
  0x4e, 0x75, 0x8a, 0x5f, 0x5f, 0x6d, 0x75, 0x6c, 0x74, 0x69, 0x70, 0x6c,
  0x79, 0x00, 0x00, 0x00, 0x48, 0xe7, 0x10, 0x3a, 0x26, 0x6f, 0x00, 0x18,
  0x2c, 0x6f, 0x00, 0x1c, 0x26, 0x2f, 0x00, 0x20, 0x70, 0x03, 0xc0, 0x83,
  0x66, 0x76, 0xe4, 0x83, 0x67, 0x54, 0x24, 0x6b, 0x00, 0x46, 0xb4, 0xfc,
  0x00, 0x00, 0x67, 0x00, 0x00, 0x8e, 0x49, 0xf9, 0x00, 0x00, 0x4e, 0x3c,
  0x08, 0x03, 0x00, 0x00, 0x66, 0x14, 0xe2, 0x83, 0x67, 0x38, 0x20, 0x52,
  0xb0, 0xfc, 0x00, 0x00, 0x67, 0x38, 0x24, 0x48, 0x08, 0x03, 0x00, 0x00,
  0x67, 0xec, 0x2f, 0x0a, 0x2f, 0x0e, 0x2f, 0x0b, 0x4e, 0x94, 0x4f, 0xef,
  0x00, 0x0c, 0xbc, 0xfc, 0x00, 0x00, 0x67, 0x10, 0x20, 0x6e, 0x00, 0x04,
  0xd1, 0xc8, 0xd1, 0xc8, 0xd1, 0xeb, 0x00, 0x4a, 0x2c, 0x90, 0x20, 0x8e,
  0x2c, 0x40, 0xe2, 0x83, 0x66, 0xc8, 0x20, 0x0e, 0x4c, 0xdf, 0x5c, 0x08,
  0x4e, 0x75, 0x2f, 0x0a, 0x2f, 0x0a, 0x2f, 0x0b, 0x4e, 0x94, 0x20, 0x40,
  0x24, 0x80, 0x42, 0x90, 0x4f, 0xef, 0x00, 0x0c, 0x24, 0x48, 0x60, 0xb4,
  0x42, 0xa7, 0x53, 0x80, 0xd0, 0x80, 0xd0, 0x80, 0x41, 0xf9, 0x00, 0x00,
  0x8c, 0x00, 0x2f, 0x30, 0x08, 0x00, 0x2f, 0x0e, 0x2f, 0x0b, 0x4e, 0xb9,
  0x00, 0x00, 0x4b, 0xa6, 0x2c, 0x40, 0x4f, 0xef, 0x00, 0x10, 0x60, 0x00,
  0xff, 0x66, 0x48, 0x78, 0x00, 0x01, 0x2f, 0x0b, 0x4e, 0xb9, 0x00, 0x00,
  0x4a, 0xdc, 0x24, 0x40, 0x50, 0x8f, 0x4a, 0x80, 0x67, 0x1e, 0x25, 0x7c,
  0x00, 0x00, 0x02, 0x71, 0x00, 0x14, 0x70, 0x01, 0x25, 0x40, 0x00, 0x10,
  0x27, 0x4a, 0x00, 0x46, 0x42, 0x92, 0x49, 0xf9, 0x00, 0x00, 0x4e, 0x3c,
  0x60, 0x00, 0xff, 0x4a, 0x48, 0x79, 0x00, 0x00, 0x8e, 0xd0, 0x42, 0xa7,
  0x48, 0x78, 0x01, 0x40, 0x48, 0x79, 0x00, 0x00, 0x8f, 0x1c, 0x4e, 0xb9,
  0x00, 0x00, 0x57, 0xd4, 0x4e, 0x75, 0x8a, 0x5f, 0x5f, 0x70, 0x6f, 0x77,
  0x35, 0x6d, 0x75, 0x6c, 0x74, 0x00, 0x00, 0x00, 0x48, 0xe7, 0x1f, 0x38,
  0x24, 0x6f, 0x00, 0x24, 0x26, 0x6f, 0x00, 0x28, 0x26, 0x2f, 0x00, 0x2c,
  0x2c, 0x03, 0xea, 0x86, 0x22, 0x2b, 0x00, 0x04, 0x28, 0x06, 0xd8, 0xab,
  0x00, 0x10, 0x2a, 0x04, 0x52, 0x85, 0x20, 0x2b, 0x00, 0x08, 0xb0, 0x85,
  0x6c, 0x08, 0x52, 0x81, 0xd0, 0x80, 0xb0, 0x85, 0x6d, 0xf8, 0x2f, 0x01,
  0x2f, 0x0a, 0x4e, 0xb9, 0x00, 0x00, 0x4a, 0xdc, 0x50, 0x8f, 0x4a, 0x80,
  0x67, 0x00, 0x00, 0xb8, 0x32, 0x7c, 0x00, 0x14, 0xd3, 0xc0, 0x4a, 0x86,
  0x6f, 0x16, 0x5a, 0x86, 0xdc, 0x86, 0xdc, 0x86, 0x22, 0x00, 0xd2, 0x86,
  0x20, 0x49, 0x42, 0x98, 0xb2, 0x88, 0x66, 0xfa, 0x43, 0xf1, 0x68, 0xec,
  0x41, 0xeb, 0x00, 0x14, 0x22, 0x2b, 0x00, 0x10, 0xd2, 0x81, 0xd2, 0x81,
  0x2c, 0x08, 0xdc, 0x81, 0x72, 0x1f, 0xc6, 0x81, 0x67, 0x50, 0x7e, 0x20,
  0x9e, 0x83, 0x28, 0x49, 0x72, 0x00, 0x24, 0x10, 0xe7, 0xaa, 0x84, 0x81,
  0x28, 0xc2, 0x22, 0x18, 0xee, 0xa9, 0xb1, 0xc6, 0x65, 0xf0, 0x41, 0xeb,
  0x00, 0x15, 0xb1, 0xc6, 0x62, 0x54, 0x74, 0xeb, 0x94, 0x8b, 0xd4, 0x86,
  0x76, 0xfc, 0xc4, 0x83, 0x20, 0x42, 0x58, 0x88, 0x23, 0x81, 0x88, 0x00,
  0x67, 0x22, 0x20, 0x40, 0x21, 0x45, 0x00, 0x10, 0x20, 0x6b, 0x00, 0x04,
  0xd1, 0xc8, 0xd1, 0xc8, 0xd1, 0xea, 0x00, 0x4a, 0x26, 0x90, 0x20, 0x8b,
  0x4c, 0xdf, 0x1c, 0xf8, 0x4e, 0x75, 0x22, 0xd8, 0xb1, 0xc6, 0x65, 0xfa,
  0x2a, 0x04, 0x20, 0x40, 0x21, 0x45, 0x00, 0x10, 0x20, 0x6b, 0x00, 0x04,
  0xd1, 0xc8, 0xd1, 0xc8, 0xd1, 0xea, 0x00, 0x4a, 0x26, 0x90, 0x20, 0x8b,
  0x4c, 0xdf, 0x1c, 0xf8, 0x4e, 0x75, 0x30, 0x7c, 0x00, 0x04, 0x23, 0x81,
  0x88, 0x00, 0x66, 0xb6, 0x60, 0xd6, 0x48, 0x79, 0x00, 0x00, 0x8e, 0xd0,
  0x42, 0xa7, 0x48, 0x78, 0x01, 0xd9, 0x48, 0x79, 0x00, 0x00, 0x8f, 0x1c,
  0x4e, 0xb9, 0x00, 0x00, 0x57, 0xd4, 0x4e, 0x75, 0x88, 0x5f, 0x5f, 0x6c,
  0x73, 0x68, 0x69, 0x66, 0x74, 0x00, 0x00, 0x00, 0x2f, 0x0a, 0x24, 0x6f,
  0x00, 0x08, 0x22, 0x6f, 0x00, 0x0c, 0x22, 0x29, 0x00, 0x10, 0x20, 0x2a,
  0x00, 0x10, 0x90, 0x81, 0x66, 0x1c, 0x45, 0xea, 0x00, 0x14, 0xd2, 0x81,
  0xd2, 0x81, 0x41, 0xf2, 0x18, 0x00, 0x43, 0xf1, 0x18, 0x14, 0x24, 0x20,
  0x22, 0x21, 0xb2, 0x82, 0x66, 0x08, 0xb1, 0xca, 0x62, 0xf4, 0x24, 0x5f,
  0x4e, 0x75, 0xb2, 0x82, 0x63, 0x06, 0x70, 0xff, 0x24, 0x5f, 0x4e, 0x75,
  0x70, 0x01, 0x24, 0x5f, 0x4e, 0x75, 0x86, 0x5f, 0x5f, 0x6d, 0x63, 0x6d,
  0x70, 0x00, 0x00, 0x00, 0x51, 0x8f, 0x48, 0xe7, 0x1f, 0x3a, 0x2c, 0x6f,
  0x00, 0x34, 0x20, 0x6f, 0x00, 0x38, 0x20, 0x28, 0x00, 0x10, 0x26, 0x2e,
  0x00, 0x10, 0x96, 0x80, 0x66, 0x4a, 0x45, 0xee, 0x00, 0x14, 0xd0, 0x80,
  0xd0, 0x80, 0x41, 0xf2, 0x08, 0x00, 0x26, 0x6f, 0x00, 0x38, 0x43, 0xf3,
  0x08, 0x14, 0x22, 0x20, 0x20, 0x21, 0xb0, 0x81, 0x66, 0x00, 0x01, 0x54,
  0xb1, 0xca, 0x62, 0xf2, 0x42, 0xa7, 0x2f, 0x2f, 0x00, 0x34, 0x4e, 0xb9,
  0x00, 0x00, 0x4a, 0xdc, 0x50, 0x8f, 0x4a, 0x80, 0x67, 0x00, 0x01, 0x76,
  0x72, 0x01, 0x20, 0x40, 0x21, 0x41, 0x00, 0x10, 0x42, 0xa8, 0x00, 0x14,
  0x4c, 0xdf, 0x5c, 0xf8, 0x50, 0x8f, 0x4e, 0x75, 0x4a, 0x83, 0x6d, 0x00,
  0x01, 0x28, 0x76, 0x00, 0x2f, 0x2e, 0x00, 0x04, 0x2f, 0x2f, 0x00, 0x34,
  0x4e, 0xb9, 0x00, 0x00, 0x4a, 0xdc, 0x50, 0x8f, 0x4a, 0x80, 0x67, 0x00,
  0x01, 0x5c, 0x26, 0x40, 0x27, 0x43, 0x00, 0x0c, 0x28, 0x2e, 0x00, 0x10,
  0x4d, 0xee, 0x00, 0x14, 0x22, 0x04, 0xd2, 0x84, 0xd2, 0x81, 0x43, 0xf6,
  0x18, 0x00, 0x34, 0x7c, 0x00, 0x14, 0xd5, 0xef, 0x00, 0x38, 0x20, 0x6f,
  0x00, 0x38, 0x2f, 0x68, 0x00, 0x10, 0x00, 0x24, 0x22, 0x2f, 0x00, 0x24,
  0xd2, 0x81, 0xd2, 0x81, 0x2c, 0x0a, 0xdc, 0x81, 0x36, 0x7c, 0x00, 0x14,
  0xd7, 0xc0, 0x2f, 0x4b, 0x00, 0x28, 0x28, 0x4e, 0x76, 0x00, 0x22, 0x1c,
  0x2a, 0x1a, 0x24, 0x01, 0x02, 0x82, 0x00, 0x00, 0xff, 0xff, 0x2e, 0x05,
  0x02, 0x87, 0x00, 0x00, 0xff, 0xff, 0x20, 0x42, 0x91, 0xc7, 0x24, 0x08,
  0xd4, 0x83, 0x42, 0x41, 0x48, 0x41, 0x42, 0x45, 0x48, 0x45, 0x20, 0x41,
  0x91, 0xc5, 0x22, 0x02, 0x48, 0x41, 0x48, 0xc1, 0xd2, 0x88, 0x26, 0x01,
  0x48, 0x43, 0x48, 0xc3, 0x48, 0x41, 0x42, 0x41, 0x82, 0x42, 0x26, 0xc1,
  0xb5, 0xc6, 0x65, 0xbe, 0x34, 0x7c, 0x00, 0x15, 0xd5, 0xef, 0x00, 0x38,
  0x74, 0xeb, 0x94, 0xaf, 0x00, 0x38, 0xd4, 0x86, 0xe4, 0x8a, 0xb5, 0xc6,
  0x62, 0x00, 0x00, 0x82, 0x20, 0x42, 0x52, 0x88, 0xd1, 0xc8, 0xd1, 0xc8,
  0xdd, 0xc8, 0xd1, 0xef, 0x00, 0x28, 0xbd, 0xc9, 0x64, 0x74, 0x26, 0x48,
  0x24, 0x4e, 0x24, 0x1a, 0x2a, 0x03, 0x22, 0x02, 0x02, 0x81, 0x00, 0x00,
  0xff, 0xff, 0xd2, 0x83, 0x48, 0x41, 0x48, 0xc1, 0x26, 0x02, 0x42, 0x43,
  0x48, 0x43, 0xd2, 0x83, 0x26, 0x01, 0x48, 0x43, 0x48, 0xc3, 0xd4, 0x85,
  0x48, 0x41, 0x42, 0x41, 0x82, 0x42, 0x26, 0xc1, 0xb5, 0xc9, 0x65, 0xd2,
  0x53, 0x89, 0x24, 0x09, 0x94, 0x8e, 0x76, 0xfc, 0xc6, 0x82, 0x43, 0xf0,
  0x38, 0x00, 0x4a, 0x81, 0x66, 0x06, 0x53, 0x84, 0x4a, 0xa1, 0x67, 0xfa,
  0x20, 0x40, 0x21, 0x44, 0x00, 0x10, 0x4c, 0xdf, 0x5c, 0xf8, 0x50, 0x8f,
  0x4e, 0x75, 0xb0, 0x81, 0x63, 0x00, 0xfe, 0xde, 0x20, 0x0e, 0x2c, 0x6f,
  0x00, 0x38, 0x2f, 0x40, 0x00, 0x38, 0x76, 0x01, 0x60, 0x00, 0xfe, 0xce,
  0x30, 0x7c, 0x00, 0x04, 0x60, 0x82, 0xb5, 0xc6, 0x63, 0x0e, 0x74, 0x00,
  0x22, 0x6f, 0x00, 0x28, 0xd3, 0xc2, 0x4a, 0x81, 0x67, 0xc0, 0x60, 0xc4,
  0xd4, 0x82, 0xd4, 0x82, 0x22, 0x6f, 0x00, 0x28, 0xd3, 0xc2, 0x60, 0xee,
  0x48, 0x79, 0x00, 0x00, 0x8e, 0xd0, 0x42, 0xa7, 0x48, 0x78, 0x02, 0x32,
  0x48, 0x79, 0x00, 0x00, 0x8f, 0x1c, 0x4e, 0xb9, 0x00, 0x00, 0x57, 0xd4,
  0x48, 0x79, 0x00, 0x00, 0x8e, 0xd0, 0x42, 0xa7, 0x48, 0x78, 0x02, 0x40,
  0x48, 0x79, 0x00, 0x00, 0x8f, 0x1c, 0x4e, 0xb9, 0x00, 0x00, 0x57, 0xd4,
  0x4e, 0x75, 0x87, 0x5f, 0x5f, 0x6d, 0x64, 0x69, 0x66, 0x66, 0x00, 0x00,
  0x4e, 0x56, 0xff, 0xf8, 0x48, 0xe7, 0x18, 0x20, 0x26, 0x2e, 0x00, 0x0c,
  0x28, 0x2e, 0x00, 0x10, 0x48, 0x78, 0x00, 0x01, 0x2f, 0x2e, 0x00, 0x08,
  0x4e, 0xb9, 0x00, 0x00, 0x4a, 0xdc, 0x24, 0x40, 0x50, 0x8f, 0x4a, 0x80,
  0x67, 0x00, 0x00, 0xe4, 0x20, 0x03, 0x02, 0x80, 0x00, 0x0f, 0xff, 0xff,
  0x42, 0x43, 0x48, 0x43, 0xe8, 0x4b, 0x02, 0x83, 0x00, 0x00, 0x07, 0xff,
  0x67, 0x04, 0x08, 0xc0, 0x00, 0x14, 0x2d, 0x40, 0xff, 0xfc, 0x4a, 0x84,
  0x67, 0x64, 0x2d, 0x44, 0xff, 0xf8, 0x48, 0x6e, 0xff, 0xf8, 0x4e, 0xb9,
  0x00, 0x00, 0x4d, 0x1a, 0x22, 0x2e, 0xff, 0xfc, 0x58, 0x8f, 0x4a, 0x80,
  0x67, 0x00, 0x00, 0x9e, 0x78, 0x20, 0x98, 0x80, 0x24, 0x01, 0xe9, 0xaa,
  0x84, 0xae, 0xff, 0xf8, 0x25, 0x42, 0x00, 0x14, 0xe0, 0xa9, 0x2d, 0x41,
  0xff, 0xfc, 0x25, 0x41, 0x00, 0x18, 0x67, 0x44, 0x78, 0x02, 0x25, 0x44,
  0x00, 0x10, 0x4a, 0x83, 0x67, 0x44, 0x06, 0x83, 0xff, 0xff, 0xfb, 0xcd,
  0xd6, 0x80, 0x20, 0x6e, 0x00, 0x14, 0x20, 0x83, 0x78, 0x35, 0x98, 0x80,
  0x20, 0x6e, 0x00, 0x18, 0x20, 0x84, 0x20, 0x0a, 0x4c, 0xee, 0x04, 0x18,
  0xff, 0xec, 0x4e, 0x5e, 0x4e, 0x75, 0x48, 0x6e, 0xff, 0xfc, 0x4e, 0xb9,
  0x00, 0x00, 0x4d, 0x1a, 0x25, 0x6e, 0xff, 0xfc, 0x00, 0x14, 0x72, 0x20,
  0xd0, 0x81, 0x58, 0x8f, 0x78, 0x01, 0x25, 0x44, 0x00, 0x10, 0x4a, 0x83,
  0x66, 0xbc, 0x06, 0x80, 0xff, 0xff, 0xfb, 0xce, 0x20, 0x6e, 0x00, 0x14,
  0x20, 0x80, 0x20, 0x04, 0xe5, 0x88, 0x2f, 0x32, 0x08, 0x10, 0x4e, 0xb9,
  0x00, 0x00, 0x4c, 0xb2, 0x58, 0x8f, 0xeb, 0x8c, 0x98, 0x80, 0x20, 0x6e,
  0x00, 0x18, 0x20, 0x84, 0x20, 0x0a, 0x4c, 0xee, 0x04, 0x18, 0xff, 0xec,
  0x4e, 0x5e, 0x4e, 0x75, 0x25, 0x6e, 0xff, 0xf8, 0x00, 0x14, 0x60, 0x00,
  0xff, 0x72, 0x48, 0x79, 0x00, 0x00, 0x8e, 0xd0, 0x42, 0xa7, 0x48, 0x78,
  0x03, 0x0a, 0x48, 0x79, 0x00, 0x00, 0x8f, 0x1c, 0x4e, 0xb9, 0x00, 0x00,
  0x57, 0xd4, 0x4e, 0x75, 0x85, 0x5f, 0x5f, 0x64, 0x32, 0x62, 0x00, 0x00,
  0x48, 0xe7, 0x1f, 0x3a, 0x24, 0x6f, 0x00, 0x2c, 0x2c, 0x6f, 0x00, 0x30,
  0x28, 0x56, 0x4a, 0xae, 0x00, 0x08, 0x67, 0x00, 0x01, 0x04, 0x7c, 0x00,
  0x97, 0xcb, 0x26, 0x2a, 0x00, 0x08, 0x20, 0x12, 0x28, 0x3c, 0x00, 0x00,
  0x58, 0x84, 0x2e, 0x03, 0x22, 0x00, 0xb6, 0xfc, 0x00, 0x00, 0x67, 0x00,
  0x00, 0xb8, 0xb6, 0x8b, 0x62, 0x00, 0x00, 0xbe, 0x34, 0x2a, 0x00, 0x0c,
  0x3a, 0x02, 0x02, 0x45, 0x04, 0x80, 0x67, 0x7e, 0x22, 0x2a, 0x00, 0x10,
  0x2a, 0x00, 0x9a, 0x81, 0x20, 0x2a, 0x00, 0x14, 0x26, 0x00, 0xd6, 0x80,
  0xd6, 0x80, 0x26, 0x03, 0x6a, 0x02, 0x52, 0x83, 0xe2, 0x83, 0x43, 0xf3,
  0x58, 0x01, 0x20, 0x03, 0xb6, 0x89, 0x64, 0x04, 0x26, 0x09, 0x20, 0x09,
  0x08, 0x02, 0x00, 0x0a, 0x67, 0x00, 0x00, 0xb2, 0x2f, 0x00, 0x2f, 0x2f,
  0x00, 0x2c, 0x4e, 0xb9, 0x00, 0x00, 0x05, 0x2c, 0x2e, 0x00, 0x50, 0x8f,
  0x67, 0x00, 0x00, 0xc6, 0x2f, 0x05, 0x2f, 0x2a, 0x00, 0x10, 0x2f, 0x00,
  0x4e, 0xb9, 0x00, 0x00, 0x0c, 0xf4, 0x30, 0x2a, 0x00, 0x0c, 0x02, 0x40,
  0xfb, 0x7f, 0x00, 0x40, 0x00, 0x80, 0x35, 0x40, 0x00, 0x0c, 0x4f, 0xef,
  0x00, 0x0c, 0x25, 0x47, 0x00, 0x10, 0x22, 0x07, 0xd2, 0x85, 0x24, 0x81,
  0x25, 0x43, 0x00, 0x14, 0x2e, 0x0b, 0x96, 0x85, 0x25, 0x43, 0x00, 0x08,
  0x26, 0x0b, 0x2f, 0x03, 0x2f, 0x06, 0x2f, 0x01, 0x20, 0x44, 0x4e, 0x90,
  0x9f, 0xaa, 0x00, 0x08, 0xd7, 0x92, 0x20, 0x2e, 0x00, 0x08, 0x90, 0x8b,
  0x2d, 0x40, 0x00, 0x08, 0x4f, 0xef, 0x00, 0x0c, 0x67, 0x36, 0x26, 0x2a,
  0x00, 0x08, 0x20, 0x12, 0x2c, 0x14, 0x26, 0x6c, 0x00, 0x04, 0x50, 0x8c,
  0x60, 0x00, 0xff, 0x34, 0x2e, 0x0b, 0x26, 0x0b, 0x2f, 0x03, 0x2f, 0x06,
  0x2f, 0x01, 0x20, 0x44, 0x4e, 0x90, 0x9f, 0xaa, 0x00, 0x08, 0xd7, 0x92,
  0x20, 0x2e, 0x00, 0x08, 0x90, 0x8b, 0x2d, 0x40, 0x00, 0x08, 0x4f, 0xef,
  0x00, 0x0c, 0x66, 0xca, 0x70, 0x00, 0x42, 0xae, 0x00, 0x04, 0x4c, 0xdf,
  0x5c, 0xf8, 0x4e, 0x75, 0x2f, 0x00, 0x2f, 0x01, 0x2f, 0x2f, 0x00, 0x30,
  0x4e, 0xb9, 0x00, 0x00, 0x05, 0x94, 0x2e, 0x00, 0x4f, 0xef, 0x00, 0x0c,
  0x66, 0x00, 0xff, 0x70, 0x2f, 0x2a, 0x00, 0x10, 0x2f, 0x2f, 0x00, 0x2c,
  0x4e, 0xb9, 0x00, 0x00, 0x05, 0x7c, 0x50, 0x8f, 0x70, 0x0c, 0x20, 0x6f,
  0x00, 0x28, 0x20, 0x80, 0x00, 0x6a, 0x00, 0x40, 0x00, 0x0c, 0x42, 0xae,
  0x00, 0x08, 0x70, 0xff, 0x42, 0xae, 0x00, 0x04, 0x4c, 0xdf, 0x5c, 0xf8,
  0x4e, 0x75, 0x8b, 0x5f, 0x5f, 0x73, 0x73, 0x70, 0x72, 0x69, 0x6e, 0x74,
  0x5f, 0x72, 0x00, 0x00, 0x20, 0x6f, 0x00, 0x08, 0x20, 0x2f, 0x00, 0x0c,
  0xb0, 0xfc, 0x00, 0x00, 0x67, 0x1c, 0x0c, 0x80, 0x00, 0x00, 0x00, 0xff,
  0x62, 0x06, 0x10, 0x80, 0x70, 0x01, 0x4e, 0x75, 0x20, 0x6f, 0x00, 0x04,
  0x20, 0xbc, 0x00, 0x00, 0x00, 0x8a, 0x70, 0xff, 0x4e, 0x75, 0x70, 0x00,
  0x4e, 0x75, 0x8e, 0x5f, 0x5f, 0x61, 0x73, 0x63, 0x69, 0x69, 0x5f, 0x77,
  0x63, 0x74, 0x6f, 0x6d, 0x62, 0x00, 0x00, 0x00, 0x20, 0x2f, 0x00, 0x0c,
  0x22, 0x3c, 0x00, 0x00, 0x8f, 0x4e, 0x4a, 0x80, 0x67, 0x2c, 0x2f, 0x00,
  0x2f, 0x01, 0x2f, 0x2f, 0x00, 0x10, 0x2f, 0x2f, 0x00, 0x10, 0x2f, 0x2f,
  0x00, 0x20, 0x48, 0x79, 0x00, 0x00, 0x8f, 0x5b, 0x20, 0x79, 0x00, 0x00,
  0x8f, 0x8c, 0x2f, 0x28, 0x00, 0x0c, 0x4e, 0xb9, 0x00, 0x00, 0x58, 0x54,
  0x4e, 0xb9, 0x00, 0x00, 0x6d, 0x7c, 0x20, 0x3c, 0x00, 0x00, 0x8f, 0x89,
  0x22, 0x00, 0x2f, 0x00, 0x2f, 0x01, 0x2f, 0x2f, 0x00, 0x10, 0x2f, 0x2f,
  0x00, 0x10, 0x2f, 0x2f, 0x00, 0x20, 0x48, 0x79, 0x00, 0x00, 0x8f, 0x5b,
  0x20, 0x79, 0x00, 0x00, 0x8f, 0x8c, 0x2f, 0x28, 0x00, 0x0c, 0x4e, 0xb9,
  0x00, 0x00, 0x58, 0x54, 0x4e, 0xb9, 0x00, 0x00, 0x6d, 0x7c, 0x4e, 0x75,
  0x8d, 0x5f, 0x5f, 0x61, 0x73, 0x73, 0x65, 0x72, 0x74, 0x5f, 0x66, 0x75,
  0x6e, 0x63, 0x00, 0x00, 0x4e, 0x56, 0x00, 0x00, 0x48, 0x6e, 0x00, 0x10,
  0x2f, 0x2e, 0x00, 0x0c, 0x2f, 0x2e, 0x00, 0x08, 0x2f, 0x39, 0x00, 0x00,
  0x8f, 0x8c, 0x4e, 0xb9, 0x00, 0x00, 0x5a, 0x3c, 0x4f, 0xef, 0x00, 0x10,
  0x4e, 0x5e, 0x4e, 0x75, 0x88, 0x66, 0x69, 0x70, 0x72, 0x69, 0x6e, 0x74,
  0x66, 0x00, 0x00, 0x00, 0x48, 0xe7, 0x10, 0x38, 0x20, 0x2f, 0x00, 0x14,
  0x20, 0x6f, 0x00, 0x18, 0x22, 0x2f, 0x00, 0x1c, 0xb1, 0xc0, 0x64, 0x20,
  0x43, 0xf0, 0x18, 0x00, 0xb0, 0x89, 0x64, 0x18, 0x4a, 0x81, 0x67, 0x0e,
  0x26, 0x40, 0x45, 0xf3, 0x18, 0xff, 0x14, 0xa1, 0x53, 0x8a, 0xb3, 0xc8,
  0x66, 0xf8, 0x4c, 0xdf, 0x1c, 0x08, 0x4e, 0x75, 0x74, 0x0f, 0xb4, 0x81,
  0x64, 0x00, 0x00, 0x96, 0x24, 0x08, 0x84, 0x80, 0x76, 0x03, 0xc4, 0x83,
  0x66, 0x00, 0x00, 0x98, 0x38, 0x7c, 0xff, 0xf0, 0xd9, 0xc1, 0x24, 0x0c,
  0x76, 0xf0, 0xc4, 0x83, 0x28, 0x42, 0x49, 0xec, 0x00, 0x10, 0x43, 0xf4,
  0x08, 0x00, 0x26, 0x48, 0x24, 0x40, 0x24, 0x93, 0x25, 0x6b, 0x00, 0x04,
  0x00, 0x04, 0x25, 0x6b, 0x00, 0x08, 0x00, 0x08, 0x47, 0xeb, 0x00, 0x10,
  0x45, 0xea, 0x00, 0x10, 0x25, 0x6b, 0xff, 0xfc, 0xff, 0xfc, 0xb3, 0xca,
  0x66, 0xe0, 0xd1, 0xcc, 0x74, 0x0f, 0xc4, 0x81, 0x76, 0x0c, 0xc6, 0x81,
  0x67, 0x5c, 0x26, 0x49, 0x24, 0x48, 0x26, 0xda, 0x28, 0x42, 0x99, 0xca,
  0x49, 0xf0, 0xc8, 0x00, 0x76, 0x03, 0xb6, 0x8c, 0x65, 0xf0, 0xc2, 0x83,
  0x59, 0x82, 0x76, 0xfc, 0xc4, 0x83, 0x58, 0x82, 0xd3, 0xc2, 0xd1, 0xc2,
  0x24, 0x01, 0x53, 0x82, 0x4a, 0x81, 0x67, 0x00, 0xff, 0x76, 0x45, 0xf0,
  0x28, 0x01, 0x12, 0xd8, 0xb5, 0xc8, 0x67, 0x00, 0xff, 0x6a, 0x12, 0xd8,
  0xb5, 0xc8, 0x66, 0xf2, 0x60, 0x00, 0xff, 0x60, 0x22, 0x40, 0x24, 0x01,
  0x53, 0x82, 0x4a, 0x81, 0x66, 0xe0, 0x60, 0x00, 0xff, 0x52, 0x24, 0x01,
  0x53, 0x82, 0x22, 0x40, 0x45, 0xf0, 0x28, 0x01, 0x60, 0xd4, 0x22, 0x02,
  0x24, 0x01, 0x53, 0x82, 0x4a, 0x81, 0x66, 0xc6, 0x60, 0x00, 0xff, 0x38,
  0x4e, 0x75, 0x87, 0x6d, 0x65, 0x6d, 0x6d, 0x6f, 0x76, 0x65, 0x00, 0x00,
  0x48, 0xe7, 0x1f, 0x3a, 0x2a, 0x2f, 0x00, 0x28, 0x26, 0x6f, 0x00, 0x2c,
  0x2c, 0x6f, 0x00, 0x30, 0x08, 0x2b, 0x00, 0x05, 0x00, 0x66, 0x67, 0x6a,
  0x2c, 0x16, 0x49, 0xf9, 0x00, 0x00, 0x72, 0x38, 0x4a, 0xae, 0x00, 0x08,
  0x67, 0x3c, 0x20, 0x46, 0x24, 0x50, 0x2e, 0x28, 0x00, 0x04, 0x28, 0x07,
  0xe4, 0x8c, 0x67, 0x1a, 0x76, 0x00, 0x20, 0x1a, 0x2f, 0x0b, 0x2f, 0x00,
  0x2f, 0x05, 0x4e, 0x94, 0x4f, 0xef, 0x00, 0x0c, 0x52, 0x80, 0x67, 0x2a,
  0x52, 0x83, 0xb6, 0x84, 0x66, 0xe8, 0x70, 0xfc, 0xce, 0x80, 0x20, 0x2e,
  0x00, 0x08, 0x90, 0x87, 0x2d, 0x40, 0x00, 0x08, 0x50, 0x86, 0x4a, 0x80,
  0x66, 0xc4, 0x70, 0x00, 0x42, 0xae, 0x00, 0x08, 0x42, 0xae, 0x00, 0x04,
  0x4c, 0xdf, 0x5c, 0xf8, 0x4e, 0x75, 0x70, 0xff, 0x42, 0xae, 0x00, 0x08,
  0x42, 0xae, 0x00, 0x04, 0x4c, 0xdf, 0x5c, 0xf8, 0x4e, 0x75, 0x2f, 0x0e,
  0x2f, 0x0b, 0x2f, 0x05, 0x4e, 0xb9, 0x00, 0x00, 0x72, 0x7c, 0x4f, 0xef,
  0x00, 0x0c, 0x42, 0xae, 0x00, 0x08, 0x42, 0xae, 0x00, 0x04, 0x4c, 0xdf,
  0x5c, 0xf8, 0x4e, 0x75, 0x91, 0x5f, 0x5f, 0x73, 0x70, 0x72, 0x69, 0x6e,
  0x74, 0x5f, 0x72, 0x2e, 0x70, 0x61, 0x72, 0x74, 0x2e, 0x30, 0x00, 0x00,
  0x4e, 0x56, 0xff, 0x58, 0x48, 0xe7, 0x1f, 0x38, 0x2d, 0x6e, 0x00, 0x08,
  0xff, 0x74, 0x2d, 0x6e, 0x00, 0x0c, 0xff, 0x64, 0x2e, 0x2e, 0x00, 0x10,
  0x2d, 0x6e, 0x00, 0x14, 0xff, 0x78, 0x4a, 0xae, 0xff, 0x74, 0x67, 0x0c,
  0x20, 0x6e, 0xff, 0x74, 0x4a, 0xa8, 0x00, 0x36, 0x67, 0x00, 0x08, 0x22,
  0x22, 0x6e, 0xff, 0x64, 0x30, 0x29, 0x00, 0x0c, 0x08, 0x00, 0x00, 0x0d,
  0x66, 0x0e, 0x00, 0x40, 0x20, 0x00, 0x33, 0x40, 0x00, 0x0c, 0x02, 0x69,
  0xdf, 0xff, 0x00, 0x66, 0x08, 0x00, 0x00, 0x03, 0x67, 0x00, 0x01, 0xb8,
  0x24, 0x6e, 0xff, 0x64, 0x4a, 0xaa, 0x00, 0x10, 0x67, 0x00, 0x01, 0xac,
  0x02, 0x40, 0x00, 0x1a, 0x0c, 0x40, 0x00, 0x0a, 0x67, 0x00, 0x04, 0x18,
  0x45, 0xee, 0xff, 0xc0, 0x2d, 0x4a, 0xff, 0x8c, 0x42, 0xae, 0xff, 0x94,
  0x42, 0xae, 0xff, 0x90, 0x2d, 0x4a, 0xff, 0x60, 0x42, 0xae, 0xff, 0x7c,
  0x42, 0xae, 0xff, 0x6c, 0x2d, 0x4a, 0xff, 0x5c, 0x24, 0x47, 0x10, 0x12,
  0x67, 0x00, 0x02, 0x14, 0x26, 0x4a, 0x0c, 0x00, 0x00, 0x25, 0x67, 0x00,
  0x01, 0xaa, 0x52, 0x8b, 0x10, 0x13, 0x66, 0xf2, 0x26, 0x0b, 0x96, 0x8a,
  0xb5, 0xcb, 0x67, 0x00, 0x01, 0xfa, 0x20, 0x6e, 0xff, 0x5c, 0x20, 0x8a,
  0x21, 0x43, 0x00, 0x04, 0x22, 0x03, 0xd2, 0xae, 0xff, 0x94, 0x2d, 0x41,
  0xff, 0x94, 0x20, 0x2e, 0xff, 0x90, 0x52, 0x80, 0x2d, 0x40, 0xff, 0x90,
  0x74, 0x07, 0xb4, 0x80, 0x6d, 0x00, 0x01, 0xa4, 0x50, 0xae, 0xff, 0x5c,
  0xd7, 0xae, 0xff, 0x6c, 0x10, 0x13, 0x67, 0x00, 0x01, 0xc6, 0x52, 0x8b,
  0x42, 0x2e, 0xff, 0x89, 0x76, 0xff, 0x7a, 0x00, 0x78, 0x00, 0x28, 0x7c,
  0x00, 0x00, 0x5b, 0x50, 0x24, 0x4b, 0x10, 0x1a, 0x48, 0x80, 0x30, 0x40,
  0x43, 0xe8, 0xff, 0xe0, 0x70, 0x58, 0xb0, 0x89, 0x65, 0x00, 0x01, 0xc4,
  0x20, 0x09, 0xd0, 0x80, 0x30, 0x34, 0x08, 0x00, 0x4e, 0xfb, 0x00, 0x02,
  0x08, 0xb6, 0x01, 0xb6, 0x01, 0xb6, 0x08, 0xa8, 0x01, 0xb6, 0x01, 0xb6,
  0x01, 0xb6, 0x01, 0xb6, 0x01, 0xb6, 0x01, 0xb6, 0x07, 0xf6, 0x08, 0x80,
  0x01, 0xb6, 0x08, 0x06, 0x08, 0x14, 0x01, 0xb6, 0x08, 0x70, 0x00, 0xb2,
  0x00, 0xb2, 0x00, 0xb2, 0x00, 0xb2, 0x00, 0xb2, 0x00, 0xb2, 0x00, 0xb2,
  0x00, 0xb2, 0x00, 0xb2, 0x01, 0xb6, 0x01, 0xb6, 0x01, 0xb6, 0x01, 0xb6,
  0x01, 0xb6, 0x01, 0xb6, 0x01, 0xb6, 0x01, 0xb6, 0x01, 0xb6, 0x01, 0xb6,
  0x07, 0x9a, 0x01, 0xb6, 0x01, 0xb6, 0x01, 0xb6, 0x01, 0xb6, 0x01, 0xb6,
  0x01, 0xb6, 0x01, 0xb6, 0x01, 0xb6, 0x01, 0xb6, 0x01, 0xb6, 0x09, 0xec,
  0x01, 0xb6, 0x01, 0xb6, 0x01, 0xb6, 0x01, 0xb6, 0x01, 0xb6, 0x09, 0x88,
  0x01, 0xb6, 0x01, 0xb6, 0x0c, 0xfe, 0x01, 0xb6, 0x01, 0xb6, 0x01, 0xb6,
  0x01, 0xb6, 0x01, 0xb6, 0x01, 0xb6, 0x01, 0xb6, 0x01, 0xb6, 0x01, 0xb6,
  0x01, 0xb6, 0x09, 0x62, 0x07, 0x4a, 0x01, 0xb6, 0x01, 0xb6, 0x01, 0xb6,
  0x08, 0xce, 0x07, 0x4a, 0x01, 0xb6, 0x01, 0xb6, 0x01, 0x24, 0x01, 0xb6,
  0x09, 0x40, 0x08, 0xdc, 0x0b, 0x12, 0x01, 0x24, 0x01, 0xb6, 0x0a, 0xc8,
  0x01, 0xb6, 0x0a, 0x42, 0x01, 0xb6, 0x01, 0xb6, 0x0e, 0x90, 0x7a, 0x00,
  0x43, 0xe8, 0xff, 0xd0, 0x20, 0x05, 0xd0, 0x85, 0xd0, 0x80, 0xda, 0x80,
  0xda, 0x85, 0xda, 0x89, 0x10, 0x1a, 0x48, 0x80, 0x30, 0x40, 0x43, 0xe8,
  0xff, 0xd0, 0x74, 0x09, 0xb4, 0x89, 0x65, 0x00, 0xff, 0x14, 0x20, 0x05,
  0xd0, 0x85, 0xd0, 0x80, 0xda, 0x80, 0xda, 0x85, 0xda, 0x89, 0x10, 0x1a,
  0x48, 0x80, 0x30, 0x40, 0x43, 0xe8, 0xff, 0xd0, 0x74, 0x09, 0xb4, 0x89,
  0x64, 0xc6, 0x60, 0x00, 0xfe, 0xf4, 0x2f, 0x2e, 0xff, 0x64, 0x2f, 0x2e,
  0xff, 0x74, 0x4e, 0xb9, 0x00, 0x00, 0x6c, 0x40, 0x50, 0x8f, 0x4a, 0x80,
  0x66, 0x00, 0x0e, 0x7e, 0x20, 0x6e, 0xff, 0x64, 0x30, 0x28, 0x00, 0x0c,
  0x02, 0x40, 0x00, 0x1a, 0x0c, 0x40, 0x00, 0x0a, 0x66, 0x00, 0xfe, 0x3a,
  0x60, 0x00, 0x02, 0x4c, 0x72, 0x10, 0x88, 0x81, 0x10, 0x1a, 0x48, 0x80,
  0x30, 0x40, 0x60, 0x00, 0xfe, 0xb8, 0x26, 0x0b, 0x96, 0x8a, 0xb5, 0xcb,
  0x67, 0x00, 0xfe, 0x8e, 0x20, 0x6e, 0xff, 0x5c, 0x20, 0x8a, 0x21, 0x43,
  0x00, 0x04, 0x22, 0x03, 0xd2, 0xae, 0xff, 0x94, 0x2d, 0x41, 0xff, 0x94,
  0x20, 0x2e, 0xff, 0x90, 0x52, 0x80, 0x2d, 0x40, 0xff, 0x90, 0x74, 0x07,
  0xb4, 0x80, 0x6c, 0x00, 0xfe, 0x60, 0x4a, 0x81, 0x67, 0x00, 0x0b, 0xf6,
  0x48, 0x6e, 0xff, 0x8c, 0x2f, 0x2e, 0xff, 0x64, 0x2f, 0x2e, 0xff, 0x74,
  0x4e, 0xb9, 0x00, 0x00, 0x59, 0x88, 0x4f, 0xef, 0x00, 0x0c, 0x4a, 0x80,
  0x66, 0x18, 0x41, 0xee, 0xff, 0xc0, 0x2d, 0x48, 0xff, 0x5c, 0xd7, 0xae,
  0xff, 0x6c, 0x60, 0x00, 0xfe, 0x38, 0x4a, 0xae, 0xff, 0x94, 0x66, 0x00,
  0x0d, 0xcc, 0x22, 0x6e, 0xff, 0x64, 0x08, 0x29, 0x00, 0x06, 0x00, 0x0d,
  0x66, 0x00, 0x0d, 0xe2, 0x20, 0x2e, 0xff, 0x6c, 0x4c, 0xee, 0x1c, 0xf8,
  0xff, 0x38, 0x4e, 0x5e, 0x4e, 0x75, 0xb0, 0xfc, 0x00, 0x00, 0x67, 0xd6,
  0x34, 0x08, 0x1d, 0x42, 0xff, 0x98, 0x42, 0x2e, 0xff, 0x89, 0x7e, 0x01,
  0x72, 0x01, 0x2d, 0x41, 0xff, 0x68, 0x7c, 0x98, 0xdc, 0x8e, 0x76, 0x00,
  0x74, 0x02, 0xc4, 0x84, 0x2d, 0x42, 0xff, 0x70, 0x08, 0x04, 0x00, 0x01,
  0x67, 0x02, 0x54, 0x87, 0x72, 0x7b, 0x46, 0x01, 0xc2, 0x84, 0x2d, 0x41,
  0xff, 0x58, 0x20, 0x2e, 0xff, 0x90, 0x22, 0x00, 0x52, 0x81, 0x26, 0x41,
  0x20, 0x6e, 0xff, 0x94, 0x4a, 0xae, 0xff, 0x58, 0x66, 0x0c, 0x22, 0x45,
  0x93, 0xc7, 0xb2, 0xfc, 0x00, 0x00, 0x6e, 0x00, 0x01, 0xca, 0x4a, 0x2e,
  0xff, 0x89, 0x67, 0x5a, 0x49, 0xee, 0xff, 0x89, 0x22, 0x6e, 0xff, 0x5c,
  0x22, 0x8c, 0x70, 0x01, 0x23, 0x40, 0x00, 0x04, 0x52, 0x88, 0x2d, 0x48,
  0xff, 0x94, 0x2d, 0x4b, 0xff, 0x90, 0x72, 0x07, 0xb2, 0x8b, 0x6c, 0x00,
  0x01, 0x96, 0xb0, 0xfc, 0x00, 0x00, 0x67, 0x00, 0x0a, 0x4a, 0x48, 0x6e,
  0xff, 0x8c, 0x2f, 0x2e, 0xff, 0x64, 0x2f, 0x2e, 0xff, 0x74, 0x4e, 0xb9,
  0x00, 0x00, 0x59, 0x88, 0x4f, 0xef, 0x00, 0x0c, 0x4a, 0x80, 0x66, 0x00,
  0xff, 0x42, 0x20, 0x6e, 0xff, 0x94, 0x20, 0x2e, 0xff, 0x90, 0x26, 0x40,
  0x52, 0x8b, 0x49, 0xee, 0xff, 0xc0, 0x2d, 0x4c, 0xff, 0x5c, 0x4a, 0xae,
  0xff, 0x70, 0x67, 0x5a, 0x49, 0xee, 0xff, 0x8a, 0x22, 0x6e, 0xff, 0x5c,
  0x22, 0x8c, 0x70, 0x02, 0x23, 0x40, 0x00, 0x04, 0x54, 0x88, 0x2d, 0x48,
  0xff, 0x94, 0x2d, 0x4b, 0xff, 0x90, 0x72, 0x07, 0xb2, 0x8b, 0x6c, 0x00,
  0x0a, 0x18, 0xb0, 0xfc, 0x00, 0x00, 0x67, 0x00, 0x0a, 0xf8, 0x48, 0x6e,
  0xff, 0x8c, 0x2f, 0x2e, 0xff, 0x64, 0x2f, 0x2e, 0xff, 0x74, 0x4e, 0xb9,
  0x00, 0x00, 0x59, 0x88, 0x4f, 0xef, 0x00, 0x0c, 0x4a, 0x80, 0x66, 0x00,
  0xfe, 0xe2, 0x20, 0x6e, 0xff, 0x94, 0x20, 0x2e, 0xff, 0x90, 0x26, 0x40,
  0x52, 0x8b, 0x49, 0xee, 0xff, 0xc0, 0x2d, 0x4c, 0xff, 0x5c, 0x0c, 0xae,
  0x00, 0x00, 0x00, 0x80, 0xff, 0x58, 0x67, 0x00, 0x01, 0xf2, 0x28, 0x43,
  0x99, 0xee, 0xff, 0x68, 0xb8, 0xfc, 0x00, 0x00, 0x6e, 0x00, 0x02, 0xbc,
  0x22, 0x6e, 0xff, 0x5c, 0x22, 0x86, 0x23, 0x6e, 0xff, 0x68, 0x00, 0x04,
  0xd1, 0xee, 0xff, 0x68, 0x2d, 0x48, 0xff, 0x94, 0x2d, 0x4b, 0xff, 0x90,
  0x70, 0x07, 0xb0, 0x8b, 0x6c, 0x00, 0x03, 0x36, 0xb0, 0xfc, 0x00, 0x00,
  0x67, 0x00, 0x03, 0x68, 0x48, 0x6e, 0xff, 0x8c, 0x2f, 0x2e, 0xff, 0x64,
  0x2f, 0x2e, 0xff, 0x74, 0x4e, 0xb9, 0x00, 0x00, 0x59, 0x88, 0x4f, 0xef,
  0x00, 0x0c, 0x4a, 0x80, 0x66, 0x00, 0xfe, 0x70, 0x20, 0x6e, 0xff, 0x94,
  0x47, 0xee, 0xff, 0xc0, 0x2d, 0x4b, 0xff, 0x68, 0x08, 0x04, 0x00, 0x02,
  0x67, 0x0c, 0x28, 0x45, 0x99, 0xc7, 0xb8, 0xfc, 0x00, 0x00, 0x6e, 0x00,
  0x03, 0x4e, 0x20, 0x05, 0xbe, 0x85, 0x6f, 0x02, 0x20, 0x07, 0xd1, 0xae,
  0xff, 0x6c, 0xb0, 0xfc, 0x00, 0x00, 0x66, 0x00, 0x02, 0xee, 0x42, 0xae,
  0xff, 0x90, 0x41, 0xee, 0xff, 0xc0, 0x2d, 0x48, 0xff, 0x5c, 0x60, 0x00,
  0xfc, 0x0e, 0x22, 0x6e, 0xff, 0x64, 0x4a, 0x69, 0x00, 0x0e, 0x6d, 0x00,
  0xfb, 0xe0, 0x2d, 0x6e, 0xff, 0x78, 0x00, 0x14, 0x2d, 0x47, 0x00, 0x10,
  0x2d, 0x49, 0x00, 0x0c, 0x2d, 0x6e, 0xff, 0x74, 0x00, 0x08, 0x4c, 0xee,
  0x1c, 0xf8, 0xff, 0x38, 0x4e, 0x5e, 0x4e, 0xf9, 0x00, 0x00, 0x6b, 0x8c,
  0xb0, 0xfc, 0x00, 0x00, 0x66, 0x00, 0x0a, 0x40, 0x4a, 0x2e, 0xff, 0x89,
  0x67, 0x00, 0x0b, 0xa8, 0x43, 0xee, 0xff, 0x89, 0x2d, 0x49, 0xff, 0xc0,
  0x70, 0x01, 0x2d, 0x40, 0xff, 0xc4, 0x36, 0x7c, 0x00, 0x01, 0x41, 0xee,
  0xff, 0xc0, 0x2d, 0x48, 0xff, 0x5c, 0x30, 0x7c, 0x00, 0x01, 0x50, 0xae,
  0xff, 0x5c, 0x20, 0x0b, 0x52, 0x8b, 0x60, 0x00, 0xfe, 0x9a, 0x74, 0x10,
  0xb4, 0x89, 0x6c, 0x00, 0x0b, 0xd6, 0x47, 0xf9, 0x00, 0x00, 0x59, 0x88,
  0x28, 0x6e, 0xff, 0x58, 0x2d, 0x43, 0xff, 0x80, 0x26, 0x2e, 0xff, 0x74,
  0x2d, 0x4a, 0xff, 0x84, 0x24, 0x49, 0x22, 0x6e, 0xff, 0x5c, 0x22, 0xbc,
  0x00, 0x00, 0x8e, 0x35, 0x74, 0x10, 0x23, 0x42, 0x00, 0x04, 0x41, 0xe8,
  0x00, 0x10, 0x2d, 0x48, 0xff, 0x94, 0x2d, 0x41, 0xff, 0x90, 0x74, 0x07,
  0xb4, 0x81, 0x6d, 0x3a, 0x50, 0xae, 0xff, 0x5c, 0x24, 0x00, 0x54, 0x82,
  0x20, 0x01, 0x45, 0xea, 0xff, 0xf0, 0x72, 0x10, 0xb2, 0x8a, 0x6c, 0x62,
  0x22, 0x00, 0x52, 0x81, 0x22, 0x6e, 0xff, 0x5c, 0x22, 0xbc, 0x00, 0x00,
  0x8e, 0x35, 0x74, 0x10, 0x23, 0x42, 0x00, 0x04, 0x41, 0xe8, 0x00, 0x10,
  0x2d, 0x48, 0xff, 0x94, 0x2d, 0x41, 0xff, 0x90, 0x74, 0x07, 0xb4, 0x81,
  0x6c, 0xc6, 0xb0, 0xfc, 0x00, 0x00, 0x67, 0x00, 0x07, 0xe6, 0x48, 0x6e,
  0xff, 0x8c, 0x2f, 0x2e, 0xff, 0x64, 0x2f, 0x03, 0x4e, 0x93, 0x4f, 0xef,
  0x00, 0x0c, 0x4a, 0x80, 0x66, 0x00, 0xfd, 0x2c, 0x20, 0x6e, 0xff, 0x94,
  0x20, 0x2e, 0xff, 0x90, 0x24, 0x00, 0x52, 0x82, 0x43, 0xee, 0xff, 0xc0,
  0x2d, 0x49, 0xff, 0x5c, 0x45, 0xea, 0xff, 0xf0, 0x72, 0x10, 0xb2, 0x8a,
  0x6d, 0x9e, 0x2d, 0x4c, 0xff, 0x58, 0x22, 0x4a, 0x26, 0x2e, 0xff, 0x80,
  0x24, 0x6e, 0xff, 0x84, 0x26, 0x6e, 0xff, 0x5c, 0x26, 0xbc, 0x00, 0x00,
  0x8e, 0x35, 0x27, 0x49, 0x00, 0x04, 0xd1, 0xc9, 0x2d, 0x48, 0xff, 0x94,
  0x2d, 0x42, 0xff, 0x90, 0x70, 0x07, 0xb0, 0x82, 0x6d, 0x00, 0xfe, 0xe2,
  0x50, 0xae, 0xff, 0x5c, 0x26, 0x42, 0x52, 0x8b, 0x20, 0x02, 0x60, 0x00,
  0xfd, 0x46, 0x28, 0x45, 0x99, 0xc7, 0xb8, 0xfc, 0x00, 0x00, 0x6f, 0x00,
  0xfe, 0x06, 0x72, 0x10, 0xb2, 0x8c, 0x6c, 0x00, 0x0a, 0xe4, 0x47, 0xf9,
  0x00, 0x00, 0x59, 0x88, 0x2d, 0x47, 0xff, 0x70, 0x2e, 0x03, 0x26, 0x2e,
  0xff, 0x74, 0x22, 0x0a, 0x24, 0x4c, 0x28, 0x41, 0x22, 0x6e, 0xff, 0x5c,
  0x22, 0xbc, 0x00, 0x00, 0x8e, 0x25, 0x72, 0x10, 0x23, 0x41, 0x00, 0x04,
  0x41, 0xe8, 0x00, 0x10, 0x2d, 0x48, 0xff, 0x94, 0x22, 0x40, 0x52, 0x89,
  0x2d, 0x49, 0xff, 0x90, 0x74, 0x07, 0xb4, 0x89, 0x6d, 0x00, 0x06, 0xc4,
  0x50, 0xae, 0xff, 0x5c, 0x22, 0x00, 0x54, 0x81, 0x20, 0x09, 0x45, 0xea,
  0xff, 0xf0, 0x74, 0x10, 0xb4, 0x8a, 0x6d, 0xc4, 0x26, 0x07, 0x2e, 0x2e,
  0xff, 0x70, 0x20, 0x0c, 0x28, 0x4a, 0x24, 0x40, 0x22, 0x6e, 0xff, 0x5c,
  0x22, 0xbc, 0x00, 0x00, 0x8e, 0x25, 0x23, 0x4c, 0x00, 0x04, 0xd1, 0xcc,
  0x2d, 0x48, 0xff, 0x94, 0x2d, 0x41, 0xff, 0x90, 0x70, 0x07, 0xb0, 0x81,
  0x6c, 0x00, 0x08, 0xbc, 0xb0, 0xfc, 0x00, 0x00, 0x67, 0x00, 0x09, 0xba,
  0x48, 0x6e, 0xff, 0x8c, 0x2f, 0x2e, 0xff, 0x64, 0x2f, 0x2e, 0xff, 0x74,
  0x4e, 0xb9, 0x00, 0x00, 0x59, 0x88, 0x4f, 0xef, 0x00, 0x0c, 0x4a, 0x80,
  0x66, 0x00, 0xfc, 0x1c, 0x20, 0x6e, 0xff, 0x94, 0x20, 0x2e, 0xff, 0x90,
  0x26, 0x40, 0x52, 0x8b, 0x49, 0xee, 0xff, 0xc0, 0x2d, 0x4c, 0xff, 0x5c,
  0x28, 0x43, 0x99, 0xee, 0xff, 0x68, 0xb8, 0xfc, 0x00, 0x00, 0x6f, 0x00,
  0xfd, 0x48, 0x72, 0x10, 0xb2, 0x8c, 0x6c, 0x4e, 0x26, 0x2e, 0xff, 0x74,
  0x26, 0x6e, 0xff, 0x64, 0x2d, 0x4a, 0xff, 0x70, 0x22, 0x6e, 0xff, 0x5c,
  0x22, 0xbc, 0x00, 0x00, 0x8e, 0x25, 0x72, 0x10, 0x23, 0x41, 0x00, 0x04,
  0x41, 0xe8, 0x00, 0x10, 0x2d, 0x48, 0xff, 0x94, 0x22, 0x00, 0x52, 0x81,
  0x2d, 0x41, 0xff, 0x90, 0x74, 0x07, 0xb4, 0x81, 0x6d, 0x00, 0x05, 0x82,
  0x50, 0xae, 0xff, 0x5c, 0x22, 0x40, 0x54, 0x89, 0x20, 0x01, 0x49, 0xec,
  0xff, 0xf0, 0x72, 0x10, 0xb2, 0x8c, 0x6d, 0xc4, 0x26, 0x49, 0x24, 0x6e,
  0xff, 0x70, 0x22, 0x6e, 0xff, 0x5c, 0x22, 0xbc, 0x00, 0x00, 0x8e, 0x25,
  0x23, 0x4c, 0x00, 0x04, 0xd1, 0xcc, 0x2d, 0x48, 0xff, 0x94, 0x2d, 0x4b,
  0xff, 0x90, 0x70, 0x07, 0xb0, 0x8b, 0x6d, 0x00, 0x06, 0xb0, 0x50, 0xae,
  0xff, 0x5c, 0x52, 0x8b, 0x22, 0x6e, 0xff, 0x5c, 0x22, 0x86, 0x23, 0x6e,
  0xff, 0x68, 0x00, 0x04, 0xd1, 0xee, 0xff, 0x68, 0x2d, 0x48, 0xff, 0x94,
  0x2d, 0x4b, 0xff, 0x90, 0x70, 0x07, 0xb0, 0x8b, 0x6d, 0x00, 0xfc, 0xce,
  0x22, 0x6e, 0xff, 0x5c, 0x50, 0x89, 0x2d, 0x49, 0xff, 0x68, 0x60, 0x00,
  0xfc, 0xf0, 0x48, 0x6e, 0xff, 0x8c, 0x2f, 0x2e, 0xff, 0x64, 0x2f, 0x2e,
  0xff, 0x74, 0x4e, 0xb9, 0x00, 0x00, 0x59, 0x88, 0x4f, 0xef, 0x00, 0x0c,
  0x4a, 0x80, 0x66, 0x00, 0xfb, 0x36, 0x42, 0xae, 0xff, 0x90, 0x41, 0xee,
  0xff, 0xc0, 0x2d, 0x48, 0xff, 0x5c, 0x60, 0x00, 0xf9, 0x06, 0x42, 0xae,
  0xff, 0x90, 0x08, 0x04, 0x00, 0x02, 0x67, 0x00, 0x04, 0xc0, 0x28, 0x45,
  0x99, 0xc7, 0xb8, 0xfc, 0x00, 0x00, 0x6f, 0x00, 0x04, 0xb4, 0x43, 0xee,
  0xff, 0xc0, 0x2d, 0x49, 0xff, 0x68, 0x22, 0x2e, 0xff, 0x90, 0x70, 0x10,
  0xb0, 0x8c, 0x6c, 0x00, 0x09, 0x18, 0x76, 0x8c, 0xd6, 0x8e, 0x47, 0xf9,
  0x00, 0x00, 0x59, 0x88, 0x28, 0x2e, 0xff, 0x74, 0x2c, 0x2e, 0xff, 0x64,
  0x22, 0x6e, 0xff, 0x68, 0x22, 0xbc, 0x00, 0x00, 0x8e, 0x35, 0x70, 0x10,
  0x23, 0x40, 0x00, 0x04, 0x41, 0xe8, 0x00, 0x10, 0x2d, 0x48, 0xff, 0x94,
  0x20, 0x01, 0x52, 0x80, 0x2d, 0x40, 0xff, 0x90, 0x74, 0x07, 0xb4, 0x80,
  0x6d, 0x00, 0x04, 0xc6, 0x50, 0xae, 0xff, 0x68, 0x24, 0x01, 0x54, 0x82,
  0x22, 0x00, 0x49, 0xec, 0xff, 0xf0, 0x70, 0x10, 0xb0, 0x8c, 0x6d, 0xc4,
  0x22, 0x6e, 0xff, 0x68, 0x22, 0xbc, 0x00, 0x00, 0x8e, 0x35, 0x23, 0x4c,
  0x00, 0x04, 0xd1, 0xcc, 0x2d, 0x48, 0xff, 0x94, 0x2d, 0x42, 0xff, 0x90,
  0x70, 0x07, 0xb0, 0x82, 0x6c, 0x00, 0xfc, 0x3c, 0xb0, 0xfc, 0x00, 0x00,
  0x67, 0x00, 0x04, 0x2a, 0x48, 0x6e, 0xff, 0x8c, 0x2f, 0x2e, 0xff, 0x64,
  0x2f, 0x2e, 0xff, 0x74, 0x4e, 0xb9, 0x00, 0x00, 0x59, 0x88, 0x4f, 0xef,
  0x00, 0x0c, 0x4a, 0x80, 0x66, 0x00, 0xfa, 0x68, 0x20, 0x6e, 0xff, 0x94,
  0x60, 0x00, 0xfc, 0x10, 0x2f, 0x08, 0x4e, 0xb9, 0x00, 0x00, 0x71, 0x26,
  0x58, 0x8f, 0x60, 0x00, 0xf7, 0xd4, 0x26, 0x6e, 0xff, 0x78, 0x58, 0xae,
  0xff, 0x78, 0x20, 0x1b, 0x08, 0x04, 0x00, 0x04, 0x66, 0x4e, 0x08, 0x04,
  0x00, 0x06, 0x67, 0x48, 0x48, 0xc0, 0x2e, 0x00, 0x6b, 0x46, 0x1d, 0x6e,
  0xff, 0x89, 0xff, 0x70, 0x72, 0xff, 0xb2, 0x83, 0x67, 0x56, 0x72, 0x80,
  0x46, 0x01, 0xc8, 0x81, 0x4a, 0x80, 0x66, 0x4c, 0x4a, 0x83, 0x66, 0x00,
  0x08, 0x66, 0x7e, 0x00, 0x42, 0xae, 0xff, 0x68, 0x7c, 0xc0, 0xdc, 0x8e,
  0x4a, 0x2e, 0xff, 0x70, 0x67, 0x00, 0xfa, 0x42, 0x52, 0x87, 0x60, 0x00,
  0xfa, 0x3c, 0x74, 0x10, 0x88, 0x82, 0x20, 0x6e, 0xff, 0x78, 0x58, 0xae,
  0xff, 0x78, 0x20, 0x18, 0x2e, 0x00, 0x6a, 0xba, 0x2e, 0x00, 0x44, 0x87,
  0x1d, 0x7c, 0x00, 0x2d, 0xff, 0x89, 0x70, 0xff, 0xb0, 0x83, 0x67, 0x06,
  0x74, 0x80, 0x46, 0x02, 0xc8, 0x82, 0x1d, 0x7c, 0x00, 0x2d, 0xff, 0x70,
  0x70, 0x09, 0xb0, 0x87, 0x65, 0x00, 0x02, 0xac, 0x06, 0x07, 0x00, 0x30,
  0x1d, 0x47, 0xff, 0xbf, 0x2e, 0x03, 0x6f, 0x0c, 0x72, 0x01, 0x2d, 0x41,
  0xff, 0x68, 0x7c, 0xbf, 0xdc, 0x8e, 0x60, 0xa4, 0x7e, 0x01, 0x72, 0x01,
  0x2d, 0x41, 0xff, 0x68, 0x7c, 0xbf, 0xdc, 0x8e, 0x60, 0x96, 0x20, 0x6e,
  0xff, 0x78, 0x2a, 0x18, 0x6a, 0x00, 0x00, 0x9c, 0x44, 0x85, 0x2d, 0x48,
  0xff, 0x78, 0x72, 0x04, 0x88, 0x81, 0x10, 0x1a, 0x48, 0x80, 0x30, 0x40,
  0x60, 0x00, 0xf7, 0xd6, 0x10, 0x1a, 0x48, 0x80, 0x30, 0x40, 0x0c, 0x40,
  0x00, 0x2a, 0x67, 0x70, 0x43, 0xe8, 0xff, 0xd0, 0x74, 0x09, 0x76, 0x00,
  0xb4, 0x89, 0x65, 0x00, 0xf7, 0xbc, 0x20, 0x03, 0xd0, 0x83, 0xd0, 0x80,
  0xd0, 0x83, 0xd0, 0x80, 0x26, 0x00, 0xd6, 0x89, 0x10, 0x1a, 0x48, 0x80,
  0x30, 0x40, 0x43, 0xe8, 0xff, 0xd0, 0x70, 0x09, 0xb0, 0x89, 0x65, 0x00,
  0xf7, 0x9c, 0x20, 0x03, 0xd0, 0x83, 0xd0, 0x80, 0xd0, 0x83, 0xd0, 0x80,
  0x26, 0x00, 0xd6, 0x89, 0x10, 0x1a, 0x48, 0x80, 0x30, 0x40, 0x43, 0xe8,
  0xff, 0xd0, 0x70, 0x09, 0xb0, 0x89, 0x64, 0xc2, 0x60, 0x00, 0xf7, 0x7a,
  0x72, 0x7f, 0x46, 0x01, 0x88, 0x81, 0x10, 0x1a, 0x48, 0x80, 0x30, 0x40,
  0x60, 0x00, 0xf7, 0x6a, 0x1d, 0x7c, 0x00, 0x2b, 0xff, 0x89, 0x10, 0x1a,
  0x48, 0x80, 0x30, 0x40, 0x60, 0x00, 0xf7, 0x5a, 0x20, 0x6e, 0xff, 0x78,
  0x26, 0x18, 0x6a, 0x02, 0x76, 0xff, 0x2d, 0x48, 0xff, 0x78, 0x10, 0x1a,
  0x48, 0x80, 0x30, 0x40, 0x60, 0x00, 0xf7, 0x42, 0x70, 0x01, 0x88, 0x80,
  0x10, 0x1a, 0x48, 0x80, 0x30, 0x40, 0x60, 0x00, 0xf7, 0x34, 0x4a, 0x2e,
  0xff, 0x89, 0x66, 0x00, 0xf7, 0x26, 0x1d, 0x7c, 0x00, 0x20, 0xff, 0x89,
  0x10, 0x1a, 0x48, 0x80, 0x30, 0x40, 0x60, 0x00, 0xf7, 0x1c, 0x70, 0x40,
  0x88, 0x80, 0x10, 0x1a, 0x48, 0x80, 0x30, 0x40, 0x60, 0x00, 0xf7, 0x0e,
  0x22, 0x6e, 0xff, 0x78, 0x58, 0xae, 0xff, 0x78, 0x2e, 0x19, 0x08, 0x04,
  0x00, 0x04, 0x66, 0x0c, 0x08, 0x04, 0x00, 0x06, 0x67, 0x06, 0x02, 0x87,
  0x00, 0x00, 0xff, 0xff, 0x20, 0x04, 0x42, 0x2e, 0xff, 0x89, 0x74, 0xff,
  0xb4, 0x83, 0x67, 0x00, 0x01, 0x02, 0x72, 0x00, 0x78, 0x80, 0x46, 0x04,
  0xc8, 0x80, 0x4a, 0x87, 0x66, 0x00, 0x00, 0x9e, 0x4a, 0x83, 0x66, 0x00,
  0x05, 0x8a, 0x4a, 0x81, 0x66, 0x00, 0x04, 0xac, 0x72, 0x01, 0xc2, 0x80,
  0x2d, 0x41, 0xff, 0x68, 0x08, 0x00, 0x00, 0x00, 0x67, 0x00, 0x04, 0xaa,
  0x1d, 0x7c, 0x00, 0x30, 0xff, 0xbf, 0x2e, 0x01, 0x7c, 0xbf, 0xdc, 0x8e,
  0x60, 0x00, 0xf8, 0x96, 0x08, 0x04, 0x00, 0x04, 0x66, 0x00, 0x04, 0xec,
  0x08, 0x04, 0x00, 0x06, 0x67, 0x00, 0x05, 0xbc, 0x26, 0x6e, 0xff, 0x78,
  0x20, 0x53, 0x30, 0xae, 0xff, 0x6e, 0x58, 0xae, 0xff, 0x78, 0x60, 0x00,
  0xf6, 0x1a, 0x20, 0x6e, 0xff, 0x78, 0x22, 0x48, 0x58, 0x88, 0x1d, 0x69,
  0x00, 0x03, 0xff, 0x98, 0x42, 0x2e, 0xff, 0x89, 0x2d, 0x48, 0xff, 0x78,
  0x7e, 0x01, 0x72, 0x01, 0x2d, 0x41, 0xff, 0x68, 0x7c, 0x98, 0xdc, 0x8e,
  0x60, 0x00, 0xf8, 0x4c, 0x70, 0x10, 0x80, 0x84, 0x20, 0x6e, 0xff, 0x78,
  0x58, 0xae, 0xff, 0x78, 0x2e, 0x18, 0x42, 0x2e, 0xff, 0x89, 0x74, 0xff,
  0xb4, 0x83, 0x67, 0x00, 0x00, 0xcc, 0x72, 0x01, 0x78, 0x80, 0x46, 0x04,
  0xc8, 0x80, 0x4a, 0x87, 0x67, 0x00, 0xff, 0x66, 0x74, 0x01, 0xb4, 0x81,
  0x67, 0x00, 0x06, 0x54, 0x55, 0x81, 0x66, 0x4c, 0x7c, 0xc0, 0x22, 0x6e,
  0xff, 0x7c, 0x41, 0xf6, 0x68, 0x00, 0x70, 0x0f, 0xc0, 0x87, 0x11, 0x31,
  0x08, 0x00, 0xe8, 0x8f, 0x66, 0xf4, 0x2c, 0x08, 0x22, 0x6e, 0xff, 0x60,
  0x93, 0xc6, 0x2d, 0x49, 0xff, 0x68, 0x2e, 0x03, 0xb3, 0xc3, 0x6f, 0x00,
  0xf7, 0xf0, 0x2e, 0x09, 0x60, 0x00, 0xf7, 0xea, 0x70, 0x10, 0x80, 0x84,
  0x20, 0x6e, 0xff, 0x78, 0x58, 0xae, 0xff, 0x78, 0x2e, 0x18, 0x42, 0x2e,
  0xff, 0x89, 0x74, 0xff, 0xb4, 0x83, 0x66, 0x00, 0xff, 0x02, 0x28, 0x00,
  0x7c, 0xc0, 0x41, 0xf6, 0x68, 0x00, 0x22, 0x08, 0x10, 0x07, 0x02, 0x00,
  0x00, 0x07, 0x06, 0x00, 0x00, 0x30, 0x11, 0x00, 0xe6, 0x8f, 0x66, 0xee,
  0x2c, 0x08, 0x08, 0x04, 0x00, 0x00, 0x66, 0x00, 0x03, 0x44, 0x20, 0x6e,
  0xff, 0x60, 0x91, 0xc6, 0x2d, 0x48, 0xff, 0x68, 0x2e, 0x03, 0xb1, 0xc3,
  0x6f, 0x00, 0xf7, 0x9a, 0x2e, 0x08, 0x60, 0x00, 0xf7, 0x94, 0x20, 0x6e,
  0xff, 0x78, 0x58, 0xae, 0xff, 0x78, 0x2e, 0x18, 0x08, 0x04, 0x00, 0x04,
  0x66, 0x0c, 0x08, 0x04, 0x00, 0x06, 0x67, 0x06, 0x02, 0x87, 0x00, 0x00,
  0xff, 0xff, 0x20, 0x04, 0x42, 0x2e, 0xff, 0x89, 0x74, 0xff, 0xb4, 0x83,
  0x66, 0x00, 0xff, 0x38, 0x28, 0x00, 0x42, 0x2e, 0xff, 0x70, 0x70, 0x09,
  0xb0, 0x87, 0x64, 0x00, 0xfd, 0x58, 0x7c, 0xc0, 0x49, 0xf9, 0x00, 0x00,
  0x7d, 0x00, 0x47, 0xf6, 0x68, 0x00, 0x48, 0x78, 0x00, 0x0a, 0x2f, 0x07,
  0x4e, 0x94, 0x50, 0x8f, 0x06, 0x00, 0x00, 0x30, 0x17, 0x00, 0x2c, 0x07,
  0x48, 0x78, 0x00, 0x0a, 0x2f, 0x07, 0x4e, 0xb9, 0x00, 0x00, 0x7c, 0x74,
  0x50, 0x8f, 0x2e, 0x00, 0x74, 0x09, 0xb4, 0x86, 0x65, 0xd8, 0x2c, 0x0b,
  0x20, 0x6e, 0xff, 0x60, 0x91, 0xcb, 0x2d, 0x48, 0xff, 0x68, 0x2e, 0x03,
  0xb1, 0xc3, 0x6f, 0x00, 0xfc, 0xcc, 0x2e, 0x08, 0x60, 0x00, 0xfc, 0xc6,
  0x26, 0x6e, 0xff, 0x78, 0x2c, 0x1b, 0x42, 0x2e, 0xff, 0x89, 0x4a, 0x86,
  0x67, 0x00, 0x04, 0x16, 0x74, 0xff, 0xb4, 0x83, 0x67, 0x00, 0x03, 0x8c,
  0x2f, 0x03, 0x42, 0xa7, 0x2f, 0x06, 0x4e, 0xb9, 0x00, 0x00, 0x4a, 0x32,
  0x4f, 0xef, 0x00, 0x0c, 0x4a, 0x80, 0x67, 0x00, 0x04, 0xa8, 0x90, 0x86,
  0x2d, 0x40, 0xff, 0x68, 0x1d, 0x6e, 0xff, 0x89, 0xff, 0x70, 0x2e, 0x00,
  0x6b, 0x00, 0x03, 0x7e, 0x2d, 0x4b, 0xff, 0x78, 0x76, 0x00, 0x60, 0x00,
  0xfc, 0x7c, 0x20, 0x6e, 0xff, 0x78, 0x2e, 0x18, 0x70, 0x02, 0x80, 0x84,
  0x3d, 0x7c, 0x30, 0x78, 0xff, 0x8a, 0x2d, 0x48, 0xff, 0x78, 0x2d, 0x7c,
  0x00, 0x00, 0x8e, 0xa9, 0xff, 0x7c, 0x42, 0x2e, 0xff, 0x89, 0x72, 0xff,
  0xb2, 0x83, 0x67, 0x00, 0x02, 0x14, 0x72, 0x02, 0x60, 0x00, 0xfd, 0xca,
  0x20, 0x05, 0xbe, 0x85, 0x6f, 0x02, 0x20, 0x07, 0xd1, 0xae, 0xff, 0x6c,
  0x42, 0xae, 0xff, 0x90, 0x41, 0xee, 0xff, 0xc0, 0x2d, 0x48, 0xff, 0x5c,
  0x60, 0x00, 0xf4, 0x20, 0xb0, 0xfc, 0x00, 0x00, 0x67, 0x00, 0x00, 0xbe,
  0x48, 0x6e, 0xff, 0x8c, 0x2f, 0x0b, 0x2f, 0x03, 0x4e, 0xb9, 0x00, 0x00,
  0x59, 0x88, 0x4f, 0xef, 0x00, 0x0c, 0x4a, 0x80, 0x66, 0x00, 0xf6, 0x20,
  0x20, 0x6e, 0xff, 0x94, 0x20, 0x2e, 0xff, 0x90, 0x22, 0x40, 0x52, 0x89,
  0x45, 0xee, 0xff, 0xc0, 0x2d, 0x4a, 0xff, 0x5c, 0x49, 0xec, 0xff, 0xf0,
  0x72, 0x10, 0xb2, 0x8c, 0x6d, 0x00, 0xfa, 0x1a, 0x60, 0x00, 0xfa, 0x52,
  0xb0, 0xfc, 0x00, 0x00, 0x67, 0x00, 0x00, 0xa8, 0x2f, 0x03, 0x2f, 0x06,
  0x2f, 0x04, 0x4e, 0x93, 0x4f, 0xef, 0x00, 0x0c, 0x4a, 0x80, 0x66, 0x00,
  0xf5, 0xe2, 0x20, 0x6e, 0xff, 0x94, 0x22, 0x2e, 0xff, 0x90, 0x24, 0x01,
  0x52, 0x82, 0x43, 0xee, 0xff, 0xc0, 0x2d, 0x49, 0xff, 0x68, 0x49, 0xec,
  0xff, 0xf0, 0x70, 0x10, 0xb0, 0x8c, 0x6d, 0x00, 0xfa, 0xdc, 0x60, 0x00,
  0xfb, 0x14, 0xb0, 0xfc, 0x00, 0x00, 0x67, 0x00, 0x00, 0x86, 0x48, 0x6e,
  0xff, 0x8c, 0x2f, 0x2e, 0xff, 0x64, 0x2f, 0x03, 0x4e, 0x93, 0x4f, 0xef,
  0x00, 0x0c, 0x4a, 0x80, 0x66, 0x00, 0xf5, 0xa0, 0x20, 0x6e, 0xff, 0x94,
  0x20, 0x2e, 0xff, 0x90, 0x22, 0x00, 0x52, 0x81, 0x43, 0xee, 0xff, 0xc0,
  0x2d, 0x49, 0xff, 0x5c, 0x45, 0xea, 0xff, 0xf0, 0x74, 0x10, 0xb4, 0x8a,
  0x6d, 0x00, 0xf8, 0xda, 0x60, 0x00, 0xf9, 0x12, 0x32, 0x7c, 0x00, 0x01,
  0x70, 0x00, 0x45, 0xee, 0xff, 0xc0, 0x2d, 0x4a, 0xff, 0x5c, 0x49, 0xec,
  0xff, 0xf0, 0x72, 0x10, 0xb2, 0x8c, 0x6d, 0x00, 0xf9, 0x7c, 0x60, 0x00,
  0xf9, 0xb4, 0x70, 0x00, 0x74, 0x01, 0x43, 0xee, 0xff, 0xc0, 0x2d, 0x49,
  0xff, 0x5c, 0x60, 0x00, 0xf7, 0xd6, 0x74, 0x01, 0x72, 0x00, 0x43, 0xee,
  0xff, 0xc0, 0x2d, 0x49, 0xff, 0x68, 0x49, 0xec, 0xff, 0xf0, 0x70, 0x10,
  0xb0, 0x8c, 0x6d, 0x00, 0xfa, 0x50, 0x60, 0x00, 0xfa, 0x88, 0x72, 0x01,
  0x70, 0x00, 0x43, 0xee, 0xff, 0xc0, 0x2d, 0x49, 0xff, 0x5c, 0x45, 0xea,
  0xff, 0xf0, 0x74, 0x10, 0xb4, 0x8a, 0x6d, 0x00, 0xf8, 0x74, 0x60, 0x00,
  0xf8, 0xac, 0x4a, 0xae, 0xff, 0x70, 0x67, 0x00, 0x01, 0xb8, 0x41, 0xee,
  0xff, 0x8a, 0x2d, 0x48, 0xff, 0xc0, 0x70, 0x02, 0x2d, 0x40, 0xff, 0xc4,
  0x36, 0x7c, 0x00, 0x01, 0x41, 0xee, 0xff, 0xc0, 0x2d, 0x48, 0xff, 0x5c,
  0x30, 0x7c, 0x00, 0x02, 0x50, 0xae, 0xff, 0x5c, 0x20, 0x0b, 0x52, 0x8b,
  0x0c, 0xae, 0x00, 0x00, 0x00, 0x80, 0xff, 0x58, 0x66, 0x00, 0xf6, 0x1c,
  0x60, 0x00, 0xf8, 0x08, 0xb0, 0xfc, 0x00, 0x00, 0x67, 0x00, 0x01, 0xf6,
  0x48, 0x6e, 0xff, 0x8c, 0x2f, 0x2e, 0xff, 0x64, 0x2f, 0x2e, 0xff, 0x74,
  0x4e, 0xb9, 0x00, 0x00, 0x59, 0x88, 0x4f, 0xef, 0x00, 0x0c, 0x4a, 0x80,
  0x66, 0x00, 0xf4, 0xb4, 0x20, 0x6e, 0xff, 0x94, 0x26, 0x6e, 0xff, 0x90,
  0x52, 0x8b, 0x49, 0xee, 0xff, 0xc0, 0x2d, 0x4c, 0xff, 0x5c, 0x60, 0x00,
  0xf5, 0xec, 0x2d, 0x7c, 0x00, 0x00, 0x8e, 0x98, 0xff, 0x7c, 0x22, 0x6e,
  0xff, 0x78, 0x58, 0xae, 0xff, 0x78, 0x2e, 0x19, 0x08, 0x04, 0x00, 0x04,
  0x66, 0x0c, 0x08, 0x04, 0x00, 0x06, 0x67, 0x06, 0x02, 0x87, 0x00, 0x00,
  0xff, 0xff, 0x08, 0x04, 0x00, 0x00, 0x67, 0x00, 0x01, 0x74, 0x4a, 0x87,
  0x67, 0x00, 0x00, 0x84, 0x1d, 0x7c, 0x00, 0x30, 0xff, 0x8a, 0x30, 0x08,
  0x1d, 0x40, 0xff, 0x8b, 0x70, 0x02, 0x80, 0x84, 0x42, 0x2e, 0xff, 0x89,
  0x72, 0xff, 0xb2, 0x83, 0x66, 0x00, 0x02, 0xc8, 0x28, 0x00, 0x7c, 0xc0,
  0x22, 0x6e, 0xff, 0x7c, 0x41, 0xf6, 0x68, 0x00, 0x60, 0x00, 0xfc, 0x6c,
  0x42, 0xae, 0xff, 0x90, 0x41, 0xee, 0xff, 0xc0, 0x2d, 0x48, 0xff, 0x5c,
  0x60, 0x00, 0xf4, 0x20, 0x0c, 0x00, 0x00, 0x30, 0x67, 0x00, 0xfc, 0x62,
  0x55, 0x81, 0x11, 0x7c, 0x00, 0x30, 0xff, 0xff, 0x28, 0x6e, 0xff, 0x60,
  0x99, 0xc1, 0x2d, 0x4c, 0xff, 0x68, 0x2e, 0x03, 0xb9, 0xc3, 0x6e, 0x00,
  0x00, 0xd6, 0x2c, 0x01, 0x60, 0x00, 0xf4, 0x42, 0x36, 0x7c, 0x00, 0x01,
  0x70, 0x00, 0x43, 0xee, 0xff, 0xc0, 0x2d, 0x49, 0xff, 0x5c, 0x0c, 0xae,
  0x00, 0x00, 0x00, 0x80, 0xff, 0x58, 0x66, 0x00, 0xf5, 0x2e, 0x60, 0x00,
  0xf7, 0x1a, 0x42, 0x2e, 0xff, 0x89, 0x72, 0xff, 0xb2, 0x83, 0x67, 0x00,
  0xfc, 0x00, 0x70, 0x80, 0x46, 0x00, 0xc8, 0x80, 0x4a, 0x83, 0x66, 0x00,
  0x00, 0xe8, 0x7e, 0x00, 0x42, 0xae, 0xff, 0x68, 0x7c, 0xc0, 0xdc, 0x8e,
  0x60, 0x00, 0xf3, 0xfe, 0x7e, 0x00, 0x7c, 0xc0, 0xdc, 0x8e, 0x60, 0x00,
  0xf3, 0xf4, 0x48, 0x6e, 0xff, 0x8c, 0x2f, 0x2e, 0xff, 0x64, 0x2f, 0x2e,
  0xff, 0x74, 0x4e, 0xb9, 0x00, 0x00, 0x59, 0x88, 0x4f, 0xef, 0x00, 0x0c,
  0x4a, 0x80, 0x66, 0x00, 0xf3, 0x9e, 0x20, 0x6e, 0xff, 0x94, 0x20, 0x2e,
  0xff, 0x90, 0x26, 0x40, 0x52, 0x8b, 0x49, 0xee, 0xff, 0xc0, 0x2d, 0x4c,
  0xff, 0x5c, 0x60, 0x00, 0xf3, 0xfa, 0x50, 0xae, 0xff, 0x5c, 0x26, 0x41,
  0x52, 0x8b, 0x20, 0x01, 0x28, 0x43, 0x99, 0xee, 0xff, 0x68, 0xb8, 0xfc,
  0x00, 0x00, 0x6f, 0x00, 0xf4, 0xbc, 0x60, 0x00, 0xf7, 0x72, 0x22, 0x6e,
  0xff, 0x78, 0x20, 0x51, 0x20, 0xae, 0xff, 0x6c, 0x58, 0xae, 0xff, 0x78,
  0x60, 0x00, 0xf1, 0x38, 0x70, 0x00, 0x36, 0x7c, 0x00, 0x01, 0x43, 0xee,
  0xff, 0xc0, 0x2d, 0x49, 0xff, 0x5c, 0x0c, 0xae, 0x00, 0x00, 0x00, 0x80,
  0xff, 0x58, 0x66, 0x00, 0xf4, 0x7e, 0x60, 0x00, 0xf6, 0x6a, 0x2e, 0x0c,
  0x2c, 0x01, 0x60, 0x00, 0xf3, 0x6c, 0x2f, 0x06, 0x4e, 0xb9, 0x00, 0x00,
  0x0e, 0xa0, 0x2d, 0x40, 0xff, 0x68, 0x1d, 0x6e, 0xff, 0x89, 0xff, 0x70,
  0x2e, 0x00, 0x58, 0x8f, 0x6a, 0x00, 0xfc, 0x86, 0x7e, 0x00, 0x2d, 0x4b,
  0xff, 0x78, 0x76, 0x00, 0x60, 0x00, 0xf8, 0xfe, 0x2d, 0x7c, 0x00, 0x00,
  0x8e, 0xa9, 0xff, 0x7c, 0x60, 0x00, 0xfe, 0x6c, 0x20, 0x04, 0x60, 0x00,
  0xfc, 0x8e, 0x70, 0x01, 0xb0, 0x81, 0x67, 0x00, 0x01, 0x4e, 0x55, 0x81,
  0x66, 0x00, 0xfb, 0x5a, 0x7e, 0x00, 0x7c, 0xc0, 0x22, 0x6e, 0xff, 0x7c,
  0x41, 0xf6, 0x68, 0x00, 0x60, 0x00, 0xfb, 0x08, 0x2d, 0x46, 0xff, 0xc0,
  0x20, 0x6e, 0xff, 0x68, 0x2d, 0x48, 0xff, 0xc4, 0x2d, 0x48, 0xff, 0x94,
  0x72, 0x01, 0x2d, 0x41, 0xff, 0x90, 0x43, 0xee, 0xff, 0xc0, 0x2d, 0x49,
  0xff, 0x5c, 0x22, 0x6e, 0xff, 0x5c, 0x50, 0x89, 0x2d, 0x49, 0xff, 0x68,
  0x60, 0x00, 0xf4, 0x4e, 0x2d, 0x43, 0xff, 0x68, 0x70, 0x06, 0xb0, 0x83,
  0x65, 0x46, 0x2e, 0x2e, 0xff, 0x68, 0x2d, 0x4b, 0xff, 0x78, 0x2c, 0x3c,
  0x00, 0x00, 0x8e, 0xba, 0x76, 0x00, 0x60, 0x00, 0xf2, 0xcc, 0x28, 0x6e,
  0xff, 0x78, 0x20, 0x54, 0x20, 0xae, 0xff, 0x6c, 0x58, 0xae, 0xff, 0x78,
  0x60, 0x00, 0xf0, 0x60, 0x36, 0x7c, 0x00, 0x01, 0x70, 0x00, 0x43, 0xee,
  0xff, 0xc0, 0x2d, 0x49, 0xff, 0x5c, 0x28, 0x43, 0x99, 0xee, 0xff, 0x68,
  0xb8, 0xfc, 0x00, 0x00, 0x6f, 0x00, 0xf3, 0xb2, 0x60, 0x00, 0xf6, 0x68,
  0x72, 0x06, 0x2d, 0x41, 0xff, 0x68, 0x2e, 0x2e, 0xff, 0x68, 0x2d, 0x4b,
  0xff, 0x78, 0x2c, 0x3c, 0x00, 0x00, 0x8e, 0xba, 0x60, 0xb2, 0x70, 0x00,
  0x36, 0x7c, 0x00, 0x01, 0x43, 0xee, 0xff, 0xc0, 0x2d, 0x49, 0xff, 0x5c,
  0x60, 0x00, 0xf3, 0x0c, 0x48, 0x6e, 0xff, 0x8c, 0x2f, 0x2e, 0xff, 0x64,
  0x2f, 0x2e, 0xff, 0x74, 0x4e, 0xb9, 0x00, 0x00, 0x59, 0x88, 0x4f, 0xef,
  0x00, 0x0c, 0x22, 0x6e, 0xff, 0x64, 0x08, 0x29, 0x00, 0x06, 0x00, 0x0d,
  0x67, 0x00, 0xf2, 0x22, 0x72, 0xff, 0x2d, 0x41, 0xff, 0x6c, 0x20, 0x2e,
  0xff, 0x6c, 0x4c, 0xee, 0x1c, 0xf8, 0xff, 0x38, 0x4e, 0x5e, 0x4e, 0x75,
  0x1d, 0x6e, 0xff, 0x89, 0xff, 0x70, 0x2e, 0x03, 0x2d, 0x4b, 0xff, 0x78,
  0x2d, 0x43, 0xff, 0x68, 0x76, 0x00, 0x60, 0x00, 0xf7, 0xdc, 0x24, 0x01,
  0x60, 0x00, 0xf4, 0xe6, 0x24, 0x01, 0x52, 0x82, 0x60, 0x00, 0xf7, 0x32,
  0x22, 0x0b, 0x22, 0x6e, 0xff, 0x5c, 0x22, 0xbc, 0x00, 0x00, 0x8e, 0x25,
  0x23, 0x4c, 0x00, 0x04, 0xd1, 0xcc, 0x2d, 0x48, 0xff, 0x94, 0x2d, 0x41,
  0xff, 0x90, 0x70, 0x07, 0xb0, 0x81, 0x6d, 0x00, 0xf5, 0x7c, 0x60, 0x00,
  0xfe, 0x32, 0x7e, 0x30, 0x1d, 0x47, 0xff, 0xbf, 0x2e, 0x03, 0x6e, 0x00,
  0xf7, 0xec, 0x60, 0x00, 0xf7, 0xf4, 0x42, 0x2e, 0xff, 0x70, 0x7e, 0x30,
  0x1d, 0x47, 0xff, 0xbf, 0x2e, 0x03, 0x6e, 0x00, 0xf7, 0xd8, 0x60, 0x00,
  0xf7, 0xe0, 0x42, 0x2e, 0xff, 0x70, 0x60, 0x00, 0xf7, 0xb8, 0x70, 0x80,
  0x46, 0x00, 0xc8, 0x80, 0x72, 0x02, 0x88, 0x81, 0x7c, 0xc0, 0x22, 0x6e,
  0xff, 0x7c, 0x41, 0xf6, 0x68, 0x00, 0x60, 0x00, 0xf9, 0x9e, 0x4e, 0x75,
  0x8c, 0x5f, 0x76, 0x66, 0x69, 0x70, 0x72, 0x69, 0x6e, 0x74, 0x66, 0x5f,
  0x72, 0x00, 0x00, 0x00, 0x4f, 0xef, 0xfb, 0x98, 0x48, 0xe7, 0x1c, 0x20,
  0x28, 0x2f, 0x04, 0x7c, 0x24, 0x6f, 0x04, 0x80, 0x30, 0x2a, 0x00, 0x0c,
  0x02, 0x40, 0xff, 0xfd, 0x3f, 0x40, 0x00, 0x1c, 0x2f, 0x6a, 0x00, 0x64,
  0x00, 0x74, 0x3f, 0x6a, 0x00, 0x0e, 0x00, 0x1e, 0x2f, 0x6a, 0x00, 0x1c,
  0x00, 0x2c, 0x2f, 0x6a, 0x00, 0x24, 0x00, 0x34, 0x70, 0x78, 0xd0, 0x8f,
  0x2f, 0x40, 0x00, 0x10, 0x70, 0x78, 0xd0, 0x8f, 0x2f, 0x40, 0x00, 0x20,
  0x2f, 0x7c, 0x00, 0x00, 0x04, 0x00, 0x00, 0x18, 0x2f, 0x7c, 0x00, 0x00,
  0x04, 0x00, 0x00, 0x24, 0x42, 0xaf, 0x00, 0x28, 0x2f, 0x2f, 0x04, 0x88,
  0x2f, 0x2f, 0x04, 0x88, 0x7a, 0x18, 0xda, 0x8f, 0x2f, 0x05, 0x2f, 0x04,
  0x4e, 0xb9, 0x00, 0x00, 0x5a, 0x3c, 0x26, 0x00, 0x4f, 0xef, 0x00, 0x10,
  0x6a, 0x1a, 0x08, 0x2f, 0x00, 0x06, 0x00, 0x1d, 0x67, 0x06, 0x00, 0x6a,
  0x00, 0x40, 0x00, 0x0c, 0x20, 0x03, 0x4c, 0xdf, 0x04, 0x38, 0x4f, 0xef,
  0x04, 0x68, 0x4e, 0x75, 0x2f, 0x05, 0x2f, 0x04, 0x4e, 0xb9, 0x00, 0x00,
  0x6f, 0x58, 0x50, 0x8f, 0x4a, 0x80, 0x67, 0xd6, 0x76, 0xff, 0x60, 0xd2,
  0x4e, 0x75, 0x8a, 0x5f, 0x5f, 0x73, 0x62, 0x70, 0x72, 0x69, 0x6e, 0x74,
  0x66, 0x00, 0x00, 0x00, 0x2f, 0x0a, 0x24, 0x6f, 0x00, 0x0c, 0x20, 0x79,
  0x00, 0x00, 0x8f, 0x8c, 0xb0, 0xfc, 0x00, 0x00, 0x67, 0x08, 0x4a, 0xa8,
  0x00, 0x36, 0x67, 0x00, 0x00, 0x82, 0x32, 0x2a, 0x00, 0x0c, 0x08, 0x01,
  0x00, 0x03, 0x67, 0x00, 0x00, 0x8c, 0x20, 0x2a, 0x00, 0x10, 0x67, 0x44,
  0x08, 0x01, 0x00, 0x00, 0x66, 0x1a, 0x08, 0x01, 0x00, 0x01, 0x66, 0x00,
  0x00, 0x98, 0x20, 0x6a, 0x00, 0x14, 0x25, 0x48, 0x00, 0x08, 0x4a, 0x80,
  0x67, 0x18, 0x70, 0x00, 0x24, 0x5f, 0x4e, 0x75, 0x42, 0xaa, 0x00, 0x08,
  0x24, 0x2a, 0x00, 0x14, 0x44, 0x82, 0x25, 0x42, 0x00, 0x18, 0x4a, 0x80,
  0x66, 0xe8, 0x4a, 0x01, 0x6a, 0xe6, 0x00, 0x41, 0x00, 0x40, 0x35, 0x41,
  0x00, 0x0c, 0x70, 0xff, 0x24, 0x5f, 0x4e, 0x75, 0x34, 0x01, 0x02, 0x42,
  0x02, 0x80, 0x0c, 0x42, 0x02, 0x00, 0x67, 0xb0, 0x2f, 0x0a, 0x2f, 0x2f,
  0x00, 0x0c, 0x4e, 0xb9, 0x00, 0x00, 0x76, 0xc6, 0x32, 0x2a, 0x00, 0x0c,
  0x20, 0x2a, 0x00, 0x10, 0x50, 0x8f, 0x08, 0x01, 0x00, 0x00, 0x67, 0x9a,
  0x60, 0xb2, 0x2f, 0x08, 0x4e, 0xb9, 0x00, 0x00, 0x71, 0x26, 0x58, 0x8f,
  0x32, 0x2a, 0x00, 0x0c, 0x08, 0x01, 0x00, 0x03, 0x66, 0x00, 0xff, 0x78,
  0x08, 0x01, 0x00, 0x04, 0x67, 0x60, 0x08, 0x01, 0x00, 0x02, 0x66, 0x1e,
  0x20, 0x2a, 0x00, 0x10, 0x00, 0x41, 0x00, 0x08, 0x35, 0x41, 0x00, 0x0c,
  0x4a, 0x80, 0x66, 0x00, 0xff, 0x60, 0x60, 0xa0, 0x91, 0xc8, 0x25, 0x48,
  0x00, 0x08, 0x60, 0x00, 0xff, 0x6a, 0x20, 0x2a, 0x00, 0x30, 0x67, 0x1e,
  0x41, 0xea, 0x00, 0x40, 0xb1, 0xc0, 0x67, 0x12, 0x2f, 0x00, 0x2f, 0x2f,
  0x00, 0x0c, 0x4e, 0xb9, 0x00, 0x00, 0x05, 0x7c, 0x32, 0x2a, 0x00, 0x0c,
  0x50, 0x8f, 0x42, 0xaa, 0x00, 0x30, 0x02, 0x41, 0xff, 0xdb, 0x42, 0xaa,
  0x00, 0x04, 0x20, 0x2a, 0x00, 0x10, 0x24, 0x80, 0x00, 0x41, 0x00, 0x08,
  0x35, 0x41, 0x00, 0x0c, 0x60, 0xb2, 0x70, 0x09, 0x20, 0x6f, 0x00, 0x08,
  0x20, 0x80, 0x00, 0x41, 0x00, 0x40, 0x35, 0x41, 0x00, 0x0c, 0x70, 0xff,
  0x60, 0x00, 0xff, 0x42, 0x4e, 0x75, 0x8b, 0x5f, 0x5f, 0x73, 0x77, 0x73,
  0x65, 0x74, 0x75, 0x70, 0x5f, 0x72, 0x00, 0x00, 0x48, 0x78, 0x00, 0x06,
  0x4e, 0xb9, 0x00, 0x00, 0x78, 0x12, 0x48, 0x78, 0x00, 0x01, 0x4e, 0xb9,
  0x00, 0x00, 0x06, 0x24, 0x4e, 0x75, 0x85, 0x61, 0x62, 0x6f, 0x72, 0x74,
  0x00, 0x00, 0x48, 0xe7, 0x18, 0x30, 0x26, 0x6f, 0x00, 0x14, 0x24, 0x6f,
  0x00, 0x18, 0x32, 0x2a, 0x00, 0x0c, 0x08, 0x01, 0x00, 0x03, 0x66, 0x00,
  0x00, 0xb4, 0x34, 0x01, 0x00, 0x42, 0x08, 0x00, 0x35, 0x42, 0x00, 0x0c,
  0x4a, 0xaa, 0x00, 0x04, 0x6f, 0x00, 0x01, 0x0c, 0x20, 0x6a, 0x00, 0x28,
  0xb0, 0xfc, 0x00, 0x00, 0x67, 0x00, 0x00, 0x8e, 0x26, 0x13, 0x42, 0x93,
  0x20, 0x2a, 0x00, 0x1c, 0x08, 0x01, 0x00, 0x0c, 0x67, 0x00, 0x01, 0x0a,
  0x20, 0x2a, 0x00, 0x50, 0x08, 0x02, 0x00, 0x02, 0x67, 0x0e, 0x90, 0xaa,
  0x00, 0x04, 0x4a, 0xaa, 0x00, 0x30, 0x67, 0x04, 0x90, 0xaa, 0x00, 0x3c,
  0x42, 0xa7, 0x2f, 0x00, 0x2f, 0x2a, 0x00, 0x1c, 0x2f, 0x0b, 0x4e, 0x90,
  0x4f, 0xef, 0x00, 0x10, 0x72, 0xff, 0xb2, 0x80, 0x66, 0x00, 0x01, 0x14,
  0x20, 0x53, 0x32, 0x2a, 0x00, 0x0c, 0xb0, 0xfc, 0x00, 0x00, 0x67, 0x00,
  0x01, 0x0a, 0x74, 0x1d, 0xb4, 0x88, 0x67, 0x08, 0x70, 0x16, 0xb0, 0x88,
  0x66, 0x00, 0x00, 0x94, 0x02, 0x41, 0xf7, 0xff, 0x35, 0x41, 0x00, 0x0c,
  0x42, 0xaa, 0x00, 0x04, 0x24, 0xaa, 0x00, 0x10, 0x26, 0x83, 0x20, 0x2a,
  0x00, 0x30, 0x67, 0x18, 0x41, 0xea, 0x00, 0x40, 0xb1, 0xc0, 0x67, 0x0c,
  0x2f, 0x00, 0x2f, 0x0b, 0x4e, 0xb9, 0x00, 0x00, 0x05, 0x7c, 0x50, 0x8f,
  0x42, 0xaa, 0x00, 0x30, 0x70, 0x00, 0x4c, 0xdf, 0x0c, 0x18, 0x4e, 0x75,
  0x28, 0x2a, 0x00, 0x10, 0x67, 0xf2, 0x26, 0x12, 0x96, 0x84, 0x24, 0x84,
  0x02, 0x41, 0x00, 0x03, 0x66, 0x64, 0x20, 0x2a, 0x00, 0x14, 0x25, 0x40,
  0x00, 0x08, 0x4a, 0x83, 0x6f, 0xda, 0x2f, 0x03, 0x2f, 0x04, 0x2f, 0x2a,
  0x00, 0x1c, 0x2f, 0x0b, 0x20, 0x6a, 0x00, 0x24, 0x4e, 0x90, 0x4f, 0xef,
  0x00, 0x10, 0x4a, 0x80, 0x6f, 0x20, 0xd8, 0x80, 0x96, 0x80, 0x4a, 0x83,
  0x6f, 0xba, 0x2f, 0x03, 0x2f, 0x04, 0x2f, 0x2a, 0x00, 0x1c, 0x2f, 0x0b,
  0x20, 0x6a, 0x00, 0x24, 0x4e, 0x90, 0x4f, 0xef, 0x00, 0x10, 0x4a, 0x80,
  0x6e, 0xe0, 0x32, 0x2a, 0x00, 0x0c, 0x00, 0x41, 0x00, 0x40, 0x35, 0x41,
  0x00, 0x0c, 0x70, 0xff, 0x4c, 0xdf, 0x0c, 0x18, 0x4e, 0x75, 0x4a, 0xaa,
  0x00, 0x3c, 0x6e, 0x00, 0xfe, 0xf0, 0x70, 0x00, 0x60, 0x84, 0x70, 0x00,
  0x25, 0x40, 0x00, 0x08, 0x4a, 0x83, 0x6e, 0x9e, 0x60, 0x00, 0xff, 0x76,
  0x48, 0x78, 0x00, 0x01, 0x42, 0xa7, 0x2f, 0x00, 0x2f, 0x0b, 0x4e, 0x90,
  0x4f, 0xef, 0x00, 0x10, 0x72, 0xff, 0xb2, 0x80, 0x67, 0x0c, 0x34, 0x2a,
  0x00, 0x0c, 0x20, 0x6a, 0x00, 0x28, 0x60, 0x00, 0xfe, 0xdc, 0x22, 0x13,
  0x67, 0xf0, 0x74, 0x1d, 0xb4, 0x81, 0x67, 0x06, 0x70, 0x16, 0xb0, 0x81,
  0x66, 0xa0, 0x26, 0x83, 0x70, 0x00, 0x60, 0x00, 0xff, 0x3e, 0x32, 0x2a,
  0x00, 0x0c, 0x34, 0x01, 0x02, 0x42, 0xf7, 0xff, 0x35, 0x42, 0x00, 0x0c,
  0x42, 0xaa, 0x00, 0x04, 0x24, 0xaa, 0x00, 0x10, 0x08, 0x01, 0x00, 0x0c,
  0x67, 0x00, 0xfe, 0xfe, 0x25, 0x40, 0x00, 0x50, 0x60, 0x00, 0xfe, 0xf6,
  0x4e, 0x75, 0x8a, 0x5f, 0x5f, 0x73, 0x66, 0x6c, 0x75, 0x73, 0x68, 0x5f,
  0x72, 0x00, 0x00, 0x00, 0x2f, 0x0b, 0x2f, 0x0a, 0x24, 0x6f, 0x00, 0x0c,
  0x26, 0x6f, 0x00, 0x10, 0xb4, 0xfc, 0x00, 0x00, 0x67, 0x06, 0x4a, 0xaa,
  0x00, 0x36, 0x67, 0x0e, 0x4a, 0x6b, 0x00, 0x0c, 0x66, 0x18, 0x70, 0x00,
  0x24, 0x5f, 0x26, 0x5f, 0x4e, 0x75, 0x2f, 0x0a, 0x4e, 0xb9, 0x00, 0x00,
  0x71, 0x26, 0x58, 0x8f, 0x4a, 0x6b, 0x00, 0x0c, 0x67, 0xe8, 0x2f, 0x4b,
  0x00, 0x10, 0x2f, 0x4a, 0x00, 0x0c, 0x24, 0x5f, 0x26, 0x5f, 0x4e, 0xf9,
  0x00, 0x00, 0x6d, 0x9a, 0x4e, 0x75, 0x89, 0x5f, 0x66, 0x66, 0x6c, 0x75,
  0x73, 0x68, 0x5f, 0x72, 0x00, 0x00, 0x48, 0x79, 0x00, 0x00, 0x7b, 0x68,
  0x2f, 0x2f, 0x00, 0x08, 0x4e, 0xb9, 0x00, 0x00, 0x76, 0x5e, 0x50, 0x8f,
  0x4e, 0x75, 0x8a, 0x5f, 0x63, 0x6c, 0x65, 0x61, 0x6e, 0x75, 0x70, 0x5f,
  0x72, 0x00, 0x00, 0x00, 0x48, 0xe7, 0x00, 0x38, 0x26, 0x6f, 0x00, 0x10,
  0x27, 0x7c, 0x00, 0x00, 0x6f, 0xae, 0x00, 0x3a, 0x42, 0xab, 0x02, 0xde,
  0x70, 0x03, 0x27, 0x40, 0x02, 0xe2, 0x41, 0xeb, 0x02, 0xea, 0x27, 0x48,
  0x02, 0xe6, 0x24, 0x6b, 0x00, 0x04, 0x42, 0x92, 0x42, 0xaa, 0x00, 0x04,
  0x42, 0xaa, 0x00, 0x08, 0x35, 0x7c, 0x00, 0x04, 0x00, 0x0c, 0x42, 0xaa,
  0x00, 0x64, 0x42, 0x6a, 0x00, 0x0e, 0x42, 0xaa, 0x00, 0x10, 0x42, 0xaa,
  0x00, 0x14, 0x42, 0xaa, 0x00, 0x18, 0x48, 0x78, 0x00, 0x08, 0x42, 0xa7,
  0x48, 0x6a, 0x00, 0x5c, 0x49, 0xf9, 0x00, 0x00, 0x0d, 0x64, 0x4e, 0x94,
  0x25, 0x4a, 0x00, 0x1c, 0x25, 0x7c, 0x00, 0x00, 0x78, 0x98, 0x00, 0x20,
  0x25, 0x7c, 0x00, 0x00, 0x78, 0xda, 0x00, 0x24, 0x25, 0x7c, 0x00, 0x00,
  0x79, 0x6e, 0x00, 0x28, 0x25, 0x7c, 0x00, 0x00, 0x79, 0xb8, 0x00, 0x2c,
  0x24, 0x6b, 0x00, 0x08, 0x42, 0x92, 0x42, 0xaa, 0x00, 0x04, 0x42, 0xaa,
  0x00, 0x08, 0x35, 0x7c, 0x00, 0x09, 0x00, 0x0c, 0x42, 0xaa, 0x00, 0x64,
  0x35, 0x7c, 0x00, 0x01, 0x00, 0x0e, 0x42, 0xaa, 0x00, 0x10, 0x42, 0xaa,
  0x00, 0x14, 0x42, 0xaa, 0x00, 0x18, 0x48, 0x78, 0x00, 0x08, 0x42, 0xa7,
  0x48, 0x6a, 0x00, 0x5c, 0x4e, 0x94, 0x25, 0x4a, 0x00, 0x1c, 0x25, 0x7c,
  0x00, 0x00, 0x78, 0x98, 0x00, 0x20, 0x25, 0x7c, 0x00, 0x00, 0x78, 0xda,
  0x00, 0x24, 0x25, 0x7c, 0x00, 0x00, 0x79, 0x6e, 0x00, 0x28, 0x25, 0x7c,
  0x00, 0x00, 0x79, 0xb8, 0x00, 0x2c, 0x24, 0x6b, 0x00, 0x0c, 0x42, 0x92,
  0x42, 0xaa, 0x00, 0x04, 0x42, 0xaa, 0x00, 0x08, 0x35, 0x7c, 0x00, 0x12,
  0x00, 0x0c, 0x42, 0xaa, 0x00, 0x64, 0x35, 0x7c, 0x00, 0x02, 0x00, 0x0e,
  0x42, 0xaa, 0x00, 0x10, 0x42, 0xaa, 0x00, 0x14, 0x42, 0xaa, 0x00, 0x18,
  0x48, 0x78, 0x00, 0x08, 0x42, 0xa7, 0x48, 0x6a, 0x00, 0x5c, 0x4e, 0x94,
  0x25, 0x4a, 0x00, 0x1c, 0x25, 0x7c, 0x00, 0x00, 0x78, 0x98, 0x00, 0x20,
  0x25, 0x7c, 0x00, 0x00, 0x78, 0xda, 0x00, 0x24, 0x25, 0x7c, 0x00, 0x00,
  0x79, 0x6e, 0x00, 0x28, 0x25, 0x7c, 0x00, 0x00, 0x79, 0xb8, 0x00, 0x2c,
  0x70, 0x01, 0x27, 0x40, 0x00, 0x36, 0x4f, 0xef, 0x00, 0x24, 0x4c, 0xdf,
  0x1c, 0x00, 0x4e, 0x75, 0x8e, 0x5f, 0x5f, 0x73, 0x69, 0x6e, 0x69, 0x74,
  0x2e, 0x70, 0x61, 0x72, 0x74, 0x2e, 0x30, 0x00, 0x00, 0x00, 0x20, 0x6f,
  0x00, 0x04, 0x4a, 0xa8, 0x00, 0x36, 0x67, 0x02, 0x4e, 0x75, 0x4e, 0xf9,
  0x00, 0x00, 0x6f, 0xd0, 0x4e, 0x75, 0x87, 0x5f, 0x5f, 0x73, 0x69, 0x6e,
  0x69, 0x74, 0x00, 0x00, 0x4e, 0x75, 0x92, 0x5f, 0x5f, 0x73, 0x66, 0x70,
  0x5f, 0x6c, 0x6f, 0x63, 0x6b, 0x5f, 0x61, 0x63, 0x71, 0x75, 0x69, 0x72,
  0x65, 0x00, 0x00, 0x00, 0x4e, 0x75, 0x92, 0x5f, 0x5f, 0x73, 0x66, 0x70,
  0x5f, 0x6c, 0x6f, 0x63, 0x6b, 0x5f, 0x72, 0x65, 0x6c, 0x65, 0x61, 0x73,
  0x65, 0x00, 0x00, 0x00, 0x4e, 0x56, 0xff, 0xfc, 0x48, 0xe7, 0x18, 0x20,
  0x28, 0x2e, 0x00, 0x08, 0x26, 0x2e, 0x00, 0x0c, 0x24, 0x6e, 0x00, 0x10,
  0x4e, 0xb9, 0x00, 0x00, 0x49, 0xba, 0x53, 0x80, 0x66, 0x44, 0x20, 0x03,
  0x53, 0x80, 0x0c, 0x80, 0x00, 0x00, 0x00, 0xfe, 0x62, 0x38, 0x1d, 0x43,
  0xff, 0xff, 0x14, 0x2e, 0xff, 0xff, 0x22, 0x2a, 0x00, 0x08, 0x53, 0x81,
  0x25, 0x41, 0x00, 0x08, 0x6a, 0x0c, 0xb2, 0xaa, 0x00, 0x18, 0x6d, 0x42,
  0x0c, 0x02, 0x00, 0x0a, 0x67, 0x3c, 0x22, 0x12, 0x20, 0x01, 0x52, 0x80,
  0x24, 0x80, 0x20, 0x41, 0x10, 0x82, 0x20, 0x03, 0x4c, 0xee, 0x04, 0x18,
  0xff, 0xf0, 0x4e, 0x5e, 0x4e, 0x75, 0x48, 0x6a, 0x00, 0x5c, 0x2f, 0x03,
  0x48, 0x6e, 0xff, 0xff, 0x2f, 0x04, 0x4e, 0xb9, 0x00, 0x00, 0x7a, 0xf8,
  0x4f, 0xef, 0x00, 0x10, 0x72, 0xff, 0xb2, 0x80, 0x67, 0x2e, 0x4a, 0x80,
  0x66, 0xac, 0x20, 0x03, 0x60, 0xd2, 0x2f, 0x0a, 0x02, 0x82, 0x00, 0x00,
  0x00, 0xff, 0x2f, 0x02, 0x2f, 0x04, 0x4e, 0xb9, 0x00, 0x00, 0x79, 0xd8,
  0x4f, 0xef, 0x00, 0x0c, 0x52, 0x80, 0x66, 0xb6, 0x70, 0xff, 0x4c, 0xee,
  0x04, 0x18, 0xff, 0xf0, 0x4e, 0x5e, 0x4e, 0x75, 0x00, 0x6a, 0x00, 0x40,
  0x00, 0x0c, 0x70, 0xff, 0x60, 0xec, 0x4e, 0x75, 0x88, 0x5f, 0x5f, 0x66,
  0x70, 0x75, 0x74, 0x77, 0x63, 0x00, 0x00, 0x00, 0x22, 0x2f, 0x00, 0x04,
  0x22, 0x6f, 0x00, 0x08, 0x20, 0x6f, 0x00, 0x0c, 0x30, 0x28, 0x00, 0x0c,
  0x08, 0x00, 0x00, 0x0d, 0x66, 0x0e, 0x00, 0x40, 0x20, 0x00, 0x31, 0x40,
  0x00, 0x0c, 0x00, 0x68, 0x20, 0x00, 0x00, 0x66, 0x2f, 0x48, 0x00, 0x0c,
  0x2f, 0x49, 0x00, 0x08, 0x2f, 0x41, 0x00, 0x04, 0x4e, 0xf9, 0x00, 0x00,
  0x71, 0x74, 0x4e, 0x75, 0x89, 0x5f, 0x66, 0x70, 0x75, 0x74, 0x77, 0x63,
  0x5f, 0x72, 0x00, 0x00, 0x59, 0x8f, 0x48, 0xe7, 0x1f, 0x3a, 0x24, 0x6f,
  0x00, 0x30, 0x26, 0x6f, 0x00, 0x34, 0x4a, 0xab, 0x00, 0x08, 0x67, 0x00,
  0x00, 0xfa, 0x30, 0x2a, 0x00, 0x0c, 0x08, 0x00, 0x00, 0x03, 0x67, 0x00,
  0x00, 0xf8, 0x4a, 0xaa, 0x00, 0x10, 0x67, 0x00, 0x00, 0xf0, 0x28, 0x53,
  0x08, 0x00, 0x00, 0x01, 0x67, 0x60, 0x78, 0x00, 0x76, 0x00, 0x22, 0x6a,
  0x00, 0x24, 0x20, 0x6a, 0x00, 0x1c, 0x2a, 0x3c, 0x7f, 0xff, 0xfc, 0x00,
  0x4a, 0x83, 0x67, 0x40, 0x22, 0x03, 0x0c, 0x83, 0x7f, 0xff, 0xfc, 0x00,
  0x63, 0x02, 0x22, 0x05, 0x2f, 0x01, 0x2f, 0x04, 0x2f, 0x08, 0x2f, 0x2f,
  0x00, 0x38, 0x4e, 0x91, 0x4f, 0xef, 0x00, 0x10, 0x4a, 0x80, 0x6f, 0x00,
  0x00, 0xd6, 0xd8, 0x80, 0x96, 0x80, 0x22, 0x2b, 0x00, 0x08, 0x92, 0x80,
  0x27, 0x41, 0x00, 0x08, 0x67, 0x00, 0x00, 0x94, 0x22, 0x6a, 0x00, 0x24,
  0x20, 0x6a, 0x00, 0x1c, 0x4a, 0x83, 0x66, 0xc0, 0x28, 0x14, 0x26, 0x2c,
  0x00, 0x04, 0x50, 0x8c, 0x60, 0xb2, 0x08, 0x00, 0x00, 0x00, 0x67, 0x00,
  0x01, 0x10, 0x76, 0x00, 0x70, 0x00, 0x78, 0x00, 0x7e, 0x00, 0x4d, 0xf9,
  0x00, 0x00, 0x6f, 0x58, 0x2c, 0x2f, 0x00, 0x2c, 0x4a, 0x87, 0x67, 0x00,
  0x00, 0xa4, 0x4a, 0x80, 0x67, 0x00, 0x00, 0xaa, 0x20, 0x03, 0x22, 0x07,
  0xb0, 0x87, 0x64, 0x02, 0x22, 0x00, 0x2a, 0x2a, 0x00, 0x08, 0x20, 0x2a,
  0x00, 0x14, 0x20, 0x52, 0xb1, 0xea, 0x00, 0x10, 0x63, 0x08, 0xda, 0x80,
  0xba, 0x81, 0x6d, 0x00, 0x00, 0xac, 0xb2, 0x80, 0x6d, 0x00, 0x02, 0x68,
  0x2f, 0x00, 0x2f, 0x04, 0x2f, 0x2a, 0x00, 0x1c, 0x2f, 0x06, 0x20, 0x6a,
  0x00, 0x24, 0x4e, 0x90, 0x2a, 0x00, 0x4f, 0xef, 0x00, 0x10, 0x6f, 0x46,
  0x96, 0x85, 0x67, 0x36, 0x70, 0x01, 0xd8, 0x85, 0x9e, 0x85, 0x22, 0x2b,
  0x00, 0x08, 0x92, 0x85, 0x27, 0x41, 0x00, 0x08, 0x66, 0x9e, 0x70, 0x00,
  0x4c, 0xdf, 0x5c, 0xf8, 0x58, 0x8f, 0x4e, 0x75, 0x2f, 0x0a, 0x2f, 0x2f,
  0x00, 0x30, 0x4e, 0xb9, 0x00, 0x00, 0x6c, 0x40, 0x50, 0x8f, 0x4a, 0x80,
  0x66, 0x20, 0x30, 0x2a, 0x00, 0x0c, 0x60, 0x00, 0xfe, 0xfa, 0x2f, 0x0a,
  0x2f, 0x06, 0x4e, 0x96, 0x50, 0x8f, 0x4a, 0x80, 0x67, 0xc0, 0x30, 0x2a,
  0x00, 0x0c, 0x00, 0x40, 0x00, 0x40, 0x35, 0x40, 0x00, 0x0c, 0x70, 0xff,
  0x4c, 0xdf, 0x5c, 0xf8, 0x58, 0x8f, 0x4e, 0x75, 0x2e, 0x2c, 0x00, 0x04,
  0x20, 0x4c, 0x50, 0x8c, 0x67, 0xf6, 0x28, 0x10, 0x2f, 0x07, 0x48, 0x78,
  0x00, 0x0a, 0x2f, 0x04, 0x4e, 0xb9, 0x00, 0x00, 0x4a, 0x32, 0x4f, 0xef,
  0x00, 0x0c, 0x4a, 0x80, 0x67, 0x00, 0x02, 0x38, 0x52, 0x80, 0x26, 0x00,
  0x96, 0x84, 0x20, 0x03, 0x60, 0x00, 0xff, 0x38, 0x2f, 0x05, 0x2f, 0x04,
  0x2f, 0x08, 0x4e, 0xb9, 0x00, 0x00, 0x58, 0x84, 0xdb, 0x92, 0x2f, 0x0a,
  0x2f, 0x06, 0x4e, 0x96, 0x4f, 0xef, 0x00, 0x14, 0x4a, 0x80, 0x67, 0x00,
  0xff, 0x58, 0x30, 0x2a, 0x00, 0x0c, 0x60, 0x9a, 0x78, 0x00, 0x7c, 0x00,
  0x22, 0x12, 0x26, 0x2a, 0x00, 0x08, 0x4d, 0xf9, 0x00, 0x00, 0x58, 0x84,
  0x20, 0x41, 0x2a, 0x03, 0x4a, 0x86, 0x67, 0x00, 0x00, 0xd4, 0x08, 0x00,
  0x00, 0x09, 0x67, 0x00, 0x00, 0xd8, 0xbc, 0x83, 0x65, 0x00, 0x01, 0x5a,
  0x34, 0x00, 0x02, 0x42, 0x04, 0x80, 0x67, 0x00, 0x00, 0x82, 0x24, 0x2a,
  0x00, 0x10, 0x26, 0x01, 0x96, 0x82, 0x22, 0x2a, 0x00, 0x14, 0x2e, 0x01,
  0xde, 0x81, 0xde, 0x81, 0x2e, 0x07, 0x6a, 0x02, 0x52, 0x87, 0xe2, 0x87,
  0x20, 0x46, 0x43, 0xf0, 0x38, 0x01, 0x22, 0x07, 0xbe, 0x89, 0x64, 0x04,
  0x2e, 0x09, 0x22, 0x09, 0x08, 0x00, 0x00, 0x0a, 0x67, 0x00, 0x01, 0x60,
  0x2f, 0x01, 0x2f, 0x2f, 0x00, 0x30, 0x4e, 0xb9, 0x00, 0x00, 0x05, 0x2c,
  0x2a, 0x00, 0x50, 0x8f, 0x67, 0x00, 0x01, 0x9a, 0x2f, 0x03, 0x2f, 0x2a,
  0x00, 0x10, 0x2f, 0x00, 0x4e, 0xb9, 0x00, 0x00, 0x0c, 0xf4, 0x30, 0x2a,
  0x00, 0x0c, 0x02, 0x40, 0xfb, 0x7f, 0x00, 0x40, 0x00, 0x80, 0x35, 0x40,
  0x00, 0x0c, 0x4f, 0xef, 0x00, 0x0c, 0x25, 0x45, 0x00, 0x10, 0x20, 0x45,
  0xd1, 0xc3, 0x24, 0x88, 0x25, 0x47, 0x00, 0x14, 0x2a, 0x06, 0x9e, 0x83,
  0x25, 0x47, 0x00, 0x08, 0x26, 0x06, 0x2f, 0x03, 0x2f, 0x04, 0x2f, 0x08,
  0x4e, 0x96, 0x9b, 0xaa, 0x00, 0x08, 0xd7, 0x92, 0x4f, 0xef, 0x00, 0x0c,
  0x26, 0x06, 0x7c, 0x00, 0xd8, 0x83, 0x20, 0x2b, 0x00, 0x08, 0x90, 0x83,
  0x27, 0x40, 0x00, 0x08, 0x67, 0x00, 0xfe, 0x90, 0x30, 0x2a, 0x00, 0x0c,
  0x22, 0x12, 0x26, 0x2a, 0x00, 0x08, 0x20, 0x41, 0x2a, 0x03, 0x4a, 0x86,
  0x66, 0x00, 0xff, 0x30, 0x28, 0x14, 0x2c, 0x2c, 0x00, 0x04, 0x50, 0x8c,
  0x60, 0x00, 0xff, 0x1a, 0xb2, 0xaa, 0x00, 0x10, 0x62, 0x46, 0x20, 0x2a,
  0x00, 0x14, 0xbc, 0x80, 0x65, 0x3e, 0x26, 0x06, 0x0c, 0x86, 0x7f, 0xff,
  0xff, 0xff, 0x63, 0x06, 0x26, 0x3c, 0x7f, 0xff, 0xff, 0xff, 0x2f, 0x00,
  0x2f, 0x03, 0x4e, 0xb9, 0x00, 0x00, 0x7d, 0x30, 0x50, 0x8f, 0x96, 0x80,
  0x2f, 0x03, 0x2f, 0x04, 0x2f, 0x2a, 0x00, 0x1c, 0x2f, 0x2f, 0x00, 0x38,
  0x20, 0x6a, 0x00, 0x24, 0x4e, 0x90, 0x26, 0x00, 0x4f, 0xef, 0x00, 0x10,
  0x6f, 0x00, 0xfe, 0x58, 0x9c, 0x83, 0x60, 0x84, 0xbc, 0x83, 0x64, 0x02,
  0x26, 0x06, 0x2f, 0x03, 0x2f, 0x04, 0x2f, 0x01, 0x4e, 0x96, 0x20, 0x2a,
  0x00, 0x08, 0x90, 0x83, 0x25, 0x40, 0x00, 0x08, 0xd7, 0x92, 0x4f, 0xef,
  0x00, 0x0c, 0x4a, 0x80, 0x66, 0xda, 0x2f, 0x0a, 0x2f, 0x2f, 0x00, 0x30,
  0x4e, 0xb9, 0x00, 0x00, 0x6f, 0x58, 0x50, 0x8f, 0x4a, 0x80, 0x66, 0x00,
  0xfe, 0x1e, 0x9c, 0x83, 0x60, 0x00, 0xff, 0x4a, 0x2a, 0x06, 0x26, 0x06,
  0x2f, 0x03, 0x2f, 0x04, 0x2f, 0x08, 0x4e, 0x96, 0x9b, 0xaa, 0x00, 0x08,
  0xd7, 0x92, 0x4f, 0xef, 0x00, 0x0c, 0x26, 0x06, 0x7c, 0x00, 0x60, 0x00,
  0xff, 0x2c, 0x2f, 0x01, 0x2f, 0x04, 0x2f, 0x08, 0x2f, 0x41, 0x00, 0x30,
  0x4e, 0xb9, 0x00, 0x00, 0x58, 0x84, 0x22, 0x2f, 0x00, 0x30, 0x93, 0xaa,
  0x00, 0x08, 0xd3, 0x92, 0x4f, 0xef, 0x00, 0x0c, 0x2a, 0x01, 0x60, 0x00,
  0xfd, 0x90, 0x2f, 0x01, 0x2f, 0x02, 0x2f, 0x2f, 0x00, 0x34, 0x4e, 0xb9,
  0x00, 0x00, 0x05, 0x94, 0x2a, 0x00, 0x4f, 0xef, 0x00, 0x0c, 0x66, 0x00,
  0xfe, 0xc2, 0x2f, 0x2a, 0x00, 0x10, 0x2f, 0x2f, 0x00, 0x30, 0x4e, 0xb9,
  0x00, 0x00, 0x05, 0x7c, 0x30, 0x2a, 0x00, 0x0c, 0x02, 0x40, 0xff, 0x7f,
  0x72, 0x0c, 0x20, 0x6f, 0x00, 0x34, 0x20, 0x81, 0x50, 0x8f, 0x00, 0x40,
  0x00, 0x40, 0x35, 0x40, 0x00, 0x0c, 0x60, 0x00, 0xfd, 0x9e, 0x20, 0x07,
  0x52, 0x80, 0x26, 0x00, 0x60, 0x00, 0xfd, 0x04, 0x70, 0x0c, 0x20, 0x6f,
  0x00, 0x2c, 0x20, 0x80, 0x30, 0x2a, 0x00, 0x0c, 0x00, 0x40, 0x00, 0x40,
  0x35, 0x40, 0x00, 0x0c, 0x60, 0x00, 0xfd, 0x7c, 0x4e, 0x75, 0x8c, 0x5f,
  0x5f, 0x73, 0x66, 0x76, 0x77, 0x72, 0x69, 0x74, 0x65, 0x5f, 0x72, 0x00,
  0x00, 0x00, 0x48, 0xe7, 0x1c, 0x38, 0x2a, 0x2f, 0x00, 0x1c, 0x28, 0x6f,
  0x00, 0x20, 0x26, 0x45, 0x47, 0xeb, 0x02, 0xde, 0x78, 0x00, 0x24, 0x6b,
  0x00, 0x08, 0x26, 0x2b, 0x00, 0x04, 0x53, 0x83, 0x6b, 0x28, 0x0c, 0x6a,
  0x00, 0x01, 0x00, 0x0c, 0x63, 0x12, 0x0c, 0x6a, 0xff, 0xff, 0x00, 0x0e,
  0x67, 0x0a, 0x2f, 0x0a, 0x2f, 0x05, 0x4e, 0x94, 0x88, 0x80, 0x50, 0x8f,
  0x45, 0xea, 0x00, 0x68, 0x51, 0xcb, 0xff, 0xe0, 0x42, 0x43, 0x53, 0x83,
  0x64, 0xd8, 0x26, 0x53, 0xb6, 0xfc, 0x00, 0x00, 0x66, 0xc4, 0x20, 0x04,
  0x4c, 0xdf, 0x1c, 0x38, 0x4e, 0x75, 0x8c, 0x5f, 0x66, 0x77, 0x61, 0x6c,
  0x6b, 0x5f, 0x72, 0x65, 0x65, 0x6e, 0x74, 0x00, 0x00, 0x00, 0x4e, 0x56,
  0xff, 0xb8, 0x48, 0xe7, 0x1c, 0x30, 0x26, 0x6e, 0x00, 0x08, 0x24, 0x6e,
  0x00, 0x0c, 0x30, 0x2a, 0x00, 0x0c, 0x08, 0x00, 0x00, 0x01, 0x67, 0x1a,
  0x41, 0xea, 0x00, 0x43, 0x24, 0x88, 0x25, 0x48, 0x00, 0x10, 0x70, 0x01,
  0x25, 0x40, 0x00, 0x14, 0x4c, 0xee, 0x0c, 0x38, 0xff, 0xa4, 0x4e, 0x5e,
  0x4e, 0x75, 0x32, 0x2a, 0x00, 0x0e, 0x6b, 0x00, 0x00, 0x84, 0x48, 0x6e,
  0xff, 0xb8, 0x30, 0x41, 0x2f, 0x08, 0x2f, 0x0b, 0x4e, 0xb9, 0x00, 0x00,
  0x07, 0x4e, 0x4f, 0xef, 0x00, 0x0c, 0x4a, 0x80, 0x6d, 0x66, 0x26, 0x2e,
  0xff, 0xbc, 0x02, 0x83, 0x00, 0x00, 0xf0, 0x00, 0x0c, 0x83, 0x00, 0x00,
  0x20, 0x00, 0x57, 0xc3, 0x48, 0x83, 0x48, 0xc3, 0x44, 0x83, 0x28, 0x3c,
  0x00, 0x00, 0x04, 0x00, 0x2a, 0x3c, 0x00, 0x00, 0x08, 0x00, 0x2f, 0x04,
  0x2f, 0x0b, 0x4e, 0xb9, 0x00, 0x00, 0x05, 0x2c, 0x50, 0x8f, 0x4a, 0x80,
  0x67, 0x50, 0x27, 0x7c, 0x00, 0x00, 0x6f, 0xae, 0x00, 0x3a, 0x32, 0x2a,
  0x00, 0x0c, 0x00, 0x41, 0x00, 0x80, 0x35, 0x41, 0x00, 0x0c, 0x24, 0x80,
  0x25, 0x40, 0x00, 0x10, 0x25, 0x44, 0x00, 0x14, 0x4a, 0x83, 0x66, 0x66,
  0x82, 0x45, 0x35, 0x41, 0x00, 0x0c, 0x4c, 0xee, 0x0c, 0x38, 0xff, 0xa4,
  0x4e, 0x5e, 0x4e, 0x75, 0x30, 0x2a, 0x00, 0x0c, 0x76, 0x00, 0x4a, 0x00,
  0x6a, 0x40, 0x78, 0x40, 0x7a, 0x00, 0x2f, 0x04, 0x2f, 0x0b, 0x4e, 0xb9,
  0x00, 0x00, 0x05, 0x2c, 0x50, 0x8f, 0x4a, 0x80, 0x66, 0xb0, 0x30, 0x2a,
  0x00, 0x0c, 0x08, 0x00, 0x00, 0x09, 0x66, 0x00, 0xff, 0x48, 0x02, 0x40,
  0xff, 0xfc, 0x00, 0x40, 0x00, 0x02, 0x35, 0x40, 0x00, 0x0c, 0x41, 0xea,
  0x00, 0x43, 0x24, 0x88, 0x25, 0x48, 0x00, 0x10, 0x70, 0x01, 0x25, 0x40,
  0x00, 0x14, 0x60, 0x00, 0xff, 0x28, 0x28, 0x3c, 0x00, 0x00, 0x04, 0x00,
  0x7a, 0x00, 0x60, 0x00, 0xff, 0x6a, 0x30, 0x6a, 0x00, 0x0e, 0x2f, 0x08,
  0x2f, 0x0b, 0x4e, 0xb9, 0x00, 0x00, 0x07, 0xf8, 0x50, 0x8f, 0x32, 0x2a,
  0x00, 0x0c, 0x4a, 0x80, 0x67, 0x82, 0x02, 0x41, 0xff, 0xfc, 0x00, 0x41,
  0x00, 0x01, 0x82, 0x45, 0x35, 0x41, 0x00, 0x0c, 0x60, 0x00, 0xff, 0x78,
  0x4e, 0x75, 0x8c, 0x5f, 0x5f, 0x73, 0x6d, 0x61, 0x6b, 0x65, 0x62, 0x75,
  0x66, 0x5f, 0x72, 0x00, 0x00, 0x00, 0x2f, 0x0a, 0x2f, 0x03, 0x26, 0x2f,
  0x00, 0x0c, 0x24, 0x79, 0x00, 0x00, 0x8f, 0x8c, 0x70, 0x1f, 0xb0, 0x83,
  0x65, 0x5e, 0x20, 0x2a, 0x02, 0xda, 0x67, 0x2e, 0x22, 0x03, 0xd2, 0x83,
  0xd2, 0x81, 0x20, 0x40, 0xd1, 0xc1, 0x22, 0x50, 0xb2, 0xfc, 0x00, 0x00,
  0x67, 0x1c, 0x70, 0x01, 0xb0, 0x89, 0x67, 0x0e, 0x70, 0xff, 0xb0, 0x89,
  0x67, 0x2e, 0x42, 0x90, 0x2f, 0x03, 0x4e, 0x91, 0x58, 0x8f, 0x70, 0x00,
  0x26, 0x1f, 0x24, 0x5f, 0x4e, 0x75, 0x2f, 0x0a, 0x4e, 0xb9, 0x00, 0x00,
  0x07, 0xe8, 0x2f, 0x03, 0x2f, 0x00, 0x2f, 0x0a, 0x4e, 0xb9, 0x00, 0x00,
  0x07, 0xcc, 0x4f, 0xef, 0x00, 0x10, 0x26, 0x1f, 0x24, 0x5f, 0x4e, 0x75,
  0x70, 0x16, 0x24, 0x80, 0x70, 0x01, 0x26, 0x1f, 0x24, 0x5f, 0x4e, 0x75,
  0x70, 0x16, 0x24, 0x80, 0x70, 0xff, 0x26, 0x1f, 0x24, 0x5f, 0x4e, 0x75,
  0x85, 0x72, 0x61, 0x69, 0x73, 0x65, 0x00, 0x00, 0x2f, 0x0a, 0x24, 0x6f,
  0x00, 0x0c, 0x2f, 0x2f, 0x00, 0x14, 0x2f, 0x2f, 0x00, 0x14, 0x30, 0x6a,
  0x00, 0x0e, 0x2f, 0x08, 0x2f, 0x2f, 0x00, 0x14, 0x4e, 0xb9, 0x00, 0x00,
  0x06, 0x8a, 0x4f, 0xef, 0x00, 0x10, 0x4a, 0x80, 0x6d, 0x08, 0xd1, 0xaa,
  0x00, 0x50, 0x24, 0x5f, 0x4e, 0x75, 0x02, 0x6a, 0xef, 0xff, 0x00, 0x0c,
  0x24, 0x5f, 0x4e, 0x75, 0x87, 0x5f, 0x5f, 0x73, 0x72, 0x65, 0x61, 0x64,
  0x00, 0x00, 0x48, 0xe7, 0x1c, 0x20, 0x26, 0x2f, 0x00, 0x14, 0x24, 0x6f,
  0x00, 0x18, 0x28, 0x2f, 0x00, 0x1c, 0x2a, 0x2f, 0x00, 0x20, 0x30, 0x2a,
  0x00, 0x0c, 0x08, 0x00, 0x00, 0x08, 0x66, 0x26, 0x02, 0x40, 0xef, 0xff,
  0x35, 0x40, 0x00, 0x0c, 0x2f, 0x45, 0x00, 0x20, 0x2f, 0x44, 0x00, 0x1c,
  0x34, 0x6a, 0x00, 0x0e, 0x2f, 0x4a, 0x00, 0x18, 0x2f, 0x43, 0x00, 0x14,
  0x4c, 0xdf, 0x04, 0x38, 0x4e, 0xf9, 0x00, 0x00, 0x06, 0x32, 0x48, 0x78,
  0x00, 0x02, 0x42, 0xa7, 0x30, 0x6a, 0x00, 0x0e, 0x2f, 0x08, 0x2f, 0x03,
  0x4e, 0xb9, 0x00, 0x00, 0x07, 0x5e, 0x30, 0x2a, 0x00, 0x0c, 0x4f, 0xef,
  0x00, 0x10, 0x02, 0x40, 0xef, 0xff, 0x35, 0x40, 0x00, 0x0c, 0x2f, 0x45,
  0x00, 0x20, 0x2f, 0x44, 0x00, 0x1c, 0x34, 0x6a, 0x00, 0x0e, 0x2f, 0x4a,
  0x00, 0x18, 0x2f, 0x43, 0x00, 0x14, 0x4c, 0xdf, 0x04, 0x38, 0x4e, 0xf9,
  0x00, 0x00, 0x06, 0x32, 0x4e, 0x75, 0x88, 0x5f, 0x5f, 0x73, 0x77, 0x72,
  0x69, 0x74, 0x65, 0x00, 0x00, 0x00, 0x2f, 0x0a, 0x24, 0x6f, 0x00, 0x0c,
  0x2f, 0x2f, 0x00, 0x14, 0x2f, 0x2f, 0x00, 0x14, 0x30, 0x6a, 0x00, 0x0e,
  0x2f, 0x08, 0x2f, 0x2f, 0x00, 0x14, 0x4e, 0xb9, 0x00, 0x00, 0x07, 0x5e,
  0x4f, 0xef, 0x00, 0x10, 0x72, 0xff, 0xb2, 0x80, 0x67, 0x0e, 0x00, 0x6a,
  0x10, 0x00, 0x00, 0x0c, 0x25, 0x40, 0x00, 0x50, 0x24, 0x5f, 0x4e, 0x75,
  0x02, 0x6a, 0xef, 0xff, 0x00, 0x0c, 0x24, 0x5f, 0x4e, 0x75, 0x87, 0x5f,
  0x5f, 0x73, 0x73, 0x65, 0x65, 0x6b, 0x00, 0x00, 0x20, 0x6f, 0x00, 0x08,
  0x30, 0x68, 0x00, 0x0e, 0x2f, 0x48, 0x00, 0x08, 0x4e, 0xf9, 0x00, 0x00,
  0x06, 0xe0, 0x4e, 0x75, 0x88, 0x5f, 0x5f, 0x73, 0x63, 0x6c, 0x6f, 0x73,
  0x65, 0x00, 0x00, 0x00, 0x48, 0xe7, 0x10, 0x30, 0x26, 0x6f, 0x00, 0x10,
  0x24, 0x6f, 0x00, 0x18, 0xb6, 0xfc, 0x00, 0x00, 0x67, 0x08, 0x4a, 0xab,
  0x00, 0x36, 0x67, 0x00, 0x00, 0xec, 0x25, 0x6a, 0x00, 0x18, 0x00, 0x08,
  0x30, 0x2a, 0x00, 0x0c, 0x08, 0x00, 0x00, 0x03, 0x67, 0x54, 0x20, 0x6a,
  0x00, 0x10, 0xb0, 0xfc, 0x00, 0x00, 0x67, 0x4a, 0x76, 0x00, 0x46, 0x03,
  0xc6, 0xaf, 0x00, 0x14, 0x08, 0x00, 0x00, 0x0d, 0x67, 0x62, 0x22, 0x12,
  0x20, 0x01, 0x90, 0x88, 0xb0, 0xaa, 0x00, 0x14, 0x6c, 0x70, 0x52, 0x80,
  0x53, 0xaa, 0x00, 0x08, 0x24, 0x01, 0x52, 0x82, 0x24, 0x82, 0x20, 0x41,
  0x10, 0xaf, 0x00, 0x17, 0xb0, 0xaa, 0x00, 0x14, 0x67, 0x00, 0x00, 0x82,
  0x08, 0x2a, 0x00, 0x00, 0x00, 0x0d, 0x67, 0x06, 0x70, 0x0a, 0xb0, 0x83,
  0x67, 0x72, 0x20, 0x03, 0x4c, 0xdf, 0x0c, 0x08, 0x4e, 0x75, 0x2f, 0x0a,
  0x2f, 0x0b, 0x4e, 0xb9, 0x00, 0x00, 0x6c, 0x40, 0x50, 0x8f, 0x4a, 0x80,
  0x66, 0x6c, 0x30, 0x2a, 0x00, 0x0c, 0x20, 0x6a, 0x00, 0x10, 0x76, 0x00,
  0x46, 0x03, 0xc6, 0xaf, 0x00, 0x14, 0x08, 0x00, 0x00, 0x0d, 0x66, 0x9e,
  0x00, 0x40, 0x20, 0x00, 0x35, 0x40, 0x00, 0x0c, 0x02, 0x6a, 0xdf, 0xff,
  0x00, 0x66, 0x22, 0x12, 0x20, 0x01, 0x90, 0x88, 0xb0, 0xaa, 0x00, 0x14,
  0x6d, 0x90, 0x2f, 0x0a, 0x2f, 0x0b, 0x4e, 0xb9, 0x00, 0x00, 0x6f, 0x58,
  0x50, 0x8f, 0x4a, 0x80, 0x66, 0x2c, 0x22, 0x12, 0x70, 0x01, 0x53, 0xaa,
  0x00, 0x08, 0x24, 0x01, 0x52, 0x82, 0x24, 0x82, 0x20, 0x41, 0x10, 0xaf,
  0x00, 0x17, 0xb0, 0xaa, 0x00, 0x14, 0x66, 0x80, 0x2f, 0x0a, 0x2f, 0x0b,
  0x4e, 0xb9, 0x00, 0x00, 0x6f, 0x58, 0x50, 0x8f, 0x4a, 0x80, 0x67, 0x00,
  0xff, 0x7e, 0x76, 0xff, 0x20, 0x03, 0x4c, 0xdf, 0x0c, 0x08, 0x4e, 0x75,
  0x2f, 0x0b, 0x4e, 0xb9, 0x00, 0x00, 0x71, 0x26, 0x58, 0x8f, 0x60, 0x00,
  0xff, 0x0a, 0x4e, 0x75, 0x89, 0x5f, 0x5f, 0x73, 0x77, 0x62, 0x75, 0x66,
  0x5f, 0x72, 0x00, 0x00, 0x4e, 0x56, 0xff, 0xf4, 0x22, 0x2e, 0x00, 0x0c,
  0x20, 0x79, 0x00, 0x00, 0x94, 0x94, 0x67, 0x34, 0x2f, 0x2e, 0x00, 0x14,
  0x2f, 0x2e, 0x00, 0x10, 0x2f, 0x01, 0x2f, 0x2e, 0x00, 0x08, 0x4e, 0x90,
  0x4f, 0xef, 0x00, 0x10, 0x72, 0xff, 0xb2, 0x80, 0x67, 0x04, 0x4e, 0x5e,
  0x4e, 0x75, 0x20, 0x6e, 0x00, 0x14, 0x42, 0x90, 0x20, 0x6e, 0x00, 0x08,
  0x20, 0xbc, 0x00, 0x00, 0x00, 0x8a, 0x70, 0xff, 0x4e, 0x5e, 0x4e, 0x75,
  0x2f, 0x2e, 0x00, 0x14, 0x42, 0xa7, 0x48, 0x6e, 0xff, 0xf6, 0x2f, 0x2e,
  0x00, 0x08, 0x4e, 0x90, 0x4f, 0xef, 0x00, 0x10, 0x72, 0xff, 0xb2, 0x80,
  0x66, 0xcc, 0x60, 0xce, 0x4e, 0x75, 0x8a, 0x5f, 0x77, 0x63, 0x72, 0x74,
  0x6f, 0x6d, 0x62, 0x5f, 0x72, 0x00, 0x00, 0x00, 0x48, 0xe7, 0x10, 0x30,
  0x26, 0x6f, 0x00, 0x10, 0x24, 0x6f, 0x00, 0x14, 0xb4, 0xfc, 0x00, 0x00,
  0x67, 0x14, 0xb6, 0xfc, 0x00, 0x00, 0x67, 0x08, 0x4a, 0xab, 0x00, 0x36,
  0x67, 0x00, 0x00, 0x8a, 0x4a, 0x6a, 0x00, 0x0c, 0x66, 0x0a, 0x76, 0x00,
  0x20, 0x03, 0x4c, 0xdf, 0x0c, 0x08, 0x4e, 0x75, 0x2f, 0x0a, 0x2f, 0x0b,
  0x4e, 0xb9, 0x00, 0x00, 0x6d, 0x9a, 0x26, 0x00, 0x20, 0x6a, 0x00, 0x2c,
  0x50, 0x8f, 0xb0, 0xfc, 0x00, 0x00, 0x67, 0x0e, 0x2f, 0x2a, 0x00, 0x1c,
  0x2f, 0x0b, 0x4e, 0x90, 0x50, 0x8f, 0x4a, 0x80, 0x6d, 0x78, 0x4a, 0x2a,
  0x00, 0x0d, 0x6b, 0x62, 0x20, 0x2a, 0x00, 0x30, 0x67, 0x18, 0x41, 0xea,
  0x00, 0x40, 0xb1, 0xc0, 0x67, 0x0c, 0x2f, 0x00, 0x2f, 0x0b, 0x4e, 0xb9,
  0x00, 0x00, 0x05, 0x7c, 0x50, 0x8f, 0x42, 0xaa, 0x00, 0x30, 0x20, 0x2a,
  0x00, 0x44, 0x67, 0x10, 0x2f, 0x00, 0x2f, 0x0b, 0x4e, 0xb9, 0x00, 0x00,
  0x05, 0x7c, 0x42, 0xaa, 0x00, 0x44, 0x50, 0x8f, 0x4e, 0xb9, 0x00, 0x00,
  0x71, 0x44, 0x42, 0x6a, 0x00, 0x0c, 0x4e, 0xb9, 0x00, 0x00, 0x71, 0x5c,
  0x20, 0x03, 0x4c, 0xdf, 0x0c, 0x08, 0x4e, 0x75, 0x2f, 0x0b, 0x4e, 0xb9,
  0x00, 0x00, 0x71, 0x26, 0x58, 0x8f, 0x4a, 0x6a, 0x00, 0x0c, 0x67, 0x00,
  0xff, 0x6e, 0x60, 0x00, 0xff, 0x74, 0x2f, 0x2a, 0x00, 0x10, 0x2f, 0x0b,
  0x4e, 0xb9, 0x00, 0x00, 0x05, 0x7c, 0x50, 0x8f, 0x60, 0x8e, 0x76, 0xff,
  0x4a, 0x2a, 0x00, 0x0d, 0x6a, 0x86, 0x60, 0xe6, 0x4e, 0x75, 0x89, 0x5f,
  0x66, 0x63, 0x6c, 0x6f, 0x73, 0x65, 0x5f, 0x72, 0x00, 0x00, 0x00, 0x00,
  0x30, 0x2f, 0x00, 0x04, 0xc0, 0xef, 0x00, 0x0a, 0x32, 0x2f, 0x00, 0x06,
  0xc2, 0xef, 0x00, 0x08, 0xd0, 0x41, 0x48, 0x40, 0x42, 0x40, 0x32, 0x2f,
  0x00, 0x06, 0xc2, 0xef, 0x00, 0x0a, 0xd0, 0x81, 0x4e, 0x75, 0x00, 0x00,
  0x2f, 0x02, 0x22, 0x2f, 0x00, 0x0c, 0x20, 0x2f, 0x00, 0x08, 0x0c, 0x81,
  0x00, 0x01, 0x00, 0x00, 0x64, 0x16, 0x24, 0x00, 0x42, 0x42, 0x48, 0x42,
  0x84, 0xc1, 0x30, 0x02, 0x48, 0x40, 0x34, 0x2f, 0x00, 0x0a, 0x84, 0xc1,
  0x30, 0x02, 0x60, 0x30, 0x24, 0x01, 0xe2, 0x89, 0xe2, 0x88, 0x0c, 0x81,
  0x00, 0x01, 0x00, 0x00, 0x64, 0xf4, 0x80, 0xc1, 0x02, 0x80, 0x00, 0x00,
  0xff, 0xff, 0x22, 0x02, 0xc2, 0xc0, 0x48, 0x42, 0xc4, 0xc0, 0x48, 0x42,
  0x4a, 0x42, 0x66, 0x0a, 0xd2, 0x82, 0x65, 0x06, 0xb2, 0xaf, 0x00, 0x08,
  0x63, 0x02, 0x53, 0x80, 0x24, 0x1f, 0x4e, 0x75, 0x2f, 0x02, 0x74, 0x01,
  0x22, 0x2f, 0x00, 0x0c, 0x6a, 0x04, 0x44, 0x81, 0x44, 0x02, 0x20, 0x2f,
  0x00, 0x08, 0x6a, 0x04, 0x44, 0x80, 0x44, 0x02, 0x2f, 0x01, 0x2f, 0x00,
  0x4e, 0xb9, 0x00, 0x00, 0x7c, 0x74, 0x50, 0x8f, 0x4a, 0x02, 0x6a, 0x02,
  0x44, 0x80, 0x24, 0x1f, 0x4e, 0x75, 0x00, 0x00, 0x22, 0x2f, 0x00, 0x08,
  0x20, 0x2f, 0x00, 0x04, 0x2f, 0x01, 0x2f, 0x00, 0x4e, 0xb9, 0x00, 0x00,
  0x7c, 0x74, 0x50, 0x8f, 0x22, 0x2f, 0x00, 0x08, 0x2f, 0x01, 0x2f, 0x00,
  0x4e, 0xb9, 0x00, 0x00, 0x7c, 0x50, 0x50, 0x8f, 0x22, 0x2f, 0x00, 0x04,
  0x92, 0x80, 0x20, 0x01, 0x4e, 0x75, 0x00, 0x00, 0x22, 0x2f, 0x00, 0x08,
  0x20, 0x2f, 0x00, 0x04, 0x2f, 0x01, 0x2f, 0x00, 0x4e, 0xb9, 0x00, 0x00,
  0x7c, 0xd0, 0x50, 0x8f, 0x22, 0x2f, 0x00, 0x08, 0x2f, 0x01, 0x2f, 0x00,
  0x4e, 0xb9, 0x00, 0x00, 0x7c, 0x50, 0x50, 0x8f, 0x22, 0x2f, 0x00, 0x04,
  0x92, 0x80, 0x20, 0x01, 0x4e, 0x75, 0x00, 0x00, 0x80, 0x87, 0x3e, 0x3c,
  0x00, 0x03, 0x7c, 0x02, 0x4e, 0xf9, 0x00, 0x00, 0x87, 0x3e, 0x20, 0x3c,
  0x7f, 0xf0, 0x00, 0x00, 0x72, 0x00, 0x80, 0x87, 0x3e, 0x3c, 0x00, 0x05,
  0x7c, 0x02, 0x4e, 0xf9, 0x00, 0x00, 0x87, 0x3e, 0x70, 0x00, 0x22, 0x00,
  0x3e, 0x3c, 0x00, 0x03, 0x7c, 0x02, 0x4e, 0xf9, 0x00, 0x00, 0x87, 0x3e,
  0x70, 0xff, 0x22, 0x00, 0x3e, 0x3c, 0x00, 0x11, 0x7c, 0x02, 0x4e, 0xf9,
  0x00, 0x00, 0x87, 0x3e, 0x20, 0x3c, 0x7f, 0xf0, 0x00, 0x00, 0x72, 0x00,
  0x80, 0x87, 0x3e, 0x3c, 0x00, 0x09, 0x7c, 0x02, 0x4e, 0xf9, 0x00, 0x00,
  0x87, 0x3e, 0x08, 0x6f, 0x00, 0x1f, 0x00, 0x0c, 0x4e, 0x56, 0x00, 0x00,
  0x48, 0xe7, 0x3f, 0x00, 0x20, 0x2e, 0x00, 0x08, 0x22, 0x2e, 0x00, 0x0c,
  0x24, 0x2e, 0x00, 0x10, 0x26, 0x2e, 0x00, 0x14, 0x2e, 0x00, 0xd2, 0x81,
  0xd1, 0x80, 0x67, 0x00, 0x02, 0x86, 0x2c, 0x02, 0xd6, 0x83, 0xd5, 0x82,
  0x67, 0x00, 0x02, 0x9a, 0x02, 0x87, 0x80, 0x00, 0x00, 0x00, 0x48, 0x46,
  0x02, 0x46, 0x80, 0x00, 0x8e, 0x46, 0x20, 0x47, 0x2c, 0x3c, 0x00, 0x1f,
  0xff, 0xff, 0x2e, 0x3c, 0x00, 0x20, 0x00, 0x00, 0x28, 0x00, 0xc0, 0x86,
  0x46, 0x86, 0xc8, 0x86, 0x67, 0x00, 0x02, 0x46, 0xb8, 0x86, 0x67, 0x00,
  0x02, 0xca, 0x80, 0x87, 0x48, 0x44, 0xea, 0x4c, 0x2a, 0x02, 0xca, 0x86,
  0x67, 0x00, 0x02, 0x38, 0xba, 0x86, 0x67, 0x00, 0x02, 0xb6, 0x46, 0x86,
  0xc4, 0x86, 0x84, 0x87, 0x48, 0x45, 0xea, 0x4d, 0x48, 0xe7, 0x00, 0x30,
  0x24, 0x44, 0x26, 0x45, 0x7e, 0x00, 0x2c, 0x07, 0x2a, 0x03, 0x28, 0x02,
  0x26, 0x07, 0x24, 0x07, 0xc9, 0x8a, 0xcb, 0x8b, 0xba, 0x44, 0x67, 0x00,
  0x00, 0xcc, 0x62, 0x00, 0x00, 0x64, 0x34, 0x04, 0x94, 0x45, 0xc9, 0x8a,
  0xcb, 0x8b, 0x0c, 0x42, 0x00, 0x37, 0x6c, 0x00, 0x01, 0xd2, 0x0c, 0x42,
  0x00, 0x20, 0x6c, 0x00, 0x00, 0x22, 0x0c, 0x42, 0x00, 0x10, 0x6c, 0x00,
  0x00, 0x2a, 0x60, 0x00, 0x00, 0x0a, 0xe2, 0x8c, 0xe2, 0x95, 0xe2, 0x96,
  0xe2, 0x97, 0x51, 0xca, 0xff, 0xf6, 0x74, 0x00, 0x26, 0x02, 0x60, 0x00,
  0x00, 0x94, 0x2e, 0x06, 0x2c, 0x05, 0x2a, 0x04, 0x78, 0x00, 0x04, 0x42,
  0x00, 0x20, 0x60, 0x00, 0xff, 0xd2, 0x3e, 0x06, 0x48, 0x47, 0x3c, 0x05,
  0x48, 0x46, 0x3a, 0x04, 0x48, 0x45, 0x38, 0x3c, 0x00, 0x00, 0x48, 0x44,
  0x04, 0x42, 0x00, 0x10, 0x60, 0x00, 0xff, 0xcc, 0xc9, 0x45, 0x3c, 0x04,
  0x9c, 0x45, 0xc9, 0x8a, 0xcb, 0x8b, 0x0c, 0x46, 0x00, 0x37, 0x6c, 0x00,
  0x01, 0x50, 0x0c, 0x46, 0x00, 0x20, 0x6c, 0x00, 0x00, 0x22, 0x0c, 0x46,
  0x00, 0x10, 0x6c, 0x00, 0x00, 0x2a, 0x60, 0x00, 0x00, 0x0a, 0xe2, 0x88,
  0xe2, 0x91, 0xe2, 0x92, 0xe2, 0x93, 0x51, 0xce, 0xff, 0xf6, 0x7e, 0x00,
  0x2c, 0x07, 0x60, 0x00, 0x00, 0x30, 0x26, 0x02, 0x24, 0x01, 0x22, 0x00,
  0x70, 0x00, 0x04, 0x46, 0x00, 0x20, 0x60, 0x00, 0xff, 0xd2, 0x36, 0x02,
  0x48, 0x43, 0x34, 0x01, 0x48, 0x42, 0x32, 0x00, 0x48, 0x41, 0x30, 0x3c,
  0x00, 0x00, 0x48, 0x40, 0x04, 0x46, 0x00, 0x10, 0x60, 0x00, 0xff, 0xcc,
  0xc9, 0x8a, 0xcb, 0x8b, 0xcf, 0x88, 0xcd, 0x8b, 0x2c, 0x07, 0x3e, 0x3c,
  0x00, 0x00, 0x48, 0x46, 0x3c, 0x3c, 0x00, 0x00, 0xbf, 0x86, 0x6b, 0x00,
  0x00, 0x6e, 0xcf, 0x88, 0xcd, 0x8b, 0xd6, 0x87, 0xd5, 0x86, 0xd3, 0x85,
  0xd1, 0x84, 0x28, 0x0a, 0x2e, 0x08, 0x02, 0x87, 0x80, 0x00, 0x00, 0x00,
  0x4c, 0xdf, 0x0c, 0x00, 0x08, 0x00, 0x00, 0x36, 0x67, 0x00, 0x00, 0x0c,
  0xe2, 0x88, 0xe2, 0x91, 0xe2, 0x92, 0xe2, 0x93, 0x52, 0x44, 0x41, 0xfa,
  0x00, 0x20, 0x43, 0xf9, 0x00, 0x00, 0x95, 0x1c, 0x3c, 0x29, 0x00, 0x06,
  0x67, 0x00, 0x07, 0x52, 0x0c, 0x46, 0x00, 0x02, 0x62, 0x00, 0x07, 0xae,
  0x6d, 0x00, 0x07, 0xaa, 0x60, 0x00, 0x07, 0xa6, 0x0c, 0x44, 0x07, 0xff,
  0x6c, 0x00, 0x00, 0x12, 0x08, 0x80, 0x00, 0x34, 0xe9, 0x4c, 0x48, 0x40,
  0x80, 0x44, 0x48, 0x40, 0x60, 0x00, 0x01, 0x28, 0x7a, 0x01, 0x60, 0x00,
  0xfd, 0xca, 0xcf, 0x88, 0xcd, 0x8b, 0x96, 0x87, 0x95, 0x86, 0x93, 0x85,
  0x91, 0x84, 0x67, 0x00, 0x01, 0x0e, 0x6a, 0x00, 0x00, 0x12, 0x2e, 0x08,
  0x08, 0x47, 0x00, 0x1f, 0x20, 0x47, 0x44, 0x83, 0x40, 0x82, 0x40, 0x81,
  0x40, 0x80, 0x28, 0x0a, 0x2e, 0x08, 0x02, 0x87, 0x80, 0x00, 0x00, 0x00,
  0x4c, 0xdf, 0x0c, 0x00, 0x08, 0x00, 0x00, 0x36, 0x67, 0x00, 0x00, 0x0c,
  0xe2, 0x88, 0xe2, 0x91, 0xe2, 0x92, 0xe2, 0x93, 0x52, 0x44, 0x41, 0xfa,
  0x00, 0x20, 0x43, 0xf9, 0x00, 0x00, 0x95, 0x1c, 0x3c, 0x29, 0x00, 0x06,
  0x67, 0x00, 0x06, 0xce, 0x0c, 0x46, 0x00, 0x02, 0x62, 0x00, 0x07, 0x2a,
  0x6d, 0x00, 0x07, 0x26, 0x60, 0x00, 0x07, 0x22, 0x08, 0x80, 0x00, 0x34,
  0xe9, 0x4c, 0x48, 0x40, 0x80, 0x44, 0x48, 0x40, 0x60, 0x00, 0x00, 0xac,
  0x4c, 0xdf, 0x0c, 0x00, 0x20, 0x2e, 0x00, 0x10, 0x22, 0x2e, 0x00, 0x14,
  0x41, 0xf9, 0x00, 0x00, 0x95, 0x1c, 0x30, 0xbc, 0x00, 0x00, 0x4c, 0xdf,
  0x00, 0xfc, 0x4e, 0x5e, 0x4e, 0x75, 0x4c, 0xdf, 0x0c, 0x00, 0x20, 0x2e,
  0x00, 0x08, 0x22, 0x2e, 0x00, 0x0c, 0x41, 0xf9, 0x00, 0x00, 0x95, 0x1c,
  0x30, 0xbc, 0x00, 0x00, 0x4c, 0xdf, 0x00, 0xfc, 0x4e, 0x5e, 0x4e, 0x75,
  0x28, 0x07, 0x60, 0x00, 0xfd, 0xc0, 0x2a, 0x07, 0x46, 0x86, 0x60, 0x00,
  0xfd, 0xd0, 0x20, 0x02, 0x22, 0x03, 0x66, 0x00, 0x00, 0x20, 0x0c, 0x80,
  0x80, 0x00, 0x00, 0x00, 0x66, 0x00, 0x00, 0x16, 0x02, 0x87, 0x80, 0x00,
  0x00, 0x00, 0x42, 0x80, 0x60, 0x00, 0x00, 0x44, 0x20, 0x2e, 0x00, 0x08,
  0x22, 0x2e, 0x00, 0x0c, 0x7a, 0x01, 0x2e, 0x00, 0x02, 0x87, 0x80, 0x00,
  0x00, 0x00, 0x08, 0x80, 0x00, 0x1f, 0x0c, 0x80, 0x7f, 0xf0, 0x00, 0x00,
  0x6c, 0x00, 0x00, 0x10, 0x20, 0x00, 0x66, 0x00, 0x00, 0x1e, 0x08, 0x87,
  0x00, 0x1f, 0x60, 0x00, 0x00, 0x16, 0x02, 0x80, 0x00, 0x0f, 0xff, 0xff,
  0x80, 0x81, 0x66, 0x00, 0xfc, 0xd8, 0x60, 0x00, 0xfc, 0xae, 0x4c, 0xdf,
  0x0c, 0x00, 0x41, 0xf9, 0x00, 0x00, 0x95, 0x1c, 0x30, 0xbc, 0x00, 0x00,
  0x80, 0x87, 0x4c, 0xdf, 0x00, 0xfc, 0x4e, 0x5e, 0x4e, 0x75, 0xe2, 0x88,
  0xe2, 0x91, 0x60, 0x00, 0xff, 0xe6, 0x7a, 0x01, 0x20, 0x2e, 0x00, 0x08,
  0x22, 0x2e, 0x00, 0x0c, 0x24, 0x2e, 0x00, 0x10, 0x26, 0x2e, 0x00, 0x14,
  0x28, 0x3c, 0x7f, 0xf0, 0x00, 0x00, 0x2e, 0x00, 0x2c, 0x02, 0x08, 0x80,
  0x00, 0x1f, 0x08, 0x82, 0x00, 0x1f, 0xb0, 0x84, 0x62, 0x00, 0xfc, 0x8a,
  0x66, 0x00, 0x00, 0x08, 0x4a, 0x81, 0x66, 0x00, 0xfc, 0x80, 0xb4, 0x84,
  0x62, 0x00, 0xfc, 0x7a, 0x66, 0x00, 0x00, 0x08, 0x4a, 0x83, 0x66, 0x00,
  0xfc, 0x70, 0xbf, 0x86, 0x6b, 0x00, 0x00, 0x0c, 0x02, 0x87, 0x80, 0x00,
  0x00, 0x00, 0x60, 0x00, 0xfc, 0x3a, 0xb0, 0x82, 0x66, 0x00, 0x00, 0x08,
  0xb2, 0x83, 0x67, 0x00, 0xfc, 0x54, 0x02, 0x87, 0x80, 0x00, 0x00, 0x00,
  0xb0, 0x84, 0x67, 0x00, 0xfc, 0x22, 0x08, 0x47, 0x00, 0x1f, 0x60, 0x00,
  0xfc, 0x1a, 0x4e, 0x56, 0x00, 0x00, 0x48, 0xe7, 0x3f, 0x00, 0x20, 0x2e,
  0x00, 0x08, 0x22, 0x2e, 0x00, 0x0c, 0x24, 0x2e, 0x00, 0x10, 0x26, 0x2e,
  0x00, 0x14, 0x2e, 0x00, 0xb5, 0x87, 0x02, 0x87, 0x80, 0x00, 0x00, 0x00,
  0x20, 0x47, 0x2e, 0x3c, 0x7f, 0xf0, 0x00, 0x00, 0x2c, 0x07, 0x46, 0x86,
  0x08, 0x80, 0x00, 0x1f, 0x28, 0x00, 0x88, 0x81, 0x67, 0x00, 0x01, 0x20,
  0x28, 0x00, 0x08, 0x82, 0x00, 0x1f, 0x2a, 0x02, 0x8a, 0x83, 0x67, 0x00,
  0x01, 0x06, 0x2a, 0x02, 0xb0, 0x87, 0x62, 0x00, 0x00, 0xdc, 0x67, 0x00,
  0x00, 0xec, 0xb4, 0x87, 0x62, 0x00, 0x00, 0xd2, 0x67, 0x00, 0x00, 0xd4,
  0xc8, 0x87, 0x67, 0x00, 0x01, 0x20, 0xc0, 0x86, 0x00, 0x80, 0x00, 0x10,
  0x00, 0x00, 0x48, 0x44, 0xe8, 0x4c, 0xca, 0x87, 0x67, 0x00, 0x01, 0x24,
  0xc4, 0x86, 0x00, 0x82, 0x00, 0x10, 0x00, 0x00, 0x48, 0x45, 0xe8, 0x4d,
  0xd8, 0x45, 0x04, 0x44, 0x03, 0xff, 0x48, 0xe7, 0x00, 0x30, 0x24, 0x7c,
  0x00, 0x00, 0x00, 0x00, 0x26, 0x44, 0xea, 0x9a, 0x48, 0x42, 0xea, 0x9b,
  0x48, 0x43, 0x3c, 0x03, 0x02, 0x46, 0x07, 0xff, 0x84, 0x46, 0x02, 0x43,
  0xf8, 0x00, 0x2c, 0x02, 0x2e, 0x03, 0x28, 0x00, 0x2a, 0x01, 0x76, 0x00,
  0x24, 0x03, 0x22, 0x03, 0x20, 0x03, 0x22, 0x7c, 0x00, 0x00, 0x00, 0x34,
  0xcf, 0x89, 0xcf, 0x89, 0xd6, 0x83, 0xd5, 0x82, 0xd3, 0x81, 0xd1, 0x80,
  0xde, 0x87, 0xdd, 0x86, 0x64, 0x00, 0x00, 0x0e, 0xcf, 0x8a, 0xd6, 0x85,
  0xd5, 0x84, 0xd3, 0x87, 0xd1, 0x87, 0xcf, 0x8a, 0xcf, 0x89, 0x51, 0xcf,
  0xff, 0xde, 0x28, 0x0b, 0x4c, 0xdf, 0x0c, 0x00, 0x48, 0x40, 0x48, 0x41,
  0x30, 0x01, 0x48, 0x42, 0x32, 0x02, 0x48, 0x43, 0x34, 0x03, 0x36, 0x3c,
  0x00, 0x00, 0xe2, 0x88, 0xe2, 0x91, 0xe2, 0x92, 0xe2, 0x93, 0xe2, 0x88,
  0xe2, 0x91, 0xe2, 0x92, 0xe2, 0x93, 0xe2, 0x88, 0xe2, 0x91, 0xe2, 0x92,
  0xe2, 0x93, 0x2e, 0x08, 0x7a, 0x02, 0x08, 0x00, 0x00, 0x16, 0x67, 0x00,
  0x02, 0x7a, 0xe2, 0x88, 0xe2, 0x91, 0x52, 0x44, 0x60, 0x00, 0x02, 0x70,
  0x7a, 0x02, 0x60, 0x00, 0xfb, 0x10, 0x7a, 0x02, 0x2e, 0x08, 0x4a, 0x83,
  0x66, 0x00, 0xfb, 0x06, 0x60, 0x00, 0xfa, 0xdc, 0x7a, 0x02, 0x2e, 0x08,
  0x4a, 0x81, 0x66, 0x00, 0xfa, 0xf8, 0x60, 0x00, 0xfa, 0xce, 0x7a, 0x02,
  0xc5, 0x40, 0xc7, 0x41, 0x20, 0x08, 0x60, 0x00, 0x00, 0x10, 0x20, 0x08,
  0x24, 0x2e, 0x00, 0x10, 0x26, 0x2e, 0x00, 0x14, 0x08, 0x82, 0x00, 0x1f,
  0x0c, 0x82, 0x7f, 0xf0, 0x00, 0x00, 0x6c, 0x00, 0xfa, 0xd0, 0x41, 0xf9,
  0x00, 0x00, 0x95, 0x1c, 0x30, 0xbc, 0x00, 0x00, 0x4c, 0xdf, 0x00, 0xfc,
  0x4e, 0x5e, 0x4e, 0x75, 0x78, 0x01, 0xc0, 0x86, 0xd2, 0x81, 0xd1, 0x80,
  0x53, 0x44, 0x08, 0x00, 0x00, 0x14, 0x66, 0x00, 0xfe, 0xde, 0x60, 0x00,
  0xff, 0xf0, 0x7a, 0x01, 0xc4, 0x86, 0xd6, 0x83, 0xd5, 0x82, 0x53, 0x45,
  0x08, 0x02, 0x00, 0x14, 0x66, 0x00, 0xfe, 0xda, 0x60, 0x00, 0xff, 0xf0,
  0x4e, 0x56, 0x00, 0x00, 0x48, 0xe7, 0x3f, 0x00, 0x20, 0x2e, 0x00, 0x08,
  0x22, 0x2e, 0x00, 0x0c, 0x24, 0x2e, 0x00, 0x10, 0x26, 0x2e, 0x00, 0x14,
  0x2e, 0x00, 0xb5, 0x87, 0x02, 0x87, 0x80, 0x00, 0x00, 0x00, 0x20, 0x47,
  0x2e, 0x3c, 0x7f, 0xf0, 0x00, 0x00, 0x2c, 0x07, 0x46, 0x86, 0x08, 0x80,
  0x00, 0x1f, 0x28, 0x00, 0x88, 0x81, 0x67, 0x00, 0x01, 0x12, 0x28, 0x00,
  0x08, 0x82, 0x00, 0x1f, 0x2a, 0x02, 0x8a, 0x83, 0x67, 0x00, 0x01, 0x3c,
  0x2a, 0x02, 0xb0, 0x87, 0x62, 0x00, 0x00, 0xf6, 0x67, 0x00, 0x01, 0x54,
  0xb4, 0x87, 0x62, 0x00, 0x00, 0xec, 0x67, 0x00, 0x01, 0x3e, 0xc8, 0x87,
  0x67, 0x00, 0x01, 0x5c, 0xc0, 0x86, 0x00, 0x80, 0x00, 0x10, 0x00, 0x00,
  0x48, 0x44, 0xe8, 0x4c, 0xca, 0x87, 0x67, 0x00, 0x01, 0x60, 0xc4, 0x86,
  0x00, 0x82, 0x00, 0x10, 0x00, 0x00, 0x48, 0x45, 0xe8, 0x4d, 0x98, 0x45,
  0x06, 0x44, 0x03, 0xfe, 0x7c, 0x00, 0x2e, 0x06, 0x22, 0x7c, 0x00, 0x00,
  0x00, 0x00, 0x7a, 0x16, 0xb4, 0x80, 0x62, 0x00, 0x00, 0x0c, 0x67, 0x00,
  0x00, 0x14, 0x92, 0x83, 0x91, 0x82, 0x0b, 0xc6, 0xd2, 0x81, 0xd1, 0x80,
  0x51, 0xcd, 0xff, 0xea, 0x60, 0x00, 0x00, 0x0c, 0xb6, 0x81, 0x62, 0x00,
  0xff, 0xf0, 0x60, 0x00, 0xff, 0xe6, 0x7a, 0x1f, 0xb4, 0x80, 0x62, 0x00,
  0x00, 0x0c, 0x67, 0x00, 0x00, 0x14, 0x92, 0x83, 0x91, 0x82, 0x0b, 0xc7,
  0xd2, 0x81, 0xd1, 0x80, 0x51, 0xcd, 0xff, 0xea, 0x60, 0x00, 0x00, 0x0c,
  0xb6, 0x81, 0x62, 0x00, 0xff, 0xf0, 0x60, 0x00, 0xff, 0xe6, 0x7a, 0x35,
  0xb0, 0x82, 0x62, 0x00, 0x00, 0x1c, 0x67, 0x00, 0x00, 0x12, 0xd2, 0x81,
  0xd1, 0x80, 0x51, 0xcd, 0xff, 0xf0, 0x74, 0x00, 0x26, 0x02, 0x60, 0x00,
  0x00, 0x28, 0xb6, 0x81, 0x62, 0x00, 0xff, 0xec, 0x74, 0x00, 0x26, 0x02,
  0x04, 0x45, 0x00, 0x35, 0x06, 0x45, 0x00, 0x3f, 0x0c, 0x45, 0x00, 0x1f,
  0x62, 0x00, 0x00, 0x0c, 0x0b, 0xc3, 0x60, 0x00, 0x00, 0x08, 0x04, 0x45,
  0x00, 0x20, 0x0b, 0xc2, 0x20, 0x06, 0x22, 0x07, 0x76, 0x00, 0x08, 0x00,
  0x00, 0x16, 0x67, 0x00, 0x00, 0x0c, 0xe2, 0x88, 0xe2, 0x91, 0xe2, 0x92,
  0xe2, 0x93, 0x52, 0x44, 0x2e, 0x08, 0x7a, 0x03, 0x60, 0x00, 0x00, 0xa8,
  0x7a, 0x03, 0x60, 0x00, 0xf9, 0x48, 0x7a, 0x03, 0x08, 0x82, 0x00, 0x1f,
  0x28, 0x02, 0x88, 0x83, 0x67, 0x00, 0xf9, 0x3a, 0x0c, 0x82, 0x7f, 0xf0,
  0x00, 0x00, 0x62, 0x00, 0xf9, 0x30, 0x6d, 0x00, 0x00, 0x08, 0x4a, 0x83,
  0x66, 0x00, 0xf9, 0x26, 0x20, 0x08, 0x72, 0x00, 0x41, 0xf9, 0x00, 0x00,
  0x95, 0x1c, 0x30, 0xbc, 0x00, 0x00, 0x4c, 0xdf, 0x00, 0xfc, 0x4e, 0x5e,
  0x4e, 0x75, 0x7a, 0x03, 0x2e, 0x08, 0x0c, 0x80, 0x7f, 0xf0, 0x00, 0x00,
  0x62, 0x00, 0xf9, 0x02, 0x4a, 0x81, 0x66, 0x00, 0xf8, 0xfc, 0x60, 0x00,
  0xf9, 0x08, 0x7a, 0x03, 0x4a, 0x83, 0x66, 0x00, 0xf8, 0xf0, 0x60, 0x00,
  0xf8, 0xdc, 0x7a, 0x03, 0x4a, 0x81, 0x66, 0x00, 0xf8, 0xe4, 0xb4, 0x87,
  0x6c, 0x00, 0xf8, 0xde, 0x4a, 0x83, 0x66, 0x00, 0xf8, 0xd8, 0x60, 0x00,
  0xf8, 0xae, 0x78, 0x01, 0xc0, 0x86, 0xd2, 0x81, 0xd1, 0x80, 0x53, 0x44,
  0x08, 0x00, 0x00, 0x14, 0x66, 0x00, 0xfe, 0xa2, 0x60, 0x00, 0xff, 0xf0,
  0x7a, 0x01, 0xc4, 0x86, 0xd6, 0x83, 0xd5, 0x82, 0x53, 0x45, 0x08, 0x02,
  0x00, 0x14, 0x66, 0x00, 0xfe, 0x9e, 0x60, 0x00, 0xff, 0xf0, 0x0c, 0x44,
  0xff, 0xca, 0x6d, 0x00, 0xf8, 0x90, 0x20, 0x47, 0x7c, 0x00, 0x2e, 0x06,
  0x0c, 0x44, 0x00, 0x01, 0x6c, 0x00, 0x00, 0x20, 0x52, 0x44, 0xe2, 0x88,
  0xe2, 0x91, 0xe2, 0x92, 0xe2, 0x93, 0xe2, 0x96, 0xe2, 0x97, 0x0c, 0x44,
  0x00, 0x01, 0x67, 0x00, 0x00, 0x0a, 0x60, 0x00, 0xff, 0xe8, 0x60, 0x00,
  0xf8, 0x64, 0x84, 0x86, 0x86, 0x87, 0x2e, 0x08, 0x41, 0xfa, 0x00, 0x20,
  0x43, 0xf9, 0x00, 0x00, 0x95, 0x1c, 0x3c, 0x29, 0x00, 0x06, 0x67, 0x00,
  0x01, 0x90, 0x0c, 0x46, 0x00, 0x02, 0x62, 0x00, 0x01, 0xec, 0x6d, 0x00,
  0x01, 0xe8, 0x60, 0x00, 0x01, 0xe4, 0x0c, 0x44, 0x07, 0xff, 0x6c, 0x00,
  0xf8, 0x1e, 0x38, 0x04, 0x67, 0x00, 0xf8, 0x0a, 0xe9, 0x4c, 0x08, 0x80,
  0x00, 0x14, 0x48, 0x40, 0x80, 0x44, 0x48, 0x40, 0x80, 0x87, 0x41, 0xf9,
  0x00, 0x00, 0x95, 0x1c, 0x30, 0xbc, 0x00, 0x00, 0x4c, 0xdf, 0x00, 0xfc,
  0x4e, 0x5e, 0x4e, 0x75, 0x4e, 0x56, 0x00, 0x00, 0x48, 0xe7, 0x3f, 0x00,
  0x7a, 0x04, 0x20, 0x2e, 0x00, 0x08, 0x22, 0x2e, 0x00, 0x0c, 0x08, 0x40,
  0x00, 0x1f, 0x24, 0x00, 0x08, 0x82, 0x00, 0x1f, 0x28, 0x02, 0x88, 0x81,
  0x67, 0x00, 0x00, 0x34, 0x0c, 0x82, 0x7f, 0xf0, 0x00, 0x00, 0x6d, 0x00,
  0x00, 0x18, 0x62, 0x00, 0xf7, 0xec, 0x4a, 0x81, 0x66, 0x00, 0xf7, 0xe6,
  0x2e, 0x00, 0x02, 0x87, 0x80, 0x00, 0x00, 0x00, 0x60, 0x00, 0xf7, 0xb4,
  0x41, 0xf9, 0x00, 0x00, 0x95, 0x1c, 0x30, 0xbc, 0x00, 0x00, 0x4c, 0xdf,
  0x00, 0xfc, 0x4e, 0x5e, 0x4e, 0x75, 0x08, 0x80, 0x00, 0x1f, 0x60, 0x00,
  0xff, 0xe8, 0x4e, 0x56, 0x00, 0x00, 0x48, 0xe7, 0x3f, 0x00, 0x7a, 0x05,
  0x20, 0x2e, 0x00, 0x08, 0x22, 0x2e, 0x00, 0x0c, 0x24, 0x2e, 0x00, 0x10,
  0x26, 0x2e, 0x00, 0x14, 0x2c, 0x00, 0x08, 0x80, 0x00, 0x1f, 0x2e, 0x02,
  0x08, 0x82, 0x00, 0x1f, 0x0c, 0x80, 0x7f, 0xf0, 0x00, 0x00, 0x62, 0x00,
  0x00, 0x94, 0x67, 0x00, 0x00, 0x7c, 0x28, 0x00, 0x88, 0x81, 0x67, 0x00,
  0x00, 0x64, 0x0c, 0x82, 0x7f, 0xf0, 0x00, 0x00, 0x62, 0x00, 0x00, 0x7e,
  0x67, 0x00, 0x00, 0x70, 0x28, 0x02, 0x88, 0x83, 0x67, 0x00, 0x00, 0x56,
  0xbd, 0x87, 0x6a, 0x00, 0x00, 0x0c, 0x4a, 0x86, 0x6a, 0x00, 0x00, 0x2e,
  0x6b, 0x00, 0x00, 0x34, 0x4a, 0x86, 0x6a, 0x00, 0x00, 0x06, 0xc1, 0x42,
  0xc3, 0x43, 0xb4, 0x80, 0x62, 0x00, 0x00, 0x24, 0x66, 0x00, 0x00, 0x16,
  0xb6, 0x81, 0x62, 0x00, 0x00, 0x1a, 0x66, 0x00, 0x00, 0x0c, 0x70, 0x00,
  0x4c, 0xdf, 0x00, 0xfc, 0x4e, 0x5e, 0x4e, 0x75, 0x70, 0x01, 0x4c, 0xdf,
  0x00, 0xfc, 0x4e, 0x5e, 0x4e, 0x75, 0x70, 0xff, 0x4c, 0xdf, 0x00, 0xfc,
  0x4e, 0x5e, 0x4e, 0x75, 0x08, 0x86, 0x00, 0x1f, 0x60, 0x00, 0xff, 0x98,
  0x08, 0x87, 0x00, 0x1f, 0x60, 0x00, 0xff, 0xa6, 0x4a, 0x81, 0x66, 0x00,
  0xf7, 0x0c, 0x60, 0x00, 0xff, 0x86, 0x4a, 0x83, 0x66, 0x00, 0xf7, 0x02,
  0x60, 0x00, 0xff, 0x92, 0x20, 0x2e, 0x00, 0x18, 0x7e, 0x11, 0x7c, 0x02,
  0x4e, 0xf9, 0x00, 0x00, 0x87, 0x3e, 0x4e, 0x56, 0x00, 0x00, 0x48, 0x78,
  0x00, 0x01, 0x2f, 0x2e, 0x00, 0x14, 0x2f, 0x2e, 0x00, 0x10, 0x2f, 0x2e,
  0x00, 0x0c, 0x2f, 0x2e, 0x00, 0x08, 0x4e, 0xb9, 0x00, 0x00, 0x85, 0xd6,
  0x4e, 0x5e, 0x4e, 0x75, 0x08, 0x00, 0x00, 0x15, 0x66, 0x00, 0x00, 0x16,
  0x0c, 0x44, 0x00, 0x01, 0x67, 0x00, 0x00, 0x0e, 0xd6, 0x83, 0xd5, 0x82,
  0xd3, 0x81, 0xd1, 0x80, 0x51, 0xcc, 0xff, 0xe6, 0x08, 0x01, 0x00, 0x00,
  0x67, 0x00, 0x00, 0x22, 0x86, 0x82, 0x66, 0x00, 0x00, 0x14, 0x26, 0x01,
  0x02, 0x83, 0x00, 0x00, 0x00, 0x02, 0x74, 0x00, 0xd2, 0x83, 0xd1, 0x82,
  0x60, 0x00, 0x00, 0x0a, 0x76, 0x01, 0x74, 0x00, 0xd2, 0x83, 0xd1, 0x82,
  0xe2, 0x88, 0xe2, 0x91, 0x08, 0x00, 0x00, 0x15, 0x67, 0x00, 0x00, 0x08,
  0xe2, 0x88, 0xe2, 0x91, 0x52, 0x44, 0x08, 0x00, 0x00, 0x14, 0x67, 0x00,
  0x00, 0x04, 0x4e, 0xd0, 0x78, 0x00, 0x4e, 0xd0, 0x4e, 0xd0, 0x00, 0x00,
  0x41, 0xf9, 0x00, 0x00, 0x95, 0x1c, 0x31, 0x7c, 0x00, 0x00, 0x00, 0x04,
  0x4e, 0x75, 0x41, 0xf9, 0x00, 0x00, 0x95, 0x1c, 0x30, 0x87, 0x8f, 0x68,
  0x00, 0x04, 0x31, 0x46, 0x00, 0x08, 0x31, 0x45, 0x00, 0x0a, 0x0c, 0x46,
  0x00, 0x01, 0x67, 0x00, 0x00, 0x1e, 0x21, 0x6e, 0x00, 0x08, 0x00, 0x0c,
  0x21, 0x6e, 0x00, 0x0c, 0x00, 0x10, 0x21, 0x6e, 0x00, 0x10, 0x00, 0x14,
  0x21, 0x6e, 0x00, 0x14, 0x00, 0x18, 0x60, 0x00, 0x00, 0x0e, 0x21, 0x6e,
  0x00, 0x08, 0x00, 0x0c, 0x21, 0x6e, 0x00, 0x0c, 0x00, 0x14, 0xce, 0x68,
  0x00, 0x02, 0x67, 0x00, 0x00, 0x0a, 0x48, 0x79, 0x00, 0x00, 0x95, 0x1c,
  0x4e, 0x4f, 0x4c, 0xdf, 0x00, 0xfc, 0x4e, 0x5e, 0x4e, 0x75, 0x00, 0x00,
  0x4e, 0x56, 0x00, 0x00, 0x48, 0x78, 0x00, 0x01, 0x2f, 0x2e, 0x00, 0x14,
  0x2f, 0x2e, 0x00, 0x10, 0x2f, 0x2e, 0x00, 0x0c, 0x2f, 0x2e, 0x00, 0x08,
  0x4e, 0xb9, 0x00, 0x00, 0x85, 0xd6, 0x4e, 0x5e, 0x4e, 0x75, 0x00, 0x00,
  0x4e, 0x56, 0x00, 0x00, 0x48, 0x78, 0x00, 0x01, 0x2f, 0x2e, 0x00, 0x14,
  0x2f, 0x2e, 0x00, 0x10, 0x2f, 0x2e, 0x00, 0x0c, 0x2f, 0x2e, 0x00, 0x08,
  0x4e, 0xb9, 0x00, 0x00, 0x85, 0xd6, 0x4e, 0x5e, 0x4e, 0x75, 0x00, 0x00,
  0x4e, 0x56, 0x00, 0x00, 0x48, 0x78, 0xff, 0xff, 0x2f, 0x2e, 0x00, 0x14,
  0x2f, 0x2e, 0x00, 0x10, 0x2f, 0x2e, 0x00, 0x0c, 0x2f, 0x2e, 0x00, 0x08,
  0x4e, 0xb9, 0x00, 0x00, 0x85, 0xd6, 0x4e, 0x5e, 0x4e, 0x75, 0x00, 0x00,
  0x4e, 0x56, 0x00, 0x00, 0x48, 0x78, 0x00, 0x01, 0x2f, 0x2e, 0x00, 0x14,
  0x2f, 0x2e, 0x00, 0x10, 0x2f, 0x2e, 0x00, 0x0c, 0x2f, 0x2e, 0x00, 0x08,
  0x4e, 0xb9, 0x00, 0x00, 0x85, 0xd6, 0x4e, 0x5e, 0x4e, 0x75, 0x00, 0x00,
  0x4e, 0x56, 0x00, 0x00, 0x48, 0x78, 0x00, 0x01, 0x2f, 0x2e, 0x00, 0x14,
  0x2f, 0x2e, 0x00, 0x10, 0x2f, 0x2e, 0x00, 0x0c, 0x2f, 0x2e, 0x00, 0x08,
  0x4e, 0xb9, 0x00, 0x00, 0x85, 0xd6, 0x4e, 0x5e, 0x4e, 0x75, 0x2f, 0x04,
  0x2f, 0x03, 0x20, 0x2f, 0x00, 0x0c, 0x6b, 0x50, 0x74, 0x00, 0x22, 0x3c,
  0x00, 0x00, 0x04, 0x1d, 0x0c, 0x80, 0x00, 0xff, 0xff, 0xff, 0x6e, 0x58,
  0xe9, 0x88, 0x59, 0x81, 0x0c, 0x80, 0x00, 0xff, 0xff, 0xff, 0x6f, 0xf4,
  0xd0, 0x80, 0x53, 0x81, 0x0c, 0x80, 0x3f, 0xff, 0xff, 0xff, 0x6f, 0xf4,
  0xe9, 0x49, 0x48, 0x41, 0x42, 0x41, 0x82, 0x82, 0x24, 0x00, 0x76, 0x0a,
  0xe6, 0xa2, 0x08, 0x82, 0x00, 0x14, 0x28, 0x01, 0x88, 0x82, 0x26, 0x00,
  0xed, 0x4b, 0x48, 0x43, 0x42, 0x43, 0x20, 0x04, 0x22, 0x03, 0x26, 0x1f,
  0x28, 0x1f, 0x4e, 0x75, 0x44, 0x80, 0x6b, 0x40, 0x24, 0x3c, 0x80, 0x00,
  0x00, 0x00, 0x22, 0x3c, 0x00, 0x00, 0x04, 0x1d, 0x0c, 0x80, 0x00, 0xff,
  0xff, 0xff, 0x6f, 0xa8, 0x0c, 0x80, 0x3f, 0xff, 0xff, 0xff, 0x6f, 0xac,
  0xe9, 0x49, 0x48, 0x41, 0x42, 0x41, 0x82, 0x82, 0x24, 0x00, 0x76, 0x0a,
  0xe6, 0xa2, 0x08, 0x82, 0x00, 0x14, 0x28, 0x01, 0x88, 0x82, 0x26, 0x00,
  0xed, 0x4b, 0x48, 0x43, 0x42, 0x43, 0x20, 0x04, 0x22, 0x03, 0x60, 0xb6,
  0x20, 0x3c, 0xc1, 0xe0, 0x00, 0x00, 0x42, 0x81, 0x26, 0x1f, 0x28, 0x1f,
  0x4e, 0x75, 0x92, 0x5f, 0x5f, 0x66, 0x6c, 0x6f, 0x61, 0x74, 0x73, 0x69,
  0x64, 0x66, 0x2e, 0x70, 0x61, 0x72, 0x74, 0x2e, 0x30, 0x00, 0x00, 0x00,
  0x2f, 0x04, 0x2f, 0x03, 0x24, 0x2f, 0x00, 0x0c, 0x26, 0x2f, 0x00, 0x10,
  0x20, 0x2f, 0x00, 0x14, 0x28, 0x2f, 0x00, 0x18, 0x22, 0x02, 0x48, 0x41,
  0xe8, 0x41, 0x48, 0xc1, 0x02, 0x81, 0x00, 0x00, 0x07, 0xff, 0x0c, 0x81,
  0x00, 0x00, 0x07, 0xff, 0x67, 0x1e, 0x22, 0x00, 0x48, 0x41, 0xe8, 0x41,
  0x48, 0xc1, 0x02, 0x81, 0x00, 0x00, 0x07, 0xff, 0x0c, 0x81, 0x00, 0x00,
  0x07, 0xff, 0x67, 0x1a, 0x70, 0x00, 0x26, 0x1f, 0x28, 0x1f, 0x4e, 0x75,
  0x02, 0x82, 0x00, 0x0f, 0xff, 0xff, 0x84, 0x83, 0x67, 0xd8, 0x70, 0x01,
  0x26, 0x1f, 0x28, 0x1f, 0x4e, 0x75, 0x02, 0x80, 0x00, 0x0f, 0xff, 0xff,
  0x80, 0x84, 0x56, 0xc0, 0x48, 0x80, 0x48, 0xc0, 0x44, 0x80, 0x26, 0x1f,
  0x28, 0x1f, 0x4e, 0x75, 0x8a, 0x5f, 0x5f, 0x75, 0x6e, 0x6f, 0x72, 0x64,
  0x64, 0x66, 0x32, 0x00, 0x00, 0x00, 0x2f, 0x04, 0x2f, 0x03, 0x20, 0x2f,
  0x00, 0x0c, 0x67, 0x48, 0x22, 0x3c, 0x00, 0x00, 0x04, 0x1e, 0x0c, 0x80,
  0x01, 0xff, 0xff, 0xff, 0x62, 0x44, 0xe9, 0x88, 0x59, 0x81, 0x0c, 0x80,
  0x01, 0xff, 0xff, 0xff, 0x63, 0xf4, 0xd0, 0x80, 0x53, 0x81, 0x4a, 0x80,
  0x6c, 0xf8, 0x24, 0x00, 0x76, 0x0b, 0xe6, 0xaa, 0x08, 0x82, 0x00, 0x14,
  0xe9, 0x49, 0x48, 0x41, 0x42, 0x41, 0x28, 0x02, 0x88, 0x81, 0x26, 0x00,
  0xeb, 0x4b, 0x48, 0x43, 0x42, 0x43, 0x20, 0x04, 0x22, 0x03, 0x26, 0x1f,
  0x28, 0x1f, 0x4e, 0x75, 0x42, 0x80, 0x42, 0x81, 0x26, 0x1f, 0x28, 0x1f,
  0x4e, 0x75, 0x4a, 0x80, 0x6c, 0xc4, 0x24, 0x00, 0x76, 0x0b, 0xe6, 0xaa,
  0x08, 0x82, 0x00, 0x14, 0xe9, 0x49, 0x48, 0x41, 0x42, 0x41, 0x28, 0x02,
  0x88, 0x81, 0x26, 0x00, 0xeb, 0x4b, 0x48, 0x43, 0x42, 0x43, 0x20, 0x04,
  0x22, 0x03, 0x60, 0xca, 0x4e, 0x75, 0x8d, 0x5f, 0x5f, 0x66, 0x6c, 0x6f,
  0x61, 0x74, 0x75, 0x6e, 0x73, 0x69, 0x64, 0x66, 0x00, 0x00, 0x20, 0x2f,
  0x00, 0x04, 0x67, 0x06, 0x4e, 0xf9, 0x00, 0x00, 0x88, 0x4e, 0x42, 0x80,
  0x42, 0x81, 0x4e, 0x75, 0x8b, 0x5f, 0x5f, 0x66, 0x6c, 0x6f, 0x61, 0x74,
  0x73, 0x69, 0x64, 0x66, 0x00, 0x00, 0x2f, 0x04, 0x2f, 0x03, 0x22, 0x2f,
  0x00, 0x0c, 0x26, 0x2f, 0x00, 0x10, 0x20, 0x01, 0x67, 0x24, 0x24, 0x01,
  0x48, 0x42, 0xe8, 0x42, 0x48, 0xc2, 0x02, 0x82, 0x00, 0x00, 0x07, 0xff,
  0x20, 0x42, 0x41, 0xe8, 0xfb, 0xe3, 0xb0, 0xfc, 0x00, 0x00, 0x6f, 0x10,
  0x4a, 0x81, 0x6d, 0x4e, 0x20, 0x3c, 0x7f, 0xff, 0xff, 0xff, 0x26, 0x1f,
  0x28, 0x1f, 0x4e, 0x75, 0x78, 0xe1, 0xb8, 0x88, 0x6e, 0x48, 0x78, 0x0a,
  0xe9, 0xa9, 0x02, 0x81, 0x3f, 0xff, 0xfc, 0x00, 0x42, 0x43, 0x48, 0x43,
  0xec, 0x4b, 0x82, 0x83, 0x08, 0xc1, 0x00, 0x1e, 0xb0, 0xfc, 0x00, 0x00,
  0x67, 0x0a, 0x26, 0x3c, 0x00, 0x00, 0x04, 0x1d, 0x96, 0x82, 0xe6, 0xa1,
  0x4a, 0x80, 0x6d, 0x08, 0x20, 0x01, 0x26, 0x1f, 0x28, 0x1f, 0x4e, 0x75,
  0x20, 0x01, 0x44, 0x80, 0x26, 0x1f, 0x28, 0x1f, 0x4e, 0x75, 0x20, 0x3c,
  0x80, 0x00, 0x00, 0x00, 0x26, 0x1f, 0x28, 0x1f, 0x4e, 0x75, 0x70, 0x00,
  0x26, 0x1f, 0x28, 0x1f, 0x4e, 0x75, 0x89, 0x5f, 0x5f, 0x66, 0x69, 0x78,
  0x64, 0x66, 0x73, 0x69, 0x00, 0x00, 0x4f, 0xef, 0xff, 0xdc, 0x48, 0xe7,
  0x1c, 0x30, 0x22, 0x6f, 0x00, 0x3c, 0x24, 0x6f, 0x00, 0x40, 0x26, 0x6f,
  0x00, 0x44, 0x20, 0x09, 0x28, 0x00, 0x02, 0x84, 0x80, 0x00, 0x00, 0x00,
  0x22, 0x0a, 0x2f, 0x49, 0x00, 0x14, 0x2f, 0x4a, 0x00, 0x18, 0x2f, 0x4b,
  0x00, 0x1c, 0x26, 0x2f, 0x00, 0x1c, 0x24, 0x00, 0x08, 0x82, 0x00, 0x1f,
  0x2a, 0x0a, 0x8a, 0x83, 0x84, 0x85, 0x67, 0x7a, 0x48, 0x40, 0x48, 0xc0,
  0x02, 0x80, 0x00, 0x00, 0x7f, 0xff, 0x06, 0x80, 0xff, 0xff, 0xc4, 0x00,
  0x0c, 0x80, 0x00, 0x00, 0x07, 0xfe, 0x6e, 0x32, 0xe9, 0x48, 0x48, 0x40,
  0x42, 0x40, 0x24, 0x01, 0x7a, 0x0b, 0xea, 0xaa, 0x02, 0x82, 0x00, 0x0f,
  0xff, 0xff, 0x84, 0x84, 0xeb, 0x49, 0x48, 0x41, 0x42, 0x41, 0xea, 0xab,
  0x2a, 0x00, 0x8a, 0x82, 0x28, 0x01, 0x88, 0x83, 0x20, 0x05, 0x22, 0x04,
  0x4c, 0xdf, 0x0c, 0x38, 0x4f, 0xef, 0x00, 0x24, 0x4e, 0x75, 0x20, 0x3c,
  0x00, 0x00, 0x07, 0xfe, 0xe9, 0x48, 0x48, 0x40, 0x42, 0x40, 0x24, 0x01,
  0x7a, 0x0b, 0xea, 0xaa, 0x02, 0x82, 0x00, 0x0f, 0xff, 0xff, 0x84, 0x84,
  0xeb, 0x49, 0x48, 0x41, 0x42, 0x41, 0xea, 0xab, 0x2a, 0x00, 0x8a, 0x82,
  0x28, 0x01, 0x88, 0x83, 0x20, 0x05, 0x22, 0x04, 0x60, 0xc6, 0x91, 0xc8,
  0x20, 0x04, 0x22, 0x08, 0x4c, 0xdf, 0x0c, 0x38, 0x4f, 0xef, 0x00, 0x24,
  0x4e, 0x75, 0x8c, 0x5f, 0x5f, 0x74, 0x72, 0x75, 0x6e, 0x63, 0x78, 0x66,
  0x64, 0x66, 0x32, 0x00, 0x00, 0x00, 0x00, 0x00, 0x00, 0x00, 0x00, 0x00,
  0x00, 0x00, 0x00, 0x00, 0xff, 0xff, 0xff, 0xff, 0x00, 0x00, 0x00, 0x00,
  0x00, 0x00, 0x00, 0x00, 0x00, 0x00, 0x00, 0x00, 0x00, 0x00, 0x00, 0x00,
  0x00, 0x00, 0x00, 0x00, 0x00, 0x00, 0x00, 0x00, 0x00, 0x00, 0x00, 0x00,
  0x30, 0x30, 0x30, 0x30, 0x30, 0x30, 0x30, 0x30, 0x30, 0x30, 0x30, 0x30,
  0x30, 0x30, 0x30, 0x30, 0x20, 0x20, 0x20, 0x20, 0x20, 0x20, 0x20, 0x20,
  0x20, 0x20, 0x20, 0x20, 0x20, 0x20, 0x20, 0x20, 0x00, 0x00, 0x00, 0x05,
  0x00, 0x00, 0x00, 0x19, 0x00, 0x00, 0x00, 0x7d, 0x3c, 0x9c, 0xd2, 0xb2,
  0x97, 0xd8, 0x89, 0xbc, 0x39, 0x49, 0xf6, 0x23, 0xd5, 0xa8, 0xa7, 0x33,
  0x32, 0xa5, 0x0f, 0xfd, 0x44, 0xf4, 0xa7, 0x3d, 0x25, 0x5b, 0xba, 0x08,
  0xcf, 0x8c, 0x97, 0x9d, 0x0a, 0xc8, 0x06, 0x28, 0x64, 0xac, 0x6f, 0x43,
  0x43, 0x41, 0xc3, 0x79, 0x37, 0xe0, 0x80, 0x00, 0x46, 0x93, 0xb8, 0xb5,
  0xb5, 0x05, 0x6e, 0x17, 0x4d, 0x38, 0x4f, 0x03, 0xe9, 0x3f, 0xf9, 0xf5,
  0x5a, 0x82, 0x77, 0x48, 0xf9, 0x30, 0x1d, 0x32, 0x75, 0x15, 0x4f, 0xdd,
  0x7f, 0x73, 0xbf, 0x3c, 0x3f, 0xf0, 0x00, 0x00, 0x00, 0x00, 0x00, 0x00,
  0x40, 0x24, 0x00, 0x00, 0x00, 0x00, 0x00, 0x00, 0x40, 0x59, 0x00, 0x00,
  0x00, 0x00, 0x00, 0x00, 0x40, 0x8f, 0x40, 0x00, 0x00, 0x00, 0x00, 0x00,
  0x40, 0xc3, 0x88, 0x00, 0x00, 0x00, 0x00, 0x00, 0x40, 0xf8, 0x6a, 0x00,
  0x00, 0x00, 0x00, 0x00, 0x41, 0x2e, 0x84, 0x80, 0x00, 0x00, 0x00, 0x00,
  0x41, 0x63, 0x12, 0xd0, 0x00, 0x00, 0x00, 0x00, 0x41, 0x97, 0xd7, 0x84,
  0x00, 0x00, 0x00, 0x00, 0x41, 0xcd, 0xcd, 0x65, 0x00, 0x00, 0x00, 0x00,
  0x42, 0x02, 0xa0, 0x5f, 0x20, 0x00, 0x00, 0x00, 0x42, 0x37, 0x48, 0x76,
  0xe8, 0x00, 0x00, 0x00, 0x42, 0x6d, 0x1a, 0x94, 0xa2, 0x00, 0x00, 0x00,
  0x42, 0xa2, 0x30, 0x9c, 0xe5, 0x40, 0x00, 0x00, 0x42, 0xd6, 0xbc, 0xc4,
  0x1e, 0x90, 0x00, 0x00, 0x43, 0x0c, 0x6b, 0xf5, 0x26, 0x34, 0x00, 0x00,
  0x43, 0x41, 0xc3, 0x79, 0x37, 0xe0, 0x80, 0x00, 0x43, 0x76, 0x34, 0x57,
  0x85, 0xd8, 0xa0, 0x00, 0x43, 0xab, 0xc1, 0x6d, 0x67, 0x4e, 0xc8, 0x00,
  0x43, 0xe1, 0x58, 0xe4, 0x60, 0x91, 0x3d, 0x00, 0x44, 0x15, 0xaf, 0x1d,
  0x78, 0xb5, 0x8c, 0x40, 0x44, 0x4b, 0x1a, 0xe4, 0xd6, 0xe2, 0xef, 0x50,
  0x44, 0x80, 0xf0, 0xcf, 0x06, 0x4d, 0xd5, 0x92, 0x44, 0xb5, 0x2d, 0x02,
  0xc7, 0xe1, 0x4a, 0xf6, 0x44, 0xea, 0x78, 0x43, 0x79, 0xd9, 0x9d, 0xb4,
  0x00, 0x20, 0x20, 0x20, 0x20, 0x20, 0x20, 0x20, 0x20, 0x20, 0x28, 0x28,
  0x28, 0x28, 0x28, 0x20, 0x20, 0x20, 0x20, 0x20, 0x20, 0x20, 0x20, 0x20,
  0x20, 0x20, 0x20, 0x20, 0x20, 0x20, 0x20, 0x20, 0x20, 0x88, 0x10, 0x10,
  0x10, 0x10, 0x10, 0x10, 0x10, 0x10, 0x10, 0x10, 0x10, 0x10, 0x10, 0x10,
  0x10, 0x04, 0x04, 0x04, 0x04, 0x04, 0x04, 0x04, 0x04, 0x04, 0x04, 0x10,
  0x10, 0x10, 0x10, 0x10, 0x10, 0x10, 0x41, 0x41, 0x41, 0x41, 0x41, 0x41,
  0x01, 0x01, 0x01, 0x01, 0x01, 0x01, 0x01, 0x01, 0x01, 0x01, 0x01, 0x01,
  0x01, 0x01, 0x01, 0x01, 0x01, 0x01, 0x01, 0x01, 0x10, 0x10, 0x10, 0x10,
  0x10, 0x10, 0x42, 0x42, 0x42, 0x42, 0x42, 0x42, 0x02, 0x02, 0x02, 0x02,
  0x02, 0x02, 0x02, 0x02, 0x02, 0x02, 0x02, 0x02, 0x02, 0x02, 0x02, 0x02,
  0x02, 0x02, 0x02, 0x02, 0x10, 0x10, 0x10, 0x10, 0x20, 0x00, 0x00, 0x00,
  0x00, 0x00, 0x00, 0x00, 0x00, 0x00, 0x00, 0x00, 0x00, 0x00, 0x00, 0x00,
  0x00, 0x00, 0x00, 0x00, 0x00, 0x00, 0x00, 0x00, 0x00, 0x00, 0x00, 0x00,
  0x00, 0x00, 0x00, 0x00, 0x00, 0x00, 0x00, 0x00, 0x00, 0x00, 0x00, 0x00,
  0x00, 0x00, 0x00, 0x00, 0x00, 0x00, 0x00, 0x00, 0x00, 0x00, 0x00, 0x00,
  0x00, 0x00, 0x00, 0x00, 0x00, 0x00, 0x00, 0x00, 0x00, 0x00, 0x00, 0x00,
  0x00, 0x00, 0x00, 0x00, 0x00, 0x00, 0x00, 0x00, 0x00, 0x00, 0x00, 0x00,
  0x00, 0x00, 0x00, 0x00, 0x00, 0x00, 0x00, 0x00, 0x00, 0x00, 0x00, 0x00,
  0x00, 0x00, 0x00, 0x00, 0x00, 0x00, 0x00, 0x00, 0x00, 0x00, 0x00, 0x00,
  0x00, 0x00, 0x00, 0x00, 0x00, 0x00, 0x00, 0x00, 0x00, 0x00, 0x00, 0x00,
  0x00, 0x00, 0x00, 0x00, 0x00, 0x00, 0x00, 0x00, 0x00, 0x00, 0x00, 0x00,
  0x00, 0x00, 0x00, 0x00, 0x00, 0x30, 0x30, 0x30, 0x30, 0x30, 0x30, 0x30,
  0x30, 0x30, 0x30, 0x30, 0x30, 0x30, 0x30, 0x30, 0x30, 0x20, 0x20, 0x20,
  0x20, 0x20, 0x20, 0x20, 0x20, 0x20, 0x20, 0x20, 0x20, 0x20, 0x20, 0x20,
  0x20, 0x00, 0x00, 0x01, 0x00, 0x03, 0x00, 0x02, 0x00, 0x00, 0x00, 0x0a,
  0x10, 0x48, 0x6f, 0x73, 0x74, 0x3a, 0x5f, 0x62, 0x72, 0x69, 0x64, 0x67,
  0x65, 0x5f, 0x63, 0x6d, 0x64, 0x00, 0x4c, 0x41, 0x55, 0x4e, 0x43, 0x48,
  0x20, 0x00, 0x51, 0x55, 0x49, 0x54, 0x00, 0x13, 0x48, 0x6f, 0x73, 0x74,
  0x3a, 0x5f, 0x62, 0x72, 0x69, 0x64, 0x67, 0x65, 0x5f, 0x72, 0x65, 0x73,
  0x75, 0x6c, 0x74, 0x00, 0x25, 0x64, 0x0d, 0x00, 0x49, 0x4e, 0x46, 0x00,
  0x69, 0x6e, 0x66, 0x00, 0x4e, 0x41, 0x4e, 0x00, 0x6e, 0x61, 0x6e, 0x00,
  0x30, 0x31, 0x32, 0x33, 0x34, 0x35, 0x36, 0x37, 0x38, 0x39, 0x41, 0x42,
  0x43, 0x44, 0x45, 0x46, 0x00, 0x30, 0x31, 0x32, 0x33, 0x34, 0x35, 0x36,
  0x37, 0x38, 0x39, 0x61, 0x62, 0x63, 0x64, 0x65, 0x66, 0x00, 0x28, 0x6e,
  0x75, 0x6c, 0x6c, 0x29, 0x00, 0x30, 0x00, 0x49, 0x6e, 0x66, 0x69, 0x6e,
  0x69, 0x74, 0x79, 0x00, 0x4e, 0x61, 0x4e, 0x00, 0x42, 0x61, 0x6c, 0x6c,
  0x6f, 0x63, 0x20, 0x73, 0x75, 0x63, 0x63, 0x65, 0x65, 0x64, 0x65, 0x64,
  0x00, 0x2f, 0x68, 0x6f, 0x6d, 0x65, 0x2f, 0x6d, 0x69, 0x63, 0x6b, 0x2f,
  0x52, 0x65, 0x74, 0x72, 0x6f, 0x36, 0x38, 0x2f, 0x67, 0x63, 0x63, 0x2f,
  0x6e, 0x65, 0x77, 0x6c, 0x69, 0x62, 0x2f, 0x6c, 0x69, 0x62, 0x63, 0x2f,
  0x73, 0x74, 0x64, 0x6c, 0x69, 0x62, 0x2f, 0x64, 0x74, 0x6f, 0x61, 0x2e,
  0x63, 0x00, 0x43, 0x00, 0x50, 0x4f, 0x53, 0x49, 0x58, 0x00, 0x2e, 0x00,
  0x2f, 0x68, 0x6f, 0x6d, 0x65, 0x2f, 0x6d, 0x69, 0x63, 0x6b, 0x2f, 0x52,
  0x65, 0x74, 0x72, 0x6f, 0x36, 0x38, 0x2f, 0x67, 0x63, 0x63, 0x2f, 0x6e,
  0x65, 0x77, 0x6c, 0x69, 0x62, 0x2f, 0x6c, 0x69, 0x62, 0x63, 0x2f, 0x73,
  0x74, 0x64, 0x6c, 0x69, 0x62, 0x2f, 0x6d, 0x70, 0x72, 0x65, 0x63, 0x2e,
  0x63, 0x00, 0x2c, 0x20, 0x66, 0x75, 0x6e, 0x63, 0x74, 0x69, 0x6f, 0x6e,
  0x3a, 0x20, 0x00, 0x61, 0x73, 0x73, 0x65, 0x72, 0x74, 0x69, 0x6f, 0x6e,
  0x20, 0x22, 0x25, 0x73, 0x22, 0x20, 0x66, 0x61, 0x69, 0x6c, 0x65, 0x64,
  0x3a, 0x20, 0x66, 0x69, 0x6c, 0x65, 0x20, 0x22, 0x25, 0x73, 0x22, 0x2c,
  0x20, 0x6c, 0x69, 0x6e, 0x65, 0x20, 0x25, 0x64, 0x25, 0x73, 0x25, 0x73,
  0x0a, 0x00, 0x00, 0x00, 0x00, 0x00, 0x8f, 0x90, 0x00, 0x00, 0x00, 0x00,
  0x00, 0x00, 0x92, 0x7a, 0x00, 0x00, 0x92, 0xe2, 0x00, 0x00, 0x93, 0x4a,
  0x00, 0x00, 0x00, 0x00, 0x00, 0x00, 0x00, 0x00, 0x00, 0x00, 0x00, 0x00,
  0x00, 0x00, 0x00, 0x00, 0x00, 0x00, 0x00, 0x00, 0x00, 0x00, 0x00, 0x00,
  0x00, 0x00, 0x00, 0x00, 0x00, 0x00, 0x00, 0x00, 0x00, 0x00, 0x00, 0x00,
  0x00, 0x00, 0x00, 0x00, 0x00, 0x00, 0x00, 0x00, 0x00, 0x00, 0x00, 0x00,
  0x00, 0x00, 0x00, 0x00, 0x00, 0x00, 0x00, 0x00, 0x00, 0x00, 0x00, 0x00,
  0x00, 0x00, 0x00, 0x00, 0x00, 0x00, 0x00, 0x00, 0x00, 0x00, 0x00, 0x00,
  0x00, 0x00, 0x00, 0x00, 0x00, 0x00, 0x00, 0x00, 0x00, 0x00, 0x00, 0x00,
  0x00, 0x00, 0x00, 0x00, 0x00, 0x00, 0x00, 0x00, 0x00, 0x00, 0x00, 0x00,
  0x00, 0x00, 0x00, 0x00, 0x00, 0x00, 0x00, 0x00, 0x00, 0x00, 0x00, 0x00,
  0x00, 0x00, 0x00, 0x00, 0x00, 0x00, 0x00, 0x00, 0x00, 0x00, 0x00, 0x00,
  0x00, 0x00, 0x00, 0x00, 0x00, 0x00, 0x00, 0x00, 0x00, 0x00, 0x00, 0x00,
  0x00, 0x00, 0x00, 0x00, 0x00, 0x00, 0x00, 0x00, 0x00, 0x00, 0x00, 0x00,
  0x00, 0x00, 0x00, 0x00, 0x00, 0x00, 0x00, 0x01, 0x33, 0x0e, 0xab, 0xcd,
  0x12, 0x34, 0xe6, 0x6d, 0xde, 0xec, 0x00, 0x05, 0x00, 0x0b, 0x00, 0x00,
  0x00, 0x00, 0x00, 0x00, 0x00, 0x00, 0x00, 0x00, 0x00, 0x00, 0x00, 0x00,
  0x00, 0x00, 0x00, 0x00, 0x00, 0x00, 0x00, 0x00, 0x00, 0x00, 0x00, 0x00,
  0x00, 0x00, 0x00, 0x00, 0x00, 0x00, 0x00, 0x00, 0x00, 0x00, 0x00, 0x00,
  0x00, 0x00, 0x00, 0x00, 0x00, 0x00, 0x00, 0x00, 0x00, 0x00, 0x00, 0x00,
  0x00, 0x00, 0x00, 0x00, 0x00, 0x00, 0x00, 0x00, 0x00, 0x00, 0x00, 0x00,
  0x00, 0x00, 0x00, 0x00, 0x00, 0x00, 0x00, 0x00, 0x00, 0x00, 0x00, 0x00,
  0x00, 0x00, 0x00, 0x00, 0x00, 0x00, 0x00, 0x00, 0x00, 0x00, 0x00, 0x00,
  0x00, 0x00, 0x00, 0x00, 0x00, 0x00, 0x00, 0x00, 0x00, 0x00, 0x00, 0x00,
  0x00, 0x00, 0x00, 0x00, 0x00, 0x00, 0x00, 0x00, 0x00, 0x00, 0x00, 0x00,
  0x00, 0x00, 0x00, 0x00, 0x00, 0x00, 0x00, 0x00, 0x00, 0x00, 0x00, 0x00,
  0x00, 0x00, 0x00, 0x00, 0x00, 0x00, 0x00, 0x00, 0x00, 0x00, 0x00, 0x00,
  0x00, 0x00, 0x00, 0x00, 0x00, 0x00, 0x00, 0x00, 0x00, 0x00, 0x00, 0x00,
  0x00, 0x00, 0x00, 0x00, 0x00, 0x00, 0x00, 0x00, 0x00, 0x00, 0x00, 0x00,
  0x00, 0x00, 0x00, 0x00, 0x00, 0x00, 0x00, 0x00, 0x00, 0x00, 0x00, 0x00,
  0x00, 0x00, 0x00, 0x00, 0x00, 0x00, 0x00, 0x00, 0x00, 0x00, 0x00, 0x00,
  0x00, 0x00, 0x00, 0x00, 0x00, 0x00, 0x00, 0x00, 0x00, 0x00, 0x00, 0x00,
  0x00, 0x00, 0x00, 0x00, 0x00, 0x00, 0x00, 0x00, 0x00, 0x00, 0x00, 0x00,
  0x00, 0x00, 0x00, 0x00, 0x00, 0x00, 0x00, 0x00, 0x00, 0x00, 0x00, 0x00,
  0x00, 0x00, 0x00, 0x00, 0x00, 0x00, 0x00, 0x00, 0x00, 0x00, 0x00, 0x00,
  0x00, 0x00, 0x00, 0x00, 0x00, 0x00, 0x00, 0x00, 0x00, 0x00, 0x00, 0x00,
  0x00, 0x00, 0x00, 0x00, 0x00, 0x00, 0x00, 0x00, 0x00, 0x00, 0x00, 0x00,
  0x00, 0x00, 0x00, 0x00, 0x00, 0x00, 0x00, 0x00, 0x00, 0x00, 0x00, 0x00,
  0x00, 0x00, 0x00, 0x00, 0x00, 0x00, 0x00, 0x00, 0x00, 0x00, 0x00, 0x00,
  0x00, 0x00, 0x00, 0x00, 0x00, 0x00, 0x00, 0x00, 0x00, 0x00, 0x00, 0x00,
  0x00, 0x00, 0x00, 0x00, 0x00, 0x00, 0x00, 0x00, 0x00, 0x00, 0x00, 0x00,
  0x00, 0x00, 0x00, 0x00, 0x00, 0x00, 0x00, 0x00, 0x00, 0x00, 0x00, 0x00,
  0x00, 0x00, 0x00, 0x00, 0x00, 0x00, 0x00, 0x00, 0x00, 0x00, 0x00, 0x00,
  0x00, 0x00, 0x00, 0x00, 0x00, 0x00, 0x00, 0x00, 0x00, 0x00, 0x00, 0x00,
  0x00, 0x00, 0x00, 0x00, 0x00, 0x00, 0x00, 0x00, 0x00, 0x00, 0x00, 0x00,
  0x00, 0x00, 0x00, 0x00, 0x00, 0x00, 0x00, 0x00, 0x00, 0x00, 0x00, 0x00,
  0x00, 0x00, 0x00, 0x00, 0x00, 0x00, 0x00, 0x00, 0x00, 0x00, 0x00, 0x00,
  0x00, 0x00, 0x00, 0x00, 0x00, 0x00, 0x00, 0x00, 0x00, 0x00, 0x00, 0x00,
  0x00, 0x00, 0x00, 0x00, 0x00, 0x00, 0x00, 0x00, 0x00, 0x00, 0x00, 0x00,
  0x00, 0x00, 0x00, 0x00, 0x00, 0x00, 0x00, 0x00, 0x00, 0x00, 0x00, 0x00,
  0x00, 0x00, 0x00, 0x00, 0x00, 0x00, 0x00, 0x00, 0x00, 0x00, 0x00, 0x00,
  0x00, 0x00, 0x00, 0x00, 0x00, 0x00, 0x00, 0x00, 0x00, 0x00, 0x00, 0x00,
  0x00, 0x00, 0x00, 0x00, 0x00, 0x00, 0x00, 0x00, 0x00, 0x00, 0x00, 0x00,
  0x00, 0x00, 0x00, 0x00, 0x00, 0x00, 0x00, 0x00, 0x00, 0x00, 0x00, 0x00,
  0x00, 0x00, 0x00, 0x00, 0x00, 0x00, 0x00, 0x00, 0x00, 0x00, 0x00, 0x00,
  0x00, 0x00, 0x00, 0x00, 0x00, 0x00, 0x00, 0x00, 0x00, 0x00, 0x00, 0x00,
  0x00, 0x00, 0x00, 0x00, 0x00, 0x00, 0x00, 0x00, 0x00, 0x00, 0x00, 0x00,
  0x00, 0x00, 0x00, 0x00, 0x00, 0x00, 0x00, 0x00, 0x00, 0x00, 0x00, 0x00,
  0x00, 0x00, 0x00, 0x00, 0x00, 0x00, 0x00, 0x00, 0x00, 0x00, 0x00, 0x00,
  0x00, 0x00, 0x00, 0x00, 0x00, 0x00, 0x00, 0x00, 0x00, 0x00, 0x00, 0x00,
  0x00, 0x00, 0x00, 0x00, 0x00, 0x00, 0x00, 0x00, 0x00, 0x00, 0x00, 0x00,
  0x00, 0x00, 0x00, 0x00, 0x00, 0x00, 0x00, 0x00, 0x00, 0x00, 0x00, 0x00,
  0x00, 0x00, 0x00, 0x00, 0x00, 0x00, 0x00, 0x00, 0x00, 0x00, 0x00, 0x00,
  0x00, 0x00, 0x00, 0x00, 0x00, 0x00, 0x00, 0x00, 0x00, 0x00, 0x00, 0x00,
  0x00, 0x00, 0x00, 0x00, 0x00, 0x00, 0x00, 0x00, 0x00, 0x00, 0x00, 0x00,
  0x00, 0x00, 0x00, 0x00, 0x00, 0x00, 0x00, 0x00, 0x00, 0x00, 0x00, 0x00,
  0x00, 0x00, 0x00, 0x00, 0x00, 0x00, 0x00, 0x00, 0x00, 0x00, 0x00, 0x00,
  0x00, 0x00, 0x00, 0x00, 0x00, 0x00, 0x00, 0x00, 0x00, 0x00, 0x00, 0x00,
  0x00, 0x00, 0x00, 0x00, 0x00, 0x00, 0x00, 0x00, 0x00, 0x00, 0x00, 0x00,
  0x00, 0x00, 0x00, 0x00, 0x00, 0x00, 0x00, 0x00, 0x00, 0x00, 0x00, 0x00,
  0x00, 0x00, 0x00, 0x00, 0x00, 0x00, 0x00, 0x00, 0x00, 0x00, 0x00, 0x00,
  0x00, 0x00, 0x00, 0x00, 0x00, 0x00, 0x00, 0x00, 0x00, 0x00, 0x00, 0x00,
  0x00, 0x00, 0x00, 0x00, 0x00, 0x00, 0x00, 0x00, 0x00, 0x00, 0x00, 0x00,
  0x00, 0x00, 0x00, 0x00, 0x00, 0x00, 0x00, 0x00, 0x00, 0x00, 0x00, 0x00,
  0x00, 0x00, 0x00, 0x00, 0x00, 0x00, 0x00, 0x00, 0x00, 0x00, 0x00, 0x00,
  0x00, 0x00, 0x00, 0x00, 0x00, 0x00, 0x00, 0x00, 0x00, 0x00, 0x00, 0x00,
  0x00, 0x00, 0x00, 0x00, 0x00, 0x00, 0x00, 0x00, 0x00, 0x00, 0x00, 0x00,
  0x00, 0x00, 0x00, 0x00, 0x00, 0x00, 0x00, 0x00, 0x00, 0x00, 0x00, 0x00,
  0x00, 0x00, 0x00, 0x00, 0x00, 0x00, 0x00, 0x00, 0x00, 0x00, 0x00, 0x00,
  0x00, 0x00, 0x00, 0x00, 0x00, 0x00, 0x00, 0x00, 0x00, 0x00, 0x00, 0x00,
  0x00, 0x00, 0x00, 0x00, 0x00, 0x00, 0x00, 0x00, 0x00, 0x00, 0x00, 0x00,
  0x00, 0x00, 0x00, 0x00, 0x00, 0x00, 0x00, 0x00, 0x00, 0x00, 0x00, 0x00,
  0x00, 0x00, 0x00, 0x00, 0x00, 0x00, 0x00, 0x00, 0x00, 0x00, 0x00, 0x00,
  0x00, 0x00, 0x00, 0x00, 0x00, 0x00, 0x00, 0x00, 0x00, 0x00, 0x00, 0x00,
  0x00, 0x00, 0x00, 0x00, 0x00, 0x00, 0x00, 0x00, 0x00, 0x00, 0x00, 0x00,
  0x00, 0x00, 0x00, 0x00, 0x00, 0x00, 0x00, 0x00, 0x00, 0x00, 0x00, 0x00,
  0x00, 0x00, 0x00, 0x00, 0x00, 0x00, 0x00, 0x00, 0x00, 0x00, 0x00, 0x00,
  0x00, 0x00, 0x00, 0x00, 0x00, 0x00, 0x00, 0x00, 0x00, 0x00, 0x00, 0x00,
  0x00, 0x00, 0x00, 0x00, 0x00, 0x00, 0x00, 0x00, 0x00, 0x00, 0x00, 0x00,
  0x43, 0x00, 0x00, 0x00, 0x00, 0x00, 0x00, 0x00, 0x00, 0x00, 0x00, 0x00,
  0x00, 0x00, 0x00, 0x00, 0x00, 0x00, 0x00, 0x00, 0x00, 0x00, 0x00, 0x00,
  0x00, 0x00, 0x00, 0x00, 0x00, 0x00, 0x00, 0x00, 0x43, 0x00, 0x00, 0x00,
  0x00, 0x00, 0x00, 0x00, 0x00, 0x00, 0x00, 0x00, 0x00, 0x00, 0x00, 0x00,
  0x00, 0x00, 0x00, 0x00, 0x00, 0x00, 0x00, 0x00, 0x00, 0x00, 0x00, 0x00,
  0x00, 0x00, 0x00, 0x00, 0x43, 0x00, 0x00, 0x00, 0x00, 0x00, 0x00, 0x00,
  0x00, 0x00, 0x00, 0x00, 0x00, 0x00, 0x00, 0x00, 0x00, 0x00, 0x00, 0x00,
  0x00, 0x00, 0x00, 0x00, 0x00, 0x00, 0x00, 0x00, 0x00, 0x00, 0x00, 0x00,
  0x43, 0x00, 0x00, 0x00, 0x00, 0x00, 0x00, 0x00, 0x00, 0x00, 0x00, 0x00,
  0x00, 0x00, 0x00, 0x00, 0x00, 0x00, 0x00, 0x00, 0x00, 0x00, 0x00, 0x00,
  0x00, 0x00, 0x00, 0x00, 0x00, 0x00, 0x00, 0x00, 0x43, 0x00, 0x00, 0x00,
  0x00, 0x00, 0x00, 0x00, 0x00, 0x00, 0x00, 0x00, 0x00, 0x00, 0x00, 0x00,
  0x00, 0x00, 0x00, 0x00, 0x00, 0x00, 0x00, 0x00, 0x00, 0x00, 0x00, 0x00,
  0x00, 0x00, 0x00, 0x00, 0x43, 0x00, 0x00, 0x00, 0x00, 0x00, 0x00, 0x00,
  0x00, 0x00, 0x00, 0x00, 0x00, 0x00, 0x00, 0x00, 0x00, 0x00, 0x00, 0x00,
  0x00, 0x00, 0x00, 0x00, 0x00, 0x00, 0x00, 0x00, 0x00, 0x00, 0x00, 0x00,
  0x43, 0x00, 0x00, 0x00, 0x00, 0x00, 0x00, 0x00, 0x00, 0x00, 0x00, 0x00,
  0x00, 0x00, 0x00, 0x00, 0x00, 0x00, 0x00, 0x00, 0x00, 0x00, 0x00, 0x00,
  0x00, 0x00, 0x00, 0x00, 0x00, 0x00, 0x00, 0x00, 0x00, 0x00, 0x57, 0x94,
  0x00, 0x00, 0x49, 0xdc, 0x00, 0x00, 0x00, 0x00, 0x00, 0x00, 0x8d, 0x24,
  0x00, 0x00, 0x8f, 0x1a, 0x00, 0x00, 0x8f, 0x89, 0x00, 0x00, 0x8f, 0x89,
  0x00, 0x00, 0x8f, 0x89, 0x00, 0x00, 0x8f, 0x89, 0x00, 0x00, 0x8f, 0x89,
  0x00, 0x00, 0x8f, 0x89, 0x00, 0x00, 0x8f, 0x89, 0x00, 0x00, 0x8f, 0x89,
  0x00, 0x00, 0x8f, 0x89, 0x7f, 0x7f, 0x7f, 0x7f, 0x7f, 0x7f, 0x7f, 0x7f,
  0x7f, 0x7f, 0x7f, 0x7f, 0x7f, 0x7f, 0x01, 0x00, 0x41, 0x53, 0x43, 0x49,
  0x49, 0x00, 0x00, 0x00, 0x00, 0x00, 0x00, 0x00, 0x00, 0x00, 0x00, 0x00,
  0x00, 0x00, 0x00, 0x00, 0x00, 0x00, 0x00, 0x00, 0x00, 0x00, 0x00, 0x00,
  0x00, 0x00, 0x00, 0x00, 0x41, 0x53, 0x43, 0x49, 0x49, 0x00, 0x00, 0x00,
  0x00, 0x00, 0x00, 0x00, 0x00, 0x00, 0x00, 0x00, 0x00, 0x00, 0x00, 0x00,
  0x00, 0x00, 0x00, 0x00, 0x00, 0x00, 0x00, 0x00, 0x00, 0x00, 0x00, 0x00,
  0x00, 0x00, 0x00, 0x00, 0x00, 0x00, 0x00, 0x00, 0x00, 0x00, 0x00, 0x00,
  0x00, 0x00, 0x00, 0x00, 0x00, 0x00, 0x00, 0x00, 0x00, 0x00, 0x00, 0x00,
  0x00, 0x00, 0x00, 0x00, 0x00, 0x00, 0x00, 0x00, 0x00, 0x00, 0x00, 0x00,
  0xc4, 0x0e, 0x58, 0xb0, 0x01, 0x38, 0x41, 0x3a, 0x3a, 0xd0, 0x02, 0x70,
  0x48, 0xc0, 0x01, 0x50, 0x70, 0x30, 0x31, 0x29, 0x32, 0x32, 0xc0, 0x03,
  0xa8, 0x01, 0x38, 0x41, 0x3a, 0x3a, 0x70, 0x30, 0x31, 0x29, 0x32, 0x32,
  0x98, 0x06, 0xc8, 0x03, 0x80, 0x01, 0xc0, 0x03, 0x60, 0x80, 0x02, 0x60,
  0x98, 0x02, 0x28, 0x50, 0xb9, 0x02, 0x70, 0x30, 0xd1, 0x10, 0xa0, 0x02,
  0x48, 0x30, 0xb1, 0x01, 0x20, 0x58, 0xf8, 0x01, 0x20, 0x49, 0xa9, 0x02,
  0x48, 0x58, 0x40, 0x61, 0x69, 0x89, 0x02, 0x48, 0x60, 0x40, 0xc8, 0x01,
  0x1a, 0x80, 0x01, 0x30, 0x72, 0x18, 0x90, 0x02, 0xb1, 0x09, 0xe8, 0x01,
  0xe8, 0x01, 0xf8, 0x08, 0x40, 0xb8, 0x05, 0x88, 0x0b, 0xc8, 0x0c, 0xd8,
  0x01, 0xe8, 0x01, 0x70, 0x71, 0x91, 0x03, 0x91, 0x02, 0xa9, 0x02, 0xd1,
  0x01, 0xf8, 0x01, 0x51, 0x90, 0x04, 0x49, 0xd1, 0x01, 0xa8, 0x01, 0xb0,
  0x01, 0xa1, 0x02, 0xa1, 0x02, 0xd0, 0x01, 0x49, 0xd1, 0x01, 0xa8, 0x01,
  0xa8, 0x15, 0xb1, 0x02, 0xc0, 0x03, 0xe8, 0x01, 0x90, 0x03, 0xf0, 0x04,
  0x80, 0x05, 0xb8, 0x01, 0xb0, 0x02, 0xc0, 0x01, 0x98, 0x01, 0x79, 0xf9,
  0x01, 0x88, 0x03, 0xc0, 0x01, 0xb0, 0x08, 0x49, 0xd1, 0x01, 0xa0, 0x03,
  0x78, 0x80, 0x01, 0xa1, 0x06, 0xc8, 0x02, 0xd9, 0x02, 0x50, 0xf8, 0x01,
  0x79, 0x81, 0x02, 0xe8, 0x06, 0x81, 0x01, 0xd8, 0x09, 0xc0, 0x01, 0xa0,
  0x03, 0x58, 0x98, 0x05, 0xa0, 0x01, 0xd8, 0x01, 0x91, 0x02, 0xd8, 0x02,
  0x39, 0xd1, 0x01, 0x99, 0x01, 0xa8, 0x02, 0xb0, 0x01, 0x90, 0x05, 0xc0,
  0x01, 0xc1, 0x02, 0x58, 0xc8, 0x01, 0xd0, 0x02, 0xc8, 0x01, 0xa8, 0x01,
  0xf0, 0x01, 0xa0, 0x03, 0x80, 0x04, 0xd0, 0x01, 0xa9, 0x09, 0xf1, 0x02,
  0xb0, 0x01, 0x98, 0x07, 0x68, 0xc8, 0x05, 0xa8, 0x07, 0x88, 0x02, 0x81,
  0x01, 0x19, 0x98, 0x01, 0xb0, 0x02, 0x98, 0x01, 0x28, 0xb0, 0x01, 0x40,
  0x90, 0x01, 0x48, 0x48, 0x91, 0x01, 0x31, 0x58, 0x98, 0x06, 0x20, 0xf1,
  0x01, 0x88, 0x01, 0x21, 0x19, 0x38, 0x81, 0x01, 0x80, 0x03, 0x48, 0x80,
  0x01, 0xc1, 0x01, 0x39, 0x58, 0x58, 0x38, 0x98, 0x01, 0x58, 0x88, 0x01,
  0xf0, 0x01, 0x48, 0xa0, 0x02, 0x38, 0x38, 0x80, 0x01, 0x80, 0x01, 0xe9,
  0x03, 0x21, 0xb8, 0x02, 0x28, 0xb0, 0x01, 0x40, 0x90, 0x01, 0x48, 0x48,
  0x48, 0x38, 0xb9, 0x04, 0xb0, 0x01, 0x80, 0x01, 0x80, 0x01, 0x70, 0xa0,
  0x01, 0x81, 0x01, 0xb8, 0x02, 0xa0, 0x01, 0x20, 0x90, 0x01, 0x60, 0x40,
  0x30, 0x90, 0x01, 0xb8, 0x02, 0xb0, 0x01, 0x30, 0x80, 0x01, 0xa8, 0x01,
  0x98, 0x01, 0x68, 0x80, 0x02, 0xa8, 0x02, 0xe0, 0x01, 0xe0, 0x04, 0x38,
  0x20, 0x88, 0x05, 0x30, 0x38, 0xb8, 0x01, 0x48, 0x80, 0x01, 0x48, 0xb8,
  0x01, 0xc8, 0x02, 0x90, 0x01, 0xd8, 0x01, 0x38, 0x98, 0x01, 0x20, 0x70,
  0x20, 0x88, 0x01, 0xb8, 0x01, 0x20, 0xb8, 0x04, 0x90, 0x03, 0x20, 0x20,
  0x48, 0xd0, 0x01, 0xb0, 0x06, 0x98, 0x02, 0xd8, 0x07, 0x48, 0xd0, 0x02,
  0xb0, 0x01, 0x41, 0x21, 0xb8, 0x04, 0xa0, 0x02, 0xf0, 0x01, 0x80, 0x01,
  0x38, 0xd0, 0x03, 0x80, 0x01, 0xb8, 0x05, 0x80, 0x02, 0x61, 0x51, 0xa9,
  0x01, 0xf0, 0x03, 0x68, 0x68, 0xf0, 0x01, 0x40, 0x78, 0x20, 0x20, 0x48,
  0xa8, 0x01, 0x90, 0x04, 0xb0, 0x01, 0x90, 0x02, 0xa0, 0x01, 0xa0, 0x04,
  0x68, 0xe9, 0x01, 0x31, 0x18, 0x19, 0x59, 0x31, 0x18, 0x48, 0x20, 0xf9,
  0x02, 0x61, 0x88, 0x0b, 0xb8, 0x01, 0xd8, 0x03, 0xd8, 0x03, 0x88, 0x01,
  0xd1, 0x01, 0x31, 0x18, 0xc0, 0x09, 0x49, 0x31, 0x18, 0x40, 0xf0, 0x03,
  0xa8, 0x03, 0xc8, 0x03, 0xc9, 0x07, 0x31, 0x18, 0xf0, 0x01, 0xb9, 0x03,
  0x38, 0x58, 0x88, 0x01, 0x29, 0x31, 0x18, 0xb0, 0x02, 0x91, 0x06, 0x31,
  0x18, 0x98, 0x05, 0xc8, 0x01, 0xc1, 0x0a, 0x31, 0x18, 0x19, 0x31, 0x18,
  0xa8, 0x01, 0xe8, 0x01, 0x80, 0x03, 0xc0, 0x01, 0xa1, 0x01, 0x31, 0x18,
  0xc0, 0x01, 0xe8, 0x02, 0x58, 0xf0, 0x04, 0x60, 0xe1, 0x03, 0x69, 0x19,
  0x28, 0x18, 0x19, 0x61, 0x19, 0x28, 0x18, 0xa1, 0x01, 0x18, 0xe0, 0x09,
  0xb8, 0x03, 0xe8, 0x08, 0x90, 0x09, 0xd8, 0x03, 0xd8, 0x06, 0x80, 0x03,
  0xc8, 0x03, 0xe8, 0x03, 0xa0, 0x02, 0x71, 0xe9, 0x01, 0xb1, 0x03, 0xf8,
  0x01, 0x69, 0xa1, 0x02, 0xc0, 0x01, 0xa1, 0x02, 0x89, 0x02, 0xf0, 0x02,
  0xc0, 0x02, 0x49, 0xf1, 0x01, 0xc0, 0x01, 0x68, 0xf8, 0x19, 0x88, 0x01,
  0xa0, 0x02, 0x81, 0x02, 0x98, 0x02, 0xb0, 0x0b, 0x99, 0x01, 0xc0, 0x07,
  0xf8, 0x03, 0x91, 0x01, 0xb9, 0x03, 0xb1, 0x02, 0x98, 0x01, 0xd9, 0x02,
  0xf8, 0x06, 0xb0, 0x01, 0x99, 0x01, 0xf0, 0x03, 0x68, 0xc8, 0x02, 0xc8,
  0x02, 0x28, 0x98, 0x06, 0xc0, 0x09, 0x68, 0x50, 0x28, 0x80, 0x01, 0xb0,
  0x02, 0x30, 0x20, 0x20, 0x20, 0x88, 0x02, 0x20, 0x20, 0x20, 0x88, 0x02,
  0x20, 0x20, 0x20, 0xd8, 0x01, 0xd8, 0x02, 0xe8, 0x02, 0x90, 0x01, 0x88,
  0x03, 0xd8, 0x05, 0xf0, 0x03, 0xa8, 0x02, 0x88, 0x01, 0xa0, 0x01, 0x80,
  0x03, 0x58, 0xe8, 0x04, 0xc8, 0x02, 0xf0, 0x01, 0x88, 0x01, 0x60, 0x98,
  0x08, 0xd8, 0x01, 0x30, 0x90, 0x02, 0xb0, 0x02, 0xf1, 0x01, 0x88, 0x02,
  0x30, 0xa0, 0x02, 0xa0, 0x03, 0x50, 0xb8, 0x01, 0xb0, 0x01, 0xf8, 0x01,
  0xd8, 0x04, 0x80, 0x02, 0xa8, 0x01, 0x68, 0x89, 0x01, 0xf0, 0x04, 0xe8,
  0x01, 0x58, 0x30, 0x28, 0x40, 0x68, 0x80, 0x06, 0x80, 0x01, 0x40, 0x80,
  0x01, 0x40, 0x70, 0x58, 0x40, 0x40, 0x58, 0xd9, 0x0d, 0x91, 0x04, 0xe9,
  0x01, 0x79, 0x81, 0x04, 0x81, 0x10, 0xb9, 0x0d, 0xe1, 0x05, 0xe9, 0x01,
  0xd9, 0x02, 0x90, 0x07, 0x78, 0xc9, 0x03, 0x39, 0xb1, 0x02, 0xa8, 0x01,
  0x90, 0x01, 0x90, 0x01, 0x90, 0x01, 0x90, 0x01, 0x90, 0x0f, 0x89, 0x2b,
  0x21, 0x11, 0x11, 0xe0, 0x27, 0x10, 0x21, 0x11, 0x11, 0x11, 0x11, 0x11,
  0x11, 0x11, 0x11, 0x11, 0x11, 0x00, 0x00
};
unsigned int BridgeINIT_flt_len = 39055;
